{"url": "https://www.madrid.org/cs/Satellite?c=CM_ConvocaPrestac_FA&cid=1354843224497&definicion=Contratos+Publicos&language=es&op2=PCON&pagename=PortalContratacion%2FPage%2FPCON_contratosPublicos&tipoServicio=CM_ConvocaPrestac_FA", "titulo": "Enajenaci\u00f3n Parcelas uso terciario 12A y 14B del sector de suelo urbanizable SUS A-4 \u201cValdelacasa\u201d de Alcobendas (Madrid)", "status": "Plazo indefinido", "tipo-publicacion": "Tabl\u00f3n de anuncios electr\u00f3nico", "objeto-del-contrato": "Enajenaci\u00f3n parcelas uso terciario 12A y 14B del sector de suelo urbanizable SUS A-4 \u201cValdelacasa\u201d de Alcobendas (Madrid)", "codigo-cpv": "70122110-6", "numero-de-expediente": "EN-2020-01", "referencia": "3748228", "tipo-de-contrato": "Patrimonial", "entidad-adjudicadora": "", "codigo-nuts": "ES300", "procedimiento-adjudicacion": "Abierto", "puntos-de-informacion": "- Obtenci\u00f3n de informaci\u00f3n adicional:", "empresarios-excluidos-publicados-el": "(Publicado el 24 noviembre 2020 18:15)"}