{"url": "https://www.madrid.org/cs/Satellite?c=CM_ConvocaPrestac_FA&cid=1354765230852&definicion=Contratos+Publicos&language=es&op2=PCON&pagename=PortalContratacion%2FPage%2FPCON_contratosPublicos&tipoServicio=CM_ConvocaPrestac_FA", "titulo": "SEGUNDA CONVOCATORIA DEL PROCEDIMIENTO PARA LA ADQUISICI\u00d3N POR LA AGENCIA DE VIVIENDA SOCIAL DE LA COMUNIDAD DE MADRID, MEDIANTE CONCURSO, DE HASTA 158 VIVIENDAS DESTINADAS A INTEGRACI\u00d3N SOCIAL, COFINANCIADA AL 50 POR CIENTO A TRAV\u00c9S DEL FONDO EUROPEO DE DESARROLLO REGIONAL\u201d (Exp.:  EG/2018/0000004788)", "status": "En tramitaci\u00f3n", "tipo-publicacion": "Tabl\u00f3n de anuncios electr\u00f3nico", "objeto-del-contrato": "Segunda convocatoria para la adquisici\u00f3n por la Agencia de Vivienda Social de la Comunidad de Madrid, mediante concurso, de hasta 158 viviendas destinadas a integraci\u00f3n social, cofinanciada al 50 por ciento a trav\u00e9s del Fondo Europeo de Desarrollo Regional", "codigo-cpv": "70123000-9", "numero-de-expediente": "EG/2018/0000004788", "referencia": "2789834", "tipo-de-contrato": "Patrimonial", "entidad-adjudicadora": "", "codigo-nuts": "ES300", "procedimiento-adjudicacion": "Abierto"}