{"url": "https://www.madrid.org/cs/Satellite?c=CM_ConvocaPrestac_FA&cid=1354889619510&definicion=Contratos+Publicos&language=es&op2=PCON&pagename=PortalContratacion%2FPage%2FPCON_contratosPublicos&tipoServicio=CM_ConvocaPrestac_FA", "titulo": "Tabl\u00f3n de anuncios de la Enajenaci\u00f3n directa del solar de uso terciario 12-A del sector de suelo urbanizable SUS A-4, Valdelacasa, del plan general de ordenaci\u00f3n urbana de Alcobendas", "status": "Plazo indefinido", "tipo-publicacion": "Tabl\u00f3n de anuncios electr\u00f3nico", "objeto-del-contrato": "", "numero-de-expediente": "VDC-2021-EN-01", "referencia": "4172695", "tipo-de-contrato": "Patrimonial", "entidad-adjudicadora": "", "codigo-nuts": "ES300", "procedimiento-adjudicacion": "Otros procedimientos", "puntos-de-informacion": "+Obtenci\u00f3n de informaci\u00f3n adicional: Consorcio Urban\u00edstico \u00c1rea Industrial Valdelacasa", "defectos-u-omisiones-de-la-documentacion-publicados-el": "(Publicado el 19 julio 2021 13:00)", "empresarios-excluidos-publicados-el": "(Publicado el 24 septiembre 2021 13:15)"}