{"url": "https://www.madrid.org/cs/Satellite?c=CM_ConvocaPrestac_FA&cid=1354895367841&definicion=Contratos+Publicos&language=es&op2=PCON&pagename=PortalContratacion%2FPage%2FPCON_contratosPublicos&tipoServicio=CM_ConvocaPrestac_FA", "titulo": "Tabl\u00f3n de anuncios de la enajenaci\u00f3n por el Consorcio Urban\u00edstico Los Molinos - Buenavista de una parcela de uso residencial colectivo libre y otra de uso terciario comercial en el \u00e1mbito del Plan Parcial de Ordenaci\u00f3n del Sector PP-02, Los Molinos, del Plan General de Ordenaci\u00f3n Urbana de Getafe (Madrid)", "status": "Plazo indefinido", "tipo-publicacion": "Tabl\u00f3n de anuncios electr\u00f3nico", "objeto-del-contrato": "", "numero-de-expediente": "EN-1-2021", "referencia": "4300951", "tipo-de-contrato": "Patrimonial", "entidad-adjudicadora": "", "codigo-nuts": "ES300", "procedimiento-adjudicacion": "Abierto", "puntos-de-informacion": ""}