{"url": "https://www.madrid.org/cs/Satellite?c=CM_ConvocaPrestac_FA&cid=1354863945438&definicion=Contratos+Publicos&language=es&op2=PCON&pagename=PortalContratacion%2FPage%2FPCON_contratosPublicos&tipoServicio=CM_ConvocaPrestac_FA", "titulo": "Tabl\u00f3n de anjncios Enajenaci\u00f3n 9 parcelas uso industrial", "status": "Plazo indefinido", "tipo-publicacion": "Tabl\u00f3n de anuncios electr\u00f3nico", "objeto-del-contrato": "El contrato tiene por objeto la venta en seis lotes por parte del Consorcio Urban\u00edstico P.P. 1-3 del Plan General de Ordenaci\u00f3n Urbana de Fuenlabrada, abreviadamente El Ba\u00f1uelo, de las parcelas 2.6, 2.7, 2.8, 9.3, 9.4, 9.5, 9.6, 11.13 y 11.14, resultantes del proyecto de reparcelaci\u00f3n del \u00e1mbito del P.P. 1-3 del Plan General de Ordenaci\u00f3n Urbana de Fuenlabrada (Madrid).", "codigo-cpv": "70122110-6", "numero-de-expediente": "EN-01-2019", "referencia": "3932439", "tipo-de-contrato": "Patrimonial", "entidad-adjudicadora": "", "codigo-nuts": "ES300", "procedimiento-adjudicacion": "Abierto", "puntos-de-informacion": "", "defectos-u-omisiones-de-la-documentacion-publicados-el": "(Publicado el 29 enero 2021 19:15)", "empresarios-excluidos-publicados-el": "(Publicado el 03 marzo 2021 09:30)"}