{"url": "https://www.madrid.org/cs/Satellite?c=CM_ConvocaPrestac_FA&cid=1354817617020&definicion=Contratos+Publicos&language=es&op2=PCON&pagename=PortalContratacion%2FPage%2FPCON_contratosPublicos&tipoServicio=CM_ConvocaPrestac_FA", "titulo": "Enajenaci\u00f3n parcelas uso terciario 12A y 14B del sector de suelo urbanizable SUS A-4 \u201cValdelacasa\u201d de Alcobendas (Madrid)", "status": "Plazo indefinido", "tipo-publicacion": "Tabl\u00f3n de anuncios electr\u00f3nico", "numero-de-expediente": "EI-2019-01", "referencia": "3412755", "tipo-de-contrato": "Patrimonial", "entidad-adjudicadora": "", "codigo-nuts": "ES300", "procedimiento-adjudicacion": "Abierto", "puntos-de-informacion": "", "defectos-u-omisiones-de-la-documentacion-publicados-el": "(Publicado el 17 febrero 2020 14:15)", "empresarios-excluidos-publicados-el": "(Publicado el 02 marzo 2020 17:46)"}