{"url": "https://www.madrid.org/cs/Satellite?c=CM_ConvocaPrestac_FA&cid=1354896681150&definicion=Contratos+Publicos&language=es&op2=PCON&pagename=PortalContratacion%2FPage%2FPCON_contratosPublicos&tipoServicio=CM_ConvocaPrestac_FA", "titulo": "Autorizaci\u00f3n ocupaci\u00f3n temporal bienes de dominio p\u00fablico para la instalaci\u00f3n de vallas publicitarias", "status": "En plazo", "tipo-publicacion": "Tabl\u00f3n de anuncios electr\u00f3nico", "objeto-del-contrato": "Autorizaci\u00f3n ocupaci\u00f3n temporal 7 parcelas para la instalaci\u00f3n de vallas publicitarias", "numero-de-expediente": "DG SUELO 4-21", "referencia": "4301206", "tipo-de-contrato": "Patrimonial", "entidad-adjudicadora": "", "codigo-nuts": "ES300", "procedimiento-adjudicacion": "Otros procedimientos", "puntos-de-informacion": "- Obtenci\u00f3n de informaci\u00f3n adicional:", "otras-informaciones-publicadas-el": "(Publicado el 24 septiembre 2021 14:00)"}