{"url": "https://www.madrid.org/cs/Satellite?c=CM_ConvocaPrestac_FA&cid=1354806710004&definicion=Contratos+Publicos&language=es&op2=PCON&pagename=PortalContratacion%2FPage%2FPCON_contratosPublicos&tipoServicio=CM_ConvocaPrestac_FA", "titulo": "21/2019 Contrato de Arrendamiento de Naves industriales y oficinas, integradas en el centro de empresas de La Confecci\u00f3n, situado en el Pol\u00edgono Industrial de La Cantue\u00f1a, Avda. de la Cantue\u00f1a n\u00ba 2 de Fuenlabrada (Madrid) propiedad de Obras de Madrid. Gesti\u00f3n de Obras e Infraestructuras, S.A.", "status": "En tramitaci\u00f3n", "tipo-publicacion": "Tabl\u00f3n de anuncios electr\u00f3nico", "codigo-cpv": "70130000-1", "numero-de-expediente": "21/2019", "referencia": "3349573", "tipo-de-contrato": "Patrimonial", "entidad-adjudicadora": "", "codigo-nuts": "ES300", "procedimiento-adjudicacion": "Abierto", "presupuesto-base-licitacion-(sin-impuestos)": "331.790,4 euros", "duracion-del-contrato": "3 A\u00f1os"}