{"url": "https://www.madrid.org/cs/Satellite?c=CM_ConvocaPrestac_FA&cid=1354895364012&definicion=Contratos+Publicos&language=es&op2=PCON&pagename=PortalContratacion%2FPage%2FPCON_contratosPublicos&tipoServicio=CM_ConvocaPrestac_FA", "titulo": "Tabl\u00f3n de anncios de la enajenaci\u00f3n por el Consorcio Urban\u00edstico Legan\u00e9s Tecnol\u00f3gico de dos solares de uso tecnol\u00f3gico industrial del PP-1 \u201cOeste\u201d del Plan de Sectorizaci\u00f3n Autov\u00eda Toledo Norte del Plan General de Ordenaci\u00f3n Urbana de Legan\u00e9s", "status": "Plazo indefinido", "tipo-publicacion": "Tabl\u00f3n de anuncios electr\u00f3nico", "objeto-del-contrato": "", "numero-de-expediente": "EN-01-2020", "referencia": "4300949", "tipo-de-contrato": "Patrimonial", "entidad-adjudicadora": "", "codigo-nuts": "ES300", "procedimiento-adjudicacion": "Abierto", "puntos-de-informacion": ""}