{"url": "https://www.madrid.org/cs/Satellite?c=CM_ConvocaPrestac_FA&cid=1354871392872&definicion=Contratos+Publicos&language=es&op2=PCON&pagename=PortalContratacion%2FPage%2FPCON_contratosPublicos&tipoServicio=CM_ConvocaPrestac_FA", "titulo": "Tabl\u00f3n de anuncios Enajenaci\u00f3n por el \u201cConsorcio Urban\u00edstico Espartales Norte\u201d de veintiocho solares de uso residencial unifamiliar y uno de uso comercial en el sector de suelo urbanizable 115 A, Espartales Norte, de Alcal\u00e1 de Henares (Madrid)", "status": "Plazo indefinido", "tipo-publicacion": "Tabl\u00f3n de anuncios electr\u00f3nico", "objeto-del-contrato": "El contrato tiene por objeto la venta en veintinueve (29) lotes por parte del \"Consorcio Urban\u00edstico Espartales Norte\", de veintiocho solares de uso residencial unifamiliar y uno de uso comercial resultantes del proyecto de reparcelaci\u00f3n del \u00e1mbito del sector 115A, Espartales Norte, del Plan General de Ordenaci\u00f3n Urbana de Alcal\u00e1 de Henares (Madrid),\u00a0 en las condiciones jur\u00eddicas, t\u00e9cnicas y econ\u00f3micas establecidas en\u00a0el pliego de condiciones particulares.", "numero-de-expediente": "EN-02-2019", "referencia": "4025173", "tipo-de-contrato": "Patrimonial", "entidad-adjudicadora": "", "codigo-nuts": "ES300", "procedimiento-adjudicacion": "Abierto", "puntos-de-informacion": "", "defectos-u-omisiones-de-la-documentacion-publicados-el": "(Publicado el 17 marzo 2021 21:45)", "empresarios-excluidos-publicados-el": "(Publicado el 05 abril 2021 10:01)"}