{"url": "https://www.madrid.org/cs/Satellite?c=CM_ConvocaPrestac_FA&cid=1354901289832&definicion=Contratos+Publicos&language=es&op2=PCON&pagename=PortalContratacion%2FPage%2FPCON_contratosPublicos&tipoServicio=CM_ConvocaPrestac_FA", "titulo": "Tabl\u00f3n de anuncios de la enajenaci\u00f3n por el Consorcio Urban\u00edstico El Ba\u00f1uelo de cinco parcelas de uso industrial y siete de uso terciario, en Fuenlabrada (Madrid)", "status": "Plazo indefinido", "tipo-publicacion": "Tabl\u00f3n de anuncios electr\u00f3nico", "objeto-del-contrato": "El contrato tiene por objeto la venta en siete (7) lotes por parte del Consorcio Urban\u00edstico P.P. I-3 del Plan General de Ordenaci\u00f3n Urbana de Fuenlabrada, abreviadamente El Ba\u00f1uelo, de las parcelas industriales 2.6, 2.7, 2.8, 11.13 y 11.14 y las parcelas terciarias 1.4, 2.9, 3.3, 8.1, 11.10, 11.11 y 11.12, resultantes del proyecto de reparcelaci\u00f3n del \u00e1mbito del sector de suelo urbanizable PPI-3, El Ba\u00f1uelo, del plan general de ordenaci\u00f3n urbana de Fuenlabrada (Madrid), en las condiciones jur\u00eddicas, t\u00e9cnicas y econ\u00f3micas establecidas en este pliego.", "numero-de-expediente": "EN-01-2021", "referencia": "4345466", "tipo-de-contrato": "Patrimonial", "entidad-adjudicadora": "", "codigo-nuts": "ES300", "procedimiento-adjudicacion": "Abierto", "puntos-de-informacion": "", "empresarios-excluidos-publicados-el": "(Publicado el 26 octubre 2021 18:00)"}