{"url": "https://www.madrid.org/cs/Satellite?c=CM_ConvocaPrestac_FA&cid=1354753921332&definicion=Contratos+Publicos&language=es&op2=PCON&pagename=PortalContratacion%2FPage%2FPCON_contratosPublicos&tipoServicio=CM_ConvocaPrestac_FA", "titulo": "Enajenaci\u00f3n, mediante subasta p\u00fablica, de plazas de garaje propiedad de la Agencia de Vivienda Social de la Comunidad de Madrid en el Municipio de Alcal\u00e1 de Henares", "status": "En tramitaci\u00f3n", "tipo-publicacion": "Tabl\u00f3n de anuncios electr\u00f3nico", "objeto-del-contrato": "Enajenaci\u00f3n, mediante subasta p\u00fablica, de plazas de garaje propiedad de la Agencia de Vivienda Social de la Comunidad de Madrid en el Municipio de Alcal\u00e1 de Henares", "referencia": "2787376", "tipo-de-contrato": "Patrimonial", "entidad-adjudicadora": "", "codigo-nuts": "ES300", "procedimiento-adjudicacion": "Abierto"}