{"url": "https://www.madrid.org/cs/Satellite?c=CM_ConvocaPrestac_FA&cid=1354886608566&definicion=Contratos+Publicos&language=es&op2=PCON&pagename=PortalContratacion%2FPage%2FPCON_contratosPublicos&tipoServicio=CM_ConvocaPrestac_FA", "titulo": "Tabl\u00f3n de anuncios de la Enajenaci\u00f3n por el \u201cConsorcio Urban\u00edstico M\u00f3stoles Sur\u201d de trece solares de uso residencial unifamiliar libre en el \u00e1mbito del PAU-4, M\u00f3stoles Sur, de M\u00f3stoles (Madrid)", "status": "Plazo indefinido", "tipo-publicacion": "Tabl\u00f3n de anuncios electr\u00f3nico", "objeto-del-contrato": "El contrato tiene por objeto la venta de trece (13) lotes por parte del \u201cConsorcio Urban\u00edstico M\u00f3stoles Sur\u201d, de los solares de uso residencial unifamiliar libre FR197A,", "numero-de-expediente": "EN-01-2020", "referencia": "4149396", "tipo-de-contrato": "Patrimonial", "entidad-adjudicadora": "", "codigo-nuts": "ES300", "procedimiento-adjudicacion": "Abierto", "puntos-de-informacion": "", "defectos-u-omisiones-de-la-documentacion-publicados-el": "(Publicado el 05 julio 2021 19:15)", "empresarios-excluidos-publicados-el": "(Publicado el 16 julio 2021 16:45)"}