{"url": "https://www.madrid.org/cs/Satellite?c=CM_ConvocaPrestac_FA&cid=1354847964831&definicion=Contratos+Publicos&language=es&op2=PCON&pagename=PortalContratacion%2FPage%2FPCON_contratosPublicos&tipoServicio=CM_ConvocaPrestac_FA", "titulo": "Tabl\u00f3n de Anuncios, Enajenaci\u00f3n, mediante concurso p\u00fablico, de la parcela \u201cn\u201d del Pol\u00edgono Industrial de Villaverde, sita en la Calle San Dalmacio, n\u00ba 17 de Madrid", "status": "Plazo indefinido", "tipo-publicacion": "Tabl\u00f3n de anuncios electr\u00f3nico", "objeto-del-contrato": "", "numero-de-expediente": "EI-2020-01", "referencia": "3769980", "tipo-de-contrato": "Patrimonial", "entidad-adjudicadora": "", "codigo-nuts": "ES300", "procedimiento-adjudicacion": "Abierto", "puntos-de-informacion": "", "empresarios-excluidos-publicados-el": "(Publicado el 01 octubre 2020 11:15)"}