{"url": "https://www.madrid.org/cs/Satellite?c=CM_ConvocaPrestac_FA&cid=1354756216311&definicion=Contratos+Publicos&language=es&op2=PCON&pagename=PortalContratacion%2FPage%2FPCON_contratosPublicos&tipoServicio=CM_ConvocaPrestac_FA", "titulo": "Adquisici\u00f3n por la Agencia de Vivienda Social de la Comunidad de Madrid, mediante concurso, de hasta 158 viviendas destinadas a integraci\u00f3n social, cofinanciada al 50 por ciento a trav\u00e9s del Fondo Europeo de Desarrollo Regional", "status": "Plazo indefinido", "tipo-publicacion": "Tabl\u00f3n de anuncios electr\u00f3nico", "objeto-del-contrato": "Adquisici\u00f3n por la Agencia de Vivienda Social de la Comunidad de Madrid, mediante concurso, de hasta 158 viviendas destinadas a integraci\u00f3n social, cofinanciada al 50 por ciento a trav\u00e9s del Fondo Europeo de Desarrollo Regional", "codigo-cpv": "70123000-9", "numero-de-expediente": "EG/2018/0000004788", "referencia": "2787816", "tipo-de-contrato": "Patrimonial", "entidad-adjudicadora": "", "codigo-nuts": "ES300", "procedimiento-adjudicacion": "Abierto", "defectos-u-omisiones-de-la-documentacion-publicados-el": "(Publicado el 28 enero 2019 08:33)", "otras-informaciones-publicadas-el": "(Publicado el 11 febrero 2019 08:30)"}