{"url": "https://www.madrid.org/cs/Satellite?c=CM_ConvocaPrestac_FA&cid=1354788210447&definicion=Contratos+Publicos&language=es&op2=PCON&pagename=PortalContratacion%2FPage%2FPCON_contratosPublicos&tipoServicio=CM_ConvocaPrestac_FA", "titulo": "Explotaci\u00f3n del servicio de cafeter\u00eda y comedor en los Centros de Mayores Los C\u00e1rmenes y San Ferm\u00edn adscritos a la Agencia Madrile\u00f1a de Atenci\u00f3n Social (2 lotes)", "status": "Plazo indefinido", "tipo-publicacion": "Tabl\u00f3n de anuncios electr\u00f3nico", "objeto-del-contrato": "Explotaci\u00f3n del servicio de cafeter\u00eda y comedor en los Centros de Mayores Los C\u00e1rmenes y San Ferm\u00edn adscritos a la Agencia Madrile\u00f1a de Atenci\u00f3n Social (2 lotes)", "codigo-cpv": "55330000-2", "numero-de-expediente": "A/ESP-015632/2019", "referencia": "3234566", "tipo-de-contrato": "Administrativos Especiales", "entidad-adjudicadora": "", "codigo-nuts": "ES300", "procedimiento-adjudicacion": "Abierto", "defectos-u-omisiones-de-la-documentacion-publicados-el": "(Publicado el 10 septiembre 2019 14:31)", "empresarios-excluidos-publicados-el": "(Publicado el 23 agosto 2019 12:56)"}