{"url": "https://www.madrid.org/cs/Satellite?c=CM_ConvocaPrestac_FA&cid=1354798892455&definicion=Contratos+Publicos&language=es&op2=PCON&pagename=PortalContratacion%2FPage%2FPCON_contratosPublicos&tipoServicio=CM_ConvocaPrestac_FA", "titulo": "Contrato Administrativo Especial para la explotaci\u00f3n de un espacio de quiosco reservado a la venta de productos que comercializa la Organizaci\u00f3n Nacional de ciegos en el Hospital Universitario 12 de Octubre", "status": "Plazo indefinido", "tipo-publicacion": "Tabl\u00f3n de anuncios electr\u00f3nico", "objeto-del-contrato": "Contrato Administrativo Especial para la explotaci\u00f3n de un espacio de quiosco reservado a la venta de productos que comercializa la Organizaci\u00f3n Nacional de ciegos en el Hospital Universitario 12 de Octubre", "compra-publica-innovadora": "No", "numero-de-expediente": "2019-0-162", "referencia": "3260030", "tipo-de-contrato": "Administrativos Especiales", "entidad-adjudicadora": "", "codigo-nuts": "ES300", "procedimiento-adjudicacion": "Abierto", "puntos-de-informacion": ""}