{"url": "https://www.madrid.org/cs/Satellite?c=CM_ConvocaPrestac_FA&cid=1354744061012&definicion=Contratos+Publicos&language=es&op2=PCON&pagename=PortalContratacion%2FPage%2FPCON_contratosPublicos&tipoServicio=CM_ConvocaPrestac_FA", "titulo": "Explotaci\u00f3n del servicio de cafeter\u00eda y comedor en cuatro Residencias de Mayores adscritas a la Agencia Madrile\u00f1a de Atenci\u00f3n Social (4 lotes)", "status": "En tramitaci\u00f3n", "tipo-publicacion": "Tabl\u00f3n de anuncios electr\u00f3nico", "objeto-del-contrato": "Explotaci\u00f3n del servicio de cafeter\u00eda y comedor en cuatro Residencias de Mayores adscritas a la Agencia Madrile\u00f1a de Atenci\u00f3n Social (4 lotes)", "numero-de-expediente": "A/ESP-015488/2018", "referencia": "2655470", "tipo-de-contrato": "Administrativos Especiales", "entidad-adjudicadora": "", "codigo-nuts": "ES300", "defectos-u-omisiones-de-la-documentacion-publicados-el": "(Publicado el 21 diciembre 2018 12:30)", "empresarios-excluidos-publicados-el": "(Publicado el 14 noviembre 2018 18:07)", "ofertas-anormales-o-desproporcionadas-publicadas-el": "(Publicado el 14 noviembre 2018 10:03)"}