{"url": "https://www.madrid.org/cs/Satellite?c=CM_ConvocaPrestac_FA&cid=1354782109360&definicion=Contratos+Publicos&language=es&op2=PCON&pagename=PortalContratacion%2FPage%2FPCON_contratosPublicos&tipoServicio=CM_ConvocaPrestac_FA", "titulo": "Explotaci\u00f3n del servicio de cafeter\u00eda y comedor en cuatro Residencias de Mayores adscritas a la Agencia Madrile\u00f1a de Atenci\u00f3n Social  (4 lotes)", "status": "Plazo indefinido", "tipo-publicacion": "Tabl\u00f3n de anuncios electr\u00f3nico", "objeto-del-contrato": "Explotaci\u00f3n del servicio de cafeter\u00eda y comedor en cuatro Residencias de Mayores adscritas a la Agencia Madrile\u00f1a de Atenci\u00f3n Social (4 lotes)", "codigo-cpv": "55330000-2", "numero-de-expediente": "A/ESP-011468/2019", "referencia": "3150164", "tipo-de-contrato": "Administrativos Especiales", "entidad-adjudicadora": "", "codigo-nuts": "ES300", "procedimiento-adjudicacion": "Abierto", "presupuesto-base-licitacion-(sin-impuestos)": "0 euros", "duracion-del-contrato": "24 Meses", "defectos-u-omisiones-de-la-documentacion-publicados-el": "(Publicado el 09 septiembre 2019 09:30)", "empresarios-excluidos-publicados-el": "(Publicado el 18 julio 2019 14:01)"}