{"url": "https://www.madrid.org/cs/Satellite?c=CM_ConvocaPrestac_FA&cid=1354741883309&definicion=Contratos+Publicos&language=es&op2=PCON&pagename=PortalContratacion%2FPage%2FPCON_contratosPublicos&tipoServicio=CM_ConvocaPrestac_FA", "titulo": "Servicio de cafeter\u00eda y comedor en 4 Centros de Mayores adscritos a la Agenci Madrile\u00f1a de Atenci\u00f3n Social (4 lotes)", "status": "En tramitaci\u00f3n", "tipo-publicacion": "Tabl\u00f3n de anuncios electr\u00f3nico", "objeto-del-contrato": "Servicio de cafeter\u00eda y comedor en 4 Centros de Mayores\u00a0M\u00f3stoles, Ricardo de\u00a0la Vega,\u00a0Villalba y Villaverde Bajo\u00a0adscritos a la Agencia Madrile\u00f1a de Atenci\u00f3n Social (4 lotes)", "numero-de-expediente": "A/ESP-015074/2018", "referencia": "2655069", "tipo-de-contrato": "Administrativos Especiales", "entidad-adjudicadora": "", "codigo-nuts": "ES300", "procedimiento-adjudicacion": "Abierto", "defectos-u-omisiones-de-la-documentacion-publicados-el": "(Publicado el 23 octubre 2018 14:30)", "empresarios-excluidos-publicados-el": "(Publicado el 26 octubre 2018 13:31)", "ofertas-anormales-o-desproporcionadas-publicadas-el": "(Publicado el 29 octubre 2018 13:00)"}