{
    "codigo-cpv": "71000000-8, 71317200-5",
    "codigo-nuts": "ES300",
    "defectos-u-omisiones-de-la-documentacion-publicados-el": "(Publicado el 06 junio 2019 13:00)",
    "duracion-del-contrato": "7 Meses",
    "entidad-adjudicadora": "",
    "numero-de-expediente": "CA/0811.083.12/02/S y CA/0811.083.12/03/S",
    "presupuesto-base-licitacion-(sin-impuestos)": "6.332,11 euros",
    "procedimiento-adjudicacion": "Abierto simplificado",
    "referencia": "3139036",
    "status": "En tramitaci\u00f3n",
    "tipo-de-contrato": "Administrativos Especiales",
    "tipo-publicacion": "Tabl\u00f3n de anuncios electr\u00f3nico",
    "titulo": "Direcci\u00f3n Facultativa (Lote 1) y Coordinaci\u00f3n de Seguridad y Salud (Lote 2) de las obras de Acondicionamiento de Viario II: Acondicionamiento de las Calles Vicente Aleixandre y traves\u00eda fuente del Cura en Miraflores de la Sierra (Madrid",
    "url": "https://www.madrid.org/cs/Satellite?c=CM_ConvocaPrestac_FA&cid=1354776803870&definicion=Contratos+Publicos&language=es&op2=PCON&pagename=PortalContratacion%2FPage%2FPCON_contratosPublicos&tipoServicio=CM_ConvocaPrestac_FA"
}
