{"url": "https://www.madrid.org/cs/Satellite?c=CM_ConvocaPrestac_FA&cid=1354814070934&definicion=Contratos+Publicos&language=es&op2=PCON&pagename=PortalContratacion%2FPage%2FPCON_contratosPublicos&tipoServicio=CM_ConvocaPrestac_FA", "titulo": "Contrato Administrativo Especial para la Instalaci\u00f3n y Explotaci\u00f3n de M\u00e1quinas Expendedoras de Bebidas y S\u00f3lidos Alimentarios en el Hospital Universitario de Getafe.", "status": "Plazo indefinido", "tipo-publicacion": "Tabl\u00f3n de anuncios electr\u00f3nico", "objeto-del-contrato": "Contrato Administrativo Especial para la Instalaci\u00f3n y Explotaci\u00f3n de M\u00e1quinas Expendedoras de Bebidas y S\u00f3lidos Alimentarios", "numero-de-expediente": "EXP PAPC 2020-8-2", "referencia": "3411952", "tipo-de-contrato": "Administrativos Especiales", "entidad-adjudicadora": "", "codigo-nuts": "ES300", "procedimiento-adjudicacion": "Abierto", "empresarios-excluidos-publicados-el": "(Publicado el 12 febrero 2020 11:02)"}