{"url": "https://www.madrid.org/cs/Satellite?c=CM_ConvocaPrestac_FA&cid=1354895651948&definicion=Contratos+Publicos&language=es&op2=PCON&pagename=PortalContratacion%2FPage%2FPCON_contratosPublicos&tipoServicio=CM_ConvocaPrestac_FA", "titulo": "Seguro de responsabilidad civil de la Agencia Madrile\u00f1a de Atenci\u00f3n Social", "status": "Plazo indefinido", "tipo-publicacion": "Tabl\u00f3n de anuncios electr\u00f3nico", "objeto-del-contrato": "Seguro de responsabilidad civil de la Agencia Madrile\u00f1a de Atenci\u00f3n Social", "codigo-cpv": "66516000-0", "compra-publica-innovadora": "No", "numero-de-expediente": "P/SER-027662/2021", "referencia": "4301005", "tipo-de-contrato": "Otros", "entidad-adjudicadora": "", "codigo-nuts": "ES300", "procedimiento-adjudicacion": "Abierto", "defectos-u-omisiones-de-la-documentacion-publicados-el": "(Publicado el 14 septiembre 2021 14:20)", "empresarios-excluidos-publicados-el": "(Publicado el 22 septiembre 2021 09:00)"}