{"url": "https://www.madrid.org/cs/Satellite?c=CM_ConvocaPrestac_FA&cid=1354900232037&definicion=Contratos+Publicos&language=es&op2=PCON&pagename=PortalContratacion%2FPage%2FPCON_contratosPublicos&tipoServicio=CM_ConvocaPrestac_FA", "titulo": "P.A. 39/2021 suministro, implantaci\u00f3n y mantenimiento de un sistema de Informaci\u00f3n Departamental para diferentes unidades asistenciales del Hospital Infantil", "status": "En tramitaci\u00f3n", "tipo-publicacion": "Tabl\u00f3n de anuncios electr\u00f3nico", "objeto-del-contrato": "Suministro, implantaci\u00f3n y mantenimiento de un sistema de Informaci\u00f3n Departamental para diferentes unidades asistenciales del Hospital Infantil", "codigo-cpv": "48814000-7, 72267000-4", "numero-de-expediente": "P.A. 39/2021", "referencia": "4330409", "tipo-de-contrato": "Otros", "entidad-adjudicadora": "", "codigo-nuts": "ES300", "procedimiento-adjudicacion": "Abierto", "presupuesto-base-licitacion-(sin-impuestos)": "991.260 euros", "duracion-del-contrato": "36 Meses"}