{"url": "https://www.madrid.org/cs/Satellite?c=CM_ConvocaPrestac_FA&cid=1354733223301&definicion=Contratos+Publicos&language=es&op2=PCON&pagename=PortalContratacion%2FPage%2FPCON_contratosPublicos&tipoServicio=CM_ConvocaPrestac_FA", "titulo": "Obras de reforma de instalaci\u00f3n de sala de calderas en el Centro Ocupacional Juan de Austria", "status": "Plazo indefinido", "tipo-publicacion": "Tabl\u00f3n de anuncios electr\u00f3nico", "objeto-del-contrato": "Obras de reforma de instalaci\u00f3n de sala de calderas en el Centro Ocupacional Juan de Austria", "numero-de-expediente": "A/OBR-011044/2018", "referencia": "2653341", "tipo-de-contrato": "Obras", "entidad-adjudicadora": "", "codigo-nuts": "ES300", "procedimiento-adjudicacion": "Abierto simplificado", "empresarios-excluidos-publicados-el": "(Publicado el 10 septiembre 2018 13:00)", "ofertas-anormales-o-desproporcionadas-publicadas-el": "(Publicado el 10 septiembre 2018 13:00)"}