{"url": "https://www.madrid.org/cs/Satellite?c=CM_ConvocaPrestac_FA&cid=1354760920661&definicion=Contratos+Publicos&language=es&op2=PCON&pagename=PortalContratacion%2FPage%2FPCON_contratosPublicos&tipoServicio=CM_ConvocaPrestac_FA", "titulo": "Acondicionamiento de Viario I (Calles Pe\u00f1as Altas, Pe\u00f1as Bajas y Travas\u00eda de Prado Gallo) en Miraflores de la Sierra (Madrid)", "status": "En tramitaci\u00f3n", "tipo-publicacion": "Tabl\u00f3n de anuncios electr\u00f3nico", "objeto-del-contrato": "* Descripcion: Obras de Acondicionamiento de Viario I en calles Pe\u00f1as Altas, Pe\u00f1as Bajas y Traves\u00eda de prado Gallo en el municipio de Miraflores de la Sierra (Madrid) a adjudicar por procedimiento abierto simplificado con pluralidad de criterios.\n*Division de Lotes: no admite.\n*Plazo de ejecucion: 6 meses", "codigo-cpv": "45233140-2", "numero-de-expediente": "CA/0811.083.10/01/O", "referencia": "2788962", "tipo-de-contrato": "Obras", "entidad-adjudicadora": "", "codigo-nuts": "ES300", "procedimiento-adjudicacion": "Abierto simplificado", "presupuesto-base-licitacion-(sin-impuestos)": "296.006,33 euros", "duracion-del-contrato": "6 Meses", "puntos-de-informacion": "*Entidad adjudicadora: Obras de Madrid. Gesti\u00f3n de Obras e Infraestructuras, S.A. CIF A79932927 - calle Alcal\u00e1, 21 - 4\u00aa planta - 28014 Madrid - Tel. 915240436; Fax. 915770150 - correos electr\u00f3nicos: icuesta@obrasdemadrid.com y p.rubio@obrasdemadrid.com (consultas t\u00e9cnicas) y md.nogal@obrasdemadrid.com (consultas administrativas\n*Documentaci\u00f3n: Perfil del contratante http:/www.madrid.org/contratospublicos; Copias Prado: Tel.915753415;\n*Presentaci\u00f3n de ofertas: hasta el 11 de marzo de 2019 a las 14:00 hs. en Calle Alcal\u00e1, 21 - 1\u00aa planta - 28014 Madrid\n*Apertura de ofertas: La fecha y hora se har\u00e1 p\u00fablica en el Portal de la Contrataci\u00f3n P\u00fablica, Perfil de Contratante con una antelaci\u00f3n m\u00ednima de siete d\u00edas naturales. Calle Alcal\u00e1, 21 - 4\u00aa planta - 28014 Madrid"}