{"url": "https://www.madrid.org/cs/Satellite?c=CM_ConvocaPrestac_FA&cid=1354779614598&definicion=Contratos+Publicos&language=es&op2=PCON&pagename=PortalContratacion%2FPage%2FPCON_contratosPublicos&tipoServicio=CM_ConvocaPrestac_FA", "titulo": "Acuerdo Marco para la contrataci\u00f3n por lotes, Zonas Este y Oeste, de las obras de reforma, reparaci\u00f3n y conservaci\u00f3n en viviendas, locales, garajes, edificios y solares integrantes del patrimonio de la Agencia de Vivienda Social de la Comunidad de Madrid.", "status": "Plazo indefinido", "tipo-publicacion": "Tabl\u00f3n de anuncios electr\u00f3nico", "objeto-del-contrato": "Acuerdo Marco para la contrataci\u00f3n por lotes, Zonas Este y Oeste, de las obras de reforma, reparaci\u00f3n y conservaci\u00f3n en viviendas, locales, garajes, edificios y solares integrantes del patrimonio de la Agencia de Vivienda Social de la Comunidad de Madrid.", "numero-de-expediente": "A/OBR-007976/2019", "referencia": "3146308", "tipo-de-contrato": "Obras", "entidad-adjudicadora": "", "codigo-nuts": "ES300", "defectos-u-omisiones-de-la-documentacion-publicados-el": "(Publicado el 11 septiembre 2019 14:30)"}