{"url": "https://www.madrid.org/cs/Satellite?c=CM_ConvocaPrestac_FA&cid=1354805872204&definicion=Contratos+Publicos&language=es&op2=PCON&pagename=PortalContratacion%2FPage%2FPCON_contratosPublicos&tipoServicio=CM_ConvocaPrestac_FA", "titulo": "Obras de subsanaci\u00f3n de deficiencias en la Residencia Infantil Vallehermoso", "status": "Plazo indefinido", "tipo-publicacion": "Tabl\u00f3n de anuncios electr\u00f3nico", "codigo-cpv": "45000000-7", "numero-de-expediente": "A/OBR-013625/2019", "referencia": "3306592", "tipo-de-contrato": "Obras", "entidad-adjudicadora": "", "codigo-nuts": "ES300", "procedimiento-adjudicacion": "Abierto simplificado", "presupuesto-base-licitacion-(sin-impuestos)": "356.215,42 euros", "duracion-del-contrato": "6 Meses", "defectos-u-omisiones-de-la-documentacion-publicados-el": "(Publicado el 20 noviembre 2019 14:00)", "empresarios-excluidos-publicados-el": "(Publicado el 29 noviembre 2019 13:01)", "ofertas-anormales-o-desproporcionadas-publicadas-el": "(Publicado el 29 noviembre 2019 13:01)"}