{"url": "https://www.madrid.org/cs/Satellite?c=CM_ConvocaPrestac_FA&cid=1354886467827&definicion=Contratos+Publicos&language=es&op2=PCON&pagename=PortalContratacion%2FPage%2FPCON_contratosPublicos&tipoServicio=CM_ConvocaPrestac_FA", "titulo": "Obras de explanaci\u00f3n para la futura ampliaci\u00f3n de la base log\u00edstica de v\u00eda en el dep\u00f3sito de Cuatro Vientos de Metro de Madrid", "status": "En tramitaci\u00f3n", "tipo-publicacion": "Tabl\u00f3n de anuncios electr\u00f3nico", "objeto-del-contrato": "Obras de explanaci\u00f3n para la futura ampliaci\u00f3n de la base log\u00edstica de v\u00eda en el dep\u00f3sito de Cuatro Vientos de Metro de Madrid", "codigo-cpv": "45000000-7", "compra-publica-innovadora": "No", "numero-de-expediente": "6012100134", "referencia": "4149379", "tipo-de-contrato": "Obras", "entidad-adjudicadora": "", "codigo-nuts": "ES300", "procedimiento-adjudicacion": "Abierto simplificado", "defectos-u-omisiones-de-la-documentacion-publicados-el": "(Publicado el 10 agosto 2021 12:15)", "empresarios-excluidos-publicados-el": "(Publicado el 13 agosto 2021 13:00)", "ofertas-anormales-o-desproporcionadas-publicadas-el": "(Publicado el 08 septiembre 2021 13:30)"}