{"url": "https://www.madrid.org/cs/Satellite?c=CM_ConvocaPrestac_FA&cid=1354705329288&definicion=Contratos+Publicos&language=es&op2=PCON&pagename=PortalContratacion%2FPage%2FPCON_contratosPublicos&tipoServicio=CM_ConvocaPrestac_FA", "titulo": "Renovaci\u00f3n de pavimentos en las sedes judiciales sitas en la calle Juli\u00e1n Camarillo, n\u00famero 11; calle Poeta Joan Maragall, n\u00famero 53, y avenida de la Instituci\u00f3n Libre de Ense\u00f1anza, n\u00famero 37B, de Madrid", "status": "En tramitaci\u00f3n", "tipo-publicacion": "Tabl\u00f3n de anuncios electr\u00f3nico", "objeto-del-contrato": "Renovaci\u00f3n de pavimentos en las sedes judiciales sitas en la calle Juli\u00e1n Camarillo, n\u00famero 11; calle Poeta Joan Maragall, n\u00famero 53, y avenida de la Instituci\u00f3n Libre de Ense\u00f1anza, n\u00famero 37B, de Madrid.", "codigo-cpv": "45430000-0", "compra-publica-innovadora": "No", "numero-de-expediente": "A/OBR-000874/2018", "referencia": "2182858", "tipo-de-contrato": "Obras", "entidad-adjudicadora": "", "codigo-nuts": "ES300", "procedimiento-adjudicacion": "Abierto", "duracion-del-contrato": "4 Meses", "puntos-de-informacion": "", "defectos-u-omisiones-de-la-documentacion-publicados-el": "(Publicado el 06 abril 2018 13:00)", "ofertas-anormales-o-desproporcionadas-publicadas-el": "(Publicado el 13 abril 2018 13:06)"}