{"url": "https://www.madrid.org/cs/Satellite?c=CM_ConvocaPrestac_FA&cid=1354846655495&definicion=Contratos+Publicos&language=es&op2=PCON&pagename=PortalContratacion%2FPage%2FPCON_contratosPublicos&tipoServicio=CM_ConvocaPrestac_FA", "titulo": "Contrato de emergencia edificio auxiliar Centro Emergencias 112", "status": "Plazo indefinido", "estado-de-la-licitacion": "Abierto", "tipo-resolucion": "Formalizado", "tipo-publicacion": "Contratos adjudicados por procedimientos sin publicidad", "objeto-del-contrato": "Contrataci\u00f3n de las obras para la construcci\u00f3n de un edificio auxiliar en el Centro de Emergencias 112 ante posibles emergencias provocadas por COVID 19", "codigo-cpv": "45216125-6", "numero-de-expediente": "A/OBR-026210/2020", "referencia": "3748972", "tipo-de-contrato": "Obras", "entidad-adjudicadora": "", "codigo-nuts": "ES300", "procedimiento-adjudicacion": "Otros procedimientos: tramitaci\u00f3n de emergencia", "valor-estimado-sin-i.v.a": "1.277.000 euros", "presupuesto-base-licitacion-(sin-impuestos)": "1.277.000 euros", "presupuesto-base-licitacion.-importe-total": "1.545.170 euros", "duracion-del-contrato": "5 Meses", "puntos-de-informacion": "", "adjudicacion-del-contrato-publicada-el": "31 julio 2020", "formalizacion-del-contrato-publicada-el": "31 julio 2020"}