{"url": "https://www.madrid.org/cs/Satellite?c=CM_ConvocaPrestac_FA&cid=1354834022547&definicion=Contratos+Publicos&language=es&op2=PCON&pagename=PortalContratacion%2FPage%2FPCON_contratosPublicos&tipoServicio=CM_ConvocaPrestac_FA", "titulo": "17/2020 Obras de reparaci\u00f3n necesarias para garantizar la seguridad estructural de los elementos de la fachada del Edificio situado en la Calle Alcal\u00e1 n\u00ba 31 de Madrid, propiedad de OBRAS DE MADRID. Gesti\u00f3n de obras e infraestructuras, S.A.", "status": "En tramitaci\u00f3n", "tipo-publicacion": "Tabl\u00f3n de anuncios electr\u00f3nico", "objeto-del-contrato": "La ejecuci\u00f3n de las obras de reparaci\u00f3n necesarias para garantizar la seguridad estructural de los elementos de la fachada del Edificio situado en la Calle Alcal\u00e1 N\u00ba 31 de Madrid, propiedad de OBRAS DE MADRID. Gesti\u00f3n de obras e infraestructuras, S.A.", "codigo-cpv": "45212350-4", "numero-de-expediente": "17/2020", "referencia": "3617430", "tipo-de-contrato": "Obras", "entidad-adjudicadora": "", "codigo-nuts": "ES300", "procedimiento-adjudicacion": "Abierto simplificado", "presupuesto-base-licitacion-(sin-impuestos)": "39.388,85 euros", "duracion-del-contrato": "3 Meses", "ofertas-anormales-o-desproporcionadas-publicadas-el": "(Publicado el 26 junio 2020 15:00)"}