{"url": "https://www.madrid.org/cs/Satellite?c=CM_ConvocaPrestac_FA&cid=1354729388504&definicion=Contratos+Publicos&language=es&op2=PCON&pagename=PortalContratacion%2FPage%2FPCON_contratosPublicos&tipoServicio=CM_ConvocaPrestac_FA", "titulo": "Obras de reforma de la instalaci\u00f3n de climatizaci\u00f3n del Servicio de Radioterapia del Hospital U. de la Princesa", "status": "En tramitaci\u00f3n", "tipo-publicacion": "Tabl\u00f3n de anuncios electr\u00f3nico", "objeto-del-contrato": "Obras para la reforma de la instalaci\u00f3n de climatizaci\u00f3n\u00a0del Servicio de Radioterapia del Hospital Universitario de la Princesa", "codigo-cpv": "45300000-0", "numero-de-expediente": "P.A. 35/2018 HUP", "referencia": "2652577", "tipo-de-contrato": "Obras", "entidad-adjudicadora": "", "codigo-nuts": "ES300", "procedimiento-adjudicacion": "Abierto simplificado", "presupuesto-base-licitacion-(sin-impuestos)": "162.214,28 euros", "duracion-del-contrato": "3 Meses", "puntos-de-informacion": "", "empresarios-excluidos-publicados-el": "(Publicado el 07 septiembre 2018 14:01)"}