{"url": "https://www.madrid.org/cs/Satellite?c=CM_ConvocaPrestac_FA&cid=1354794968008&definicion=Contratos+Publicos&language=es&op2=PCON&pagename=PortalContratacion%2FPage%2FPCON_contratosPublicos&tipoServicio=CM_ConvocaPrestac_FA", "titulo": "Obras de rehabilitaci\u00f3n integral para la adaptaci\u00f3n de plazas de mayores dependientes en el m\u00f3dulo 1-D de la Residencia de Mayores \"Gran Residencia\"", "status": "Plazo indefinido", "tipo-publicacion": "Tabl\u00f3n de anuncios electr\u00f3nico", "objeto-del-contrato": "Obras de rehabilitaci\u00f3n integral para la adaptaci\u00f3n de plazas de mayores dependientes en el m\u00f3dulo 1-D de la Residencia de Mayores \"Gran Residencia\"", "codigo-cpv": "45000000-7", "numero-de-expediente": "A/OBR-022258/2018", "referencia": "3259200", "tipo-de-contrato": "Obras", "entidad-adjudicadora": "", "codigo-nuts": "ES300", "procedimiento-adjudicacion": "Abierto simplificado", "defectos-u-omisiones-de-la-documentacion-publicados-el": "(Publicado el 16 septiembre 2019 14:00)", "ofertas-anormales-o-desproporcionadas-publicadas-el": "(Publicado el 08 noviembre 2019 13:01)"}