{"url": "https://www.madrid.org/cs/Satellite?c=CM_ConvocaPrestac_FA&cid=1354739954921&definicion=Contratos+Publicos&language=es&op2=PCON&pagename=PortalContratacion%2FPage%2FPCON_contratosPublicos&tipoServicio=CM_ConvocaPrestac_FA", "titulo": "Obras de reforma del Centro de transformaci\u00f3n ( instalaci\u00f3n de cabinas media y alta tensi\u00f3n)  del Hospital U. de la Princesa", "status": "En tramitaci\u00f3n", "tipo-publicacion": "Tabl\u00f3n de anuncios electr\u00f3nico", "objeto-del-contrato": "Obras de reforma del Centro de transformaci\u00f3n (instalaci\u00f3n cabinas media y alta tensi\u00f3n) del Hospital Universitario de la Princesa", "codigo-cpv": "45310000-3", "numero-de-expediente": "P.A. 44/2018 HUP", "referencia": "2654864", "tipo-de-contrato": "Obras", "entidad-adjudicadora": "", "codigo-nuts": "ES300", "procedimiento-adjudicacion": "Abierto simplificado", "presupuesto-base-licitacion-(sin-impuestos)": "185.486,61 euros", "duracion-del-contrato": "2 Meses", "puntos-de-informacion": "", "defectos-u-omisiones-de-la-documentacion-publicados-el": "(Publicado el 16 noviembre 2018 14:31)"}