{"url": "https://www.madrid.org/cs/Satellite?c=CM_ConvocaPrestac_FA&cid=1354781535003&definicion=Contratos+Publicos&language=es&op2=PCON&pagename=PortalContratacion%2FPage%2FPCON_contratosPublicos&tipoServicio=CM_ConvocaPrestac_FA", "titulo": "Acuerdo Marco para la contrataci\u00f3n obras de reforma y reparaci\u00f3n en viviendas de edificios de nueva adquisici\u00f3n que se integrar\u00e1n en el patrimonio de la Agencia de Vivienda social de lam Comunidad de madrid, 2019", "status": "Plazo indefinido", "tipo-publicacion": "Tabl\u00f3n de anuncios electr\u00f3nico", "numero-de-expediente": "A/OBR-014399/2019", "referencia": "3149799", "tipo-de-contrato": "Obras", "entidad-adjudicadora": "", "codigo-nuts": "ES300", "procedimiento-adjudicacion": "Abierto", "defectos-u-omisiones-de-la-documentacion-publicados-el": "(Publicado el 26 septiembre 2019 11:45)"}