{"url": "https://www.madrid.org/cs/Satellite?c=CM_ConvocaPrestac_FA&cid=1354883777197&definicion=Contratos+Publicos&language=es&op2=PCON&pagename=PortalContratacion%2FPage%2FPCON_contratosPublicos&tipoServicio=CM_ConvocaPrestac_FA", "titulo": "OBRAS DE FINALIZACI\u00d3N DE LA REMODELACI\u00d3N DEL ENLACE DE LA CARRETERA M-607 CON LA CARRETERA M-616 (MADRID)", "status": "Plazo indefinido", "tipo-publicacion": "Tabl\u00f3n de anuncios electr\u00f3nico", "objeto-del-contrato": "OBRAS DE FINALIZACI\u00d3N DE LA REMODELACI\u00d3N DEL ENLACE DE LA CARRETERA M-607 CON LA CARRETERA M-616 (MADRID)", "numero-de-expediente": "A/OBR-001493/2021", "referencia": "4145353", "tipo-de-contrato": "Obras", "entidad-adjudicadora": "", "codigo-nuts": "ES300", "procedimiento-adjudicacion": "Abierto simplificado", "defectos-u-omisiones-de-la-documentacion-publicados-el": "(Publicado el 15 julio 2021 11:16)", "ofertas-anormales-o-desproporcionadas-publicadas-el": "(Publicado el 15 julio 2021 11:30)"}