{"url": "https://www.madrid.org/cs/Satellite?c=CM_ConvocaPrestac_FA&cid=1354775433705&definicion=Contratos+Publicos&language=es&op2=PCON&pagename=PortalContratacion%2FPage%2FPCON_contratosPublicos&tipoServicio=CM_ConvocaPrestac_FA", "titulo": "Ampliaci\u00f3n de 3 aulas de infantil, 6 aulas de primaria, aulas de desdoble, sala polivalente y ampliaci\u00f3n de cocina en el CEIP Antonio Font\u00e1n de Madrid", "status": "Plazo indefinido", "estado-de-la-licitacion": "Abierto", "tipo-resolucion": "Formalizado", "tipo-publicacion": "Contratos adjudicados por procedimientos sin publicidad", "objeto-del-contrato": "Ampliaci\u00f3n de 3 aulas de infantil, 6 aulas de primaria, aulas de desdoble, sala polivalente y ampliaci\u00f3n de cocina en el CEIP Antonio Font\u00e1n de Madrid", "codigo-cpv": "45214210-5", "compra-publica-innovadora": "No", "numero-de-expediente": "A/OBR-008475/2019", "referencia": "2996237", "tipo-de-contrato": "Obras", "entidad-adjudicadora": "", "codigo-nuts": "ES300", "procedimiento-adjudicacion": "Negociado sin publicidad", "valor-estimado-sin-i.v.a": "1.652.104,58 euros", "presupuesto-base-licitacion-(sin-impuestos)": "1.652.104,58 euros", "presupuesto-base-licitacion.-importe-total": "1.999.046,54 euros", "duracion-del-contrato": "8 Meses", "adjudicacion-del-contrato-publicada-el": "28 mayo 2019", "formalizacion-del-contrato-publicada-el": "28 mayo 2019"}