{"url": "https://www.madrid.org/cs/Satellite?c=CM_ConvocaPrestac_FA&cid=1354891165638&definicion=Contratos+Publicos&language=es&op2=PCON&pagename=PortalContratacion%2FPage%2FPCON_contratosPublicos&tipoServicio=CM_ConvocaPrestac_FA", "titulo": "Tabl\u00f3n 28921/2021", "status": "Plazo indefinido", "tipo-publicacion": "Tabl\u00f3n de anuncios electr\u00f3nico", "objeto-del-contrato": "Obra de adaptaci\u00f3n de espacios de vestuarios del Hospital Universitario de M\u00f3stoles.", "codigo-cpv": "45111100-9, 45262520-2, 45311000-0, 45330000-9, 45420000-7, 45432000-4", "compra-publica-innovadora": "No", "numero-de-expediente": "A/OBR-028921/2021", "referencia": "4186575", "tipo-de-contrato": "Obras", "entidad-adjudicadora": "", "codigo-nuts": "ES300", "procedimiento-adjudicacion": "Abierto simplificado", "presupuesto-base-licitacion-(sin-impuestos)": "244.680,67 euros", "duracion-del-contrato": "75 D\u00edas", "puntos-de-informacion": "Hospital Universitario de M\u00f3stoles", "defectos-u-omisiones-de-la-documentacion-publicados-el": "(Publicado el 30 julio 2021 09:00)"}