{"url": "https://www.madrid.org/cs/Satellite?c=CM_ConvocaPrestac_FA&cid=1354855909304&definicion=Contratos+Publicos&language=es&op2=PCON&pagename=PortalContratacion%2FPage%2FPCON_contratosPublicos&tipoServicio=CM_ConvocaPrestac_FA", "titulo": "Obras auxiliares, complementarias y de urbanizaci\u00f3n para poner en servicio aulas prefabricadas a implementar en centros educativos de la DAT NORTE de la Comunidad de Madrid como medida de distanciamiento contra el COVID-19", "status": "Plazo indefinido", "estado-de-la-licitacion": "Abierto", "tipo-resolucion": "Formalizado", "tipo-publicacion": "Contratos adjudicados por procedimientos sin publicidad", "objeto-del-contrato": "Obras auxiliares, complementarias y de urbanizaci\u00f3n para poner en servicio aulas prefabricadas a implementar en centros educativos de la DAT NORTE de la Comunidad de Madrid como medida de distanciamiento contra el COVID-19", "codigo-cpv": "45214200-2", "compra-publica-innovadora": "No", "numero-de-expediente": "A/OBR-041643/2020", "referencia": "3861897", "tipo-de-contrato": "Obras", "entidad-adjudicadora": "", "codigo-nuts": "ES300", "procedimiento-adjudicacion": "Otros procedimientos: Emergencia", "valor-estimado-sin-i.v.a": "74.625 euros", "presupuesto-base-licitacion-(sin-impuestos)": "74.625 euros", "presupuesto-base-licitacion.-importe-total": "90.296,25 euros", "duracion-del-contrato": "D\u00edas", "adjudicacion-del-contrato-publicada-el": "17 noviembre 2020", "formalizacion-del-contrato-publicada-el": "27 noviembre 2020"}