{"url": "https://www.madrid.org/cs/Satellite?c=CM_ConvocaPrestac_FA&cid=1354786580858&definicion=Contratos+Publicos&language=es&op2=PCON&pagename=PortalContratacion%2FPage%2FPCON_contratosPublicos&tipoServicio=CM_ConvocaPrestac_FA", "titulo": "Tabl\u00f3n A/OBR-018247/2019", "status": "En tramitaci\u00f3n", "tipo-publicacion": "Tabl\u00f3n de anuncios electr\u00f3nico", "codigo-cpv": "45262520-2, 45421160-3", "compra-publica-innovadora": "No", "numero-de-expediente": "A/OBR-018247/2019", "referencia": "3234211", "tipo-de-contrato": "Obras", "entidad-adjudicadora": "", "codigo-nuts": "ES300", "procedimiento-adjudicacion": "Abierto simplificado", "presupuesto-base-licitacion-(sin-impuestos)": "54.760,59 euros", "duracion-del-contrato": "45 D\u00edas", "puntos-de-informacion": "Hospital Universitario de M\u00f3stoles", "defectos-u-omisiones-de-la-documentacion-publicados-el": "(Publicado el 31 julio 2019 13:38)"}