{"url": "https://www.madrid.org/cs/Satellite?c=CM_ConvocaPrestac_FA&cid=1354801227109&definicion=Contratos+Publicos&language=es&op2=PCON&pagename=PortalContratacion%2FPage%2FPCON_contratosPublicos&tipoServicio=CM_ConvocaPrestac_FA", "titulo": "Obras de rehabilitaci\u00f3n integral para la adaptaci\u00f3n de plazas de mayores dependientes en la planta cuarta de la Residencia de Mayores Colmenar Viejo", "status": "Plazo indefinido", "tipo-publicacion": "Tabl\u00f3n de anuncios electr\u00f3nico", "objeto-del-contrato": "Obras de rehabilitaci\u00f3n integral para la adaptaci\u00f3n de plazas de mayores dependientes en la planta cuarta de la Residencia de Mayores Colmenar Viejo", "codigo-cpv": "45000000-7", "numero-de-expediente": "A/OBR-002722/2019", "referencia": "3260429", "tipo-de-contrato": "Obras", "entidad-adjudicadora": "", "codigo-nuts": "ES300", "procedimiento-adjudicacion": "Abierto", "presupuesto-base-licitacion-(sin-impuestos)": "2.249.141,83 euros", "duracion-del-contrato": "12 Meses", "defectos-u-omisiones-de-la-documentacion-publicados-el": "(Publicado el 04 noviembre 2019 11:30)", "ofertas-anormales-o-desproporcionadas-publicadas-el": "(Publicado el 28 noviembre 2019 14:01)"}