{"url": "https://www.madrid.org/cs/Satellite?c=CM_ConvocaPrestac_FA&cid=1354750187535&definicion=Contratos+Publicos&language=es&op2=PCON&pagename=PortalContratacion%2FPage%2FPCON_contratosPublicos&tipoServicio=CM_ConvocaPrestac_FA", "titulo": "Obras de instalaci\u00f3n de Salas Blancas en Farmacia (planta s\u00f3tano 2) del Hospital U. de la Princesa", "status": "En tramitaci\u00f3n", "tipo-publicacion": "Tabl\u00f3n de anuncios electr\u00f3nico", "objeto-del-contrato": "Obras de instalaci\u00f3n de Salas Blancas en la Farmacia (planta s\u00f3tano 2)\u00a0del Hospital Universitario de la Princesa", "codigo-cpv": "45300000-0", "numero-de-expediente": "P.A. 63/2018 HUP", "referencia": "2783844", "tipo-de-contrato": "Obras", "entidad-adjudicadora": "", "codigo-nuts": "ES300", "procedimiento-adjudicacion": "Abierto simplificado", "presupuesto-base-licitacion-(sin-impuestos)": "268.002,4 euros", "duracion-del-contrato": "3 Meses", "puntos-de-informacion": "", "defectos-u-omisiones-de-la-documentacion-publicados-el": "(Publicado el 18 enero 2019 16:00)"}