{"url": "https://www.madrid.org/cs/Satellite?c=CM_ConvocaPrestac_FA&cid=1354886456492&definicion=Contratos+Publicos&language=es&op2=PCON&pagename=PortalContratacion%2FPage%2FPCON_contratosPublicos&tipoServicio=CM_ConvocaPrestac_FA", "titulo": "4145314 Tabl\u00f3n de anuncios ST2021-0-09", "status": "Plazo indefinido", "tipo-publicacion": "Tabl\u00f3n de anuncios electr\u00f3nico", "objeto-del-contrato": "Obras de renovaci\u00f3n de fontaner\u00eda, sanitarios,\u00a0instalaci\u00f3n de protecci\u00f3n contra incendios y gases medicinales de diversas zonas de hospitalizaci\u00f3n del Hospital Universitario Ram\u00f3n y Cajal.", "numero-de-expediente": "ST2021-0-09", "referencia": "4149373", "tipo-de-contrato": "Obras", "entidad-adjudicadora": "", "codigo-nuts": "ES300", "procedimiento-adjudicacion": "Abierto", "puntos-de-informacion": "", "defectos-u-omisiones-de-la-documentacion-publicados-el": "(Publicado el 07 julio 2021 13:31)"}