{"url": "https://www.madrid.org/cs/Satellite?c=CM_ConvocaPrestac_FA&cid=1354786886810&definicion=Contratos+Publicos&language=es&op2=PCON&pagename=PortalContratacion%2FPage%2FPCON_contratosPublicos&tipoServicio=CM_ConvocaPrestac_FA", "titulo": "Obra para implantaci\u00f3n equipo de radioterapia modelo HALCYON,marca Varian en el Servicio de Oncolog\u00eda Radioter\u00e1pica del Hospital Universitario 12 de Octubre", "status": "Plazo indefinido", "tipo-publicacion": "Tabl\u00f3n de anuncios electr\u00f3nico", "objeto-del-contrato": "Obra para implantaci\u00f3n equipo de radioterapia modelo HALCYON,marca Varian en el Servicio de Oncolog\u00eda Radioter\u00e1pica del Hospital Universitario 12 de Octubre", "compra-publica-innovadora": "No", "numero-de-expediente": "2019-0-137", "referencia": "3234269", "tipo-de-contrato": "Obras", "entidad-adjudicadora": "", "codigo-nuts": "ES300", "procedimiento-adjudicacion": "Abierto", "puntos-de-informacion": ""}