{"url": "https://www.madrid.org/cs/Satellite?c=CM_ConvocaPrestac_FA&cid=1354829413931&definicion=Contratos+Publicos&language=es&op2=PCON&pagename=PortalContratacion%2FPage%2FPCON_contratosPublicos&tipoServicio=CM_ConvocaPrestac_FA", "titulo": "Obras de adecuaci\u00f3n interior de peque\u00f1os espacios para traslados en Centros perif\u00e9ricos adscritos al Hospital Universitario La Paz", "status": "En tramitaci\u00f3n", "tipo-publicacion": "Tabl\u00f3n de anuncios electr\u00f3nico", "objeto-del-contrato": "Obras de adecuaci\u00f3n interior de peque\u00f1os espacios para traslados en Centros perif\u00e9ricos adscritos al Hospital Universitario La Paz", "codigo-cpv": "45450000-6", "compra-publica-innovadora": "No", "numero-de-expediente": "P.A.S. 4/2020", "referencia": "3546743", "tipo-de-contrato": "Obras", "entidad-adjudicadora": "", "codigo-nuts": "ES300", "procedimiento-adjudicacion": "Abierto simplificado"}