{"url": "https://www.madrid.org/cs/Satellite?c=CM_ConvocaPrestac_FA&cid=1354898057962&definicion=Contratos+Publicos&language=es&op2=PCON&pagename=PortalContratacion%2FPage%2FPCON_contratosPublicos&tipoServicio=CM_ConvocaPrestac_FA", "titulo": "Obras para la inspecci\u00f3n y protecci\u00f3n de vigas en la estaci\u00f3n de Aviaci\u00f3n Espa\u00f1ola", "status": "En tramitaci\u00f3n", "tipo-publicacion": "Tabl\u00f3n de anuncios electr\u00f3nico", "objeto-del-contrato": "Obras para la inspecci\u00f3n y protecci\u00f3n de vigas en la estaci\u00f3n de Aviaci\u00f3n Espa\u00f1ola", "codigo-cpv": "45453100-8, 71000000-8", "compra-publica-innovadora": "No", "numero-de-expediente": "6012100141", "referencia": "4301481", "tipo-de-contrato": "Obras", "entidad-adjudicadora": "", "codigo-nuts": "ES300", "procedimiento-adjudicacion": "Abierto simplificado"}