{"url": "https://www.madrid.org/cs/Satellite?c=CM_ConvocaPrestac_FA&cid=1354841481245&definicion=Contratos+Publicos&language=es&op2=PCON&pagename=PortalContratacion%2FPage%2FPCON_contratosPublicos&tipoServicio=CM_ConvocaPrestac_FA", "titulo": "Obra de implantaci\u00f3n de un equipo de radioterapia modelo truebeam de Varian en el Serviciode Oncolog\u00eda radioter\u00e1pica del Hospital 12 de Octubre", "status": "En tramitaci\u00f3n", "tipo-publicacion": "Tabl\u00f3n de anuncios electr\u00f3nico", "objeto-del-contrato": "Obra de implantaci\u00f3n de un equipo de radioterapia modelo \"truebeam\" de Varian en el Servicio de Oncolog\u00eda Radioter\u00e1pica del\u00a0 Hospital Universitario 12 de Octubre", "compra-publica-innovadora": "No", "numero-de-expediente": "2020-0-134", "referencia": "3743158", "tipo-de-contrato": "Obras", "entidad-adjudicadora": "", "codigo-nuts": "ES300", "procedimiento-adjudicacion": "Abierto", "puntos-de-informacion": ""}