{"url": "https://www.madrid.org/cs/Satellite?c=CM_ConvocaPrestac_FA&cid=1354895061782&definicion=Contratos+Publicos&language=es&op2=PCON&pagename=PortalContratacion%2FPage%2FPCON_contratosPublicos&tipoServicio=CM_ConvocaPrestac_FA", "titulo": "P.A.S. 24/2021 Obras acondicionamiento interior Instituto de Investigaci\u00f3n Biom\u00e9dica (IdiPAZ) del Hospital Universitario La Paz, fase 2, etapa 2,", "status": "En tramitaci\u00f3n", "tipo-publicacion": "Tabl\u00f3n de anuncios electr\u00f3nico", "objeto-del-contrato": "Obras de acondicionamiento interior del Instituto de Investigaci\u00f3n Biom\u00e9dica (IdiPAZ) del Hospital Universitario La Paz, fase 2, etapa 2,", "codigo-cpv": "45450000-6", "numero-de-expediente": "P.A.S. 24/2021", "referencia": "4293879", "tipo-de-contrato": "Obras", "entidad-adjudicadora": "", "codigo-nuts": "ES300", "procedimiento-adjudicacion": "Abierto simplificado"}