{"url": "https://www.madrid.org/cs/Satellite?c=CM_ConvocaPrestac_FA&cid=1354770913412&definicion=Contratos+Publicos&language=es&op2=PCON&pagename=PortalContratacion%2FPage%2FPCON_contratosPublicos&tipoServicio=CM_ConvocaPrestac_FA", "titulo": "Obras de acondicionamiento de donantes del Servicio de Hematolog\u00eda (Af\u00e9resis)", "status": "Plazo indefinido", "tipo-publicacion": "Tabl\u00f3n de anuncios electr\u00f3nico", "objeto-del-contrato": "Obras de acondicionamiento de donantes del Servicio de Hematolog\u00eda (Af\u00e9resis)", "compra-publica-innovadora": "No", "numero-de-expediente": "2019-0-11", "referencia": "2791102", "tipo-de-contrato": "Obras", "entidad-adjudicadora": "", "codigo-nuts": "ES300", "procedimiento-adjudicacion": "Abierto", "puntos-de-informacion": ""}