{"url": "https://www.madrid.org/cs/Satellite?c=CM_ConvocaPrestac_FA&cid=1354890136207&definicion=Contratos+Publicos&language=es&op2=PCON&pagename=PortalContratacion%2FPage%2FPCON_contratosPublicos&tipoServicio=CM_ConvocaPrestac_FA", "titulo": "Obras de adecuaci\u00f3n y conservaci\u00f3n de espacios en el Hospital Universitario de la Princesa y Centros dependientes", "status": "En tramitaci\u00f3n", "tipo-publicacion": "Tabl\u00f3n de anuncios electr\u00f3nico", "objeto-del-contrato": "Obras de adecuaci\u00f3n y conservaci\u00f3n de espacios en el Hospital Universitario de la Princesa, y en los Centros adscritos a dicho Hospital (Centro Especialidades Hermanos Garc\u00eda Noblejas, Centro de salud mental de Chamart\u00edn y Centro de salud mental de Goya).", "codigo-cpv": "45450000-6", "compra-publica-innovadora": "No", "numero-de-expediente": "P.A.S.  16/2021 HUP", "referencia": "4172761", "tipo-de-contrato": "Obras", "entidad-adjudicadora": "", "codigo-nuts": "ES300", "procedimiento-adjudicacion": "Abierto", "presupuesto-base-licitacion-(sin-impuestos)": "247.900 euros", "duracion-del-contrato": "12 Meses", "puntos-de-informacion": "", "defectos-u-omisiones-de-la-documentacion-publicados-el": "(Publicado el 02 septiembre 2021 14:15)"}