{"url": "https://www.madrid.org/cs/Satellite?c=CM_ConvocaPrestac_FA&cid=1354793976973&definicion=Contratos+Publicos&language=es&op2=PCON&pagename=PortalContratacion%2FPage%2FPCON_contratosPublicos&tipoServicio=CM_ConvocaPrestac_FA", "titulo": "Restauracion de fachadas en el Conservatorio Profesional de Musica Adolfo Salazar", "status": "Plazo indefinido", "estado-de-la-licitacion": "Abierto", "tipo-resolucion": "Formalizado", "tipo-publicacion": "Contratos adjudicados por procedimientos sin publicidad", "objeto-del-contrato": "Restauracion de fachadas en el Conservatorio Profesional de Musica Adolfo Salazar", "codigo-cpv": "45214230-1", "compra-publica-innovadora": "No", "numero-de-expediente": "A/OBR-009747/2019", "referencia": "3259026", "tipo-de-contrato": "Obras", "entidad-adjudicadora": "", "codigo-nuts": "ES300", "procedimiento-adjudicacion": "Negociado sin publicidad", "valor-estimado-sin-i.v.a": "278.517,45 euros", "presupuesto-base-licitacion-(sin-impuestos)": "278.517,45 euros", "presupuesto-base-licitacion.-importe-total": "337.006,11 euros", "duracion-del-contrato": "3 Meses", "adjudicacion-del-contrato-publicada-el": "10 septiembre 2019", "formalizacion-del-contrato-publicada-el": "10 septiembre 2019"}