{"url": "https://www.madrid.org/cs/Satellite?c=CM_ConvocaPrestac_FA&cid=1354787158223&definicion=Contratos+Publicos&language=es&op2=PCON&pagename=PortalContratacion%2FPage%2FPCON_contratosPublicos&tipoServicio=CM_ConvocaPrestac_FA", "titulo": "Tabl\u00f3n Ejecuci\u00f3n de la obra de reforma del Centro de Salud Paracuellos del Jarama dependientes de la Gerencia Asistencial de Atenci\u00f3n Primaria", "status": "En tramitaci\u00f3n", "tipo-publicacion": "Tabl\u00f3n de anuncios electr\u00f3nico", "objeto-del-contrato": "Ejecuci\u00f3n de la obra de reforma del Centro de Salud Paracuellos del Jarama dependientes de la Gerencia Asistencial de Atenci\u00f3n Primaria", "codigo-cpv": "45215130-7", "compra-publica-innovadora": "No", "numero-de-expediente": "A/OBR-016695/2019", "referencia": "3234328", "tipo-de-contrato": "Obras", "entidad-adjudicadora": "", "codigo-nuts": "ES300", "procedimiento-adjudicacion": "Abierto simplificado", "ofertas-anormales-o-desproporcionadas-publicadas-el": "(Publicado el 05 agosto 2019 14:02)"}