{"url": "https://www.madrid.org/cs/Satellite?c=CM_ConvocaPrestac_FA&cid=1354729052888&definicion=Contratos+Publicos&language=es&op2=PCON&pagename=PortalContratacion%2FPage%2FPCON_contratosPublicos&tipoServicio=CM_ConvocaPrestac_FA", "titulo": "Tabl\u00f3n OBR PASCU 2018-8-6", "status": "Plazo indefinido", "tipo-publicacion": "Tabl\u00f3n de anuncios electr\u00f3nico", "objeto-del-contrato": "Obra sustituci\u00f3n cuadros el\u00e9ctricos sector B-O, planta primera del Hospital Universitario de Getafe", "numero-de-expediente": "OBR PASCU 2018-8-6", "referencia": "2652470", "tipo-de-contrato": "Obras", "entidad-adjudicadora": "", "codigo-nuts": "ES300", "procedimiento-adjudicacion": "Abierto simplificado", "otras-informaciones-publicadas-el": "(Publicado el 10 agosto 2018 10:01)"}