{"url": "https://www.madrid.org/cs/Satellite?c=CM_ConvocaPrestac_FA&cid=1354760921700&definicion=Contratos+Publicos&language=es&op2=PCON&pagename=PortalContratacion%2FPage%2FPCON_contratosPublicos&tipoServicio=CM_ConvocaPrestac_FA", "titulo": "Ejecuci\u00f3n de las Obras de Acondicionamiento de Viario II, Acondicionamiento de las Calles Vicente Aleixandre y Traves\u00eda Fuente del Cura\" en el Municipio de Miraflores de la Sierra (Madrid)", "status": "En tramitaci\u00f3n", "tipo-publicacion": "Tabl\u00f3n de anuncios electr\u00f3nico", "objeto-del-contrato": "Tipo: Obras\nDescripci\u00f3n: Acondicionamiento de Viario II. Calle Vicente Aleixandre y Traves\u00eda Fuente del Cura, en el Municipio de Miraflores de la Sierra (Madrid)\nDivisi\u00f3n por lotes y n\u00famero: No se admite\nLugar de ejecuci\u00f3n: Miraflores de la Sierra (Madrid) C\u00f3digo NUTS ES300\nDomicilio: Calles Vicente Aleixandre y Traves\u00eda Fuente del Cura. 28792-Miraflores de la Sierra (Madrid)\nPlazo de Ejecuci\u00f3n: 3 meses\nCPV (Referencia Nomenclatura): 452 331 40-2", "codigo-cpv": "45233140-2", "numero-de-expediente": "CA/0811.083.12/01/O", "referencia": "2788963", "tipo-de-contrato": "Obras", "entidad-adjudicadora": "", "codigo-nuts": "ES300", "procedimiento-adjudicacion": "Abierto simplificado", "presupuesto-base-licitacion-(sin-impuestos)": "124.118,2 euros", "duracion-del-contrato": "3 Meses", "puntos-de-informacion": "*Entidad adjudicadora: Obras de Madrid. Gesti\u00f3n de Obras e Infraestructuras, S.A. CIF A79932927 - calle Alcal\u00e1, 21 - 4\u00aa planta - 28014 Madrid - Tel. 915240436; Fax. 915770150 - correos electr\u00f3nicos: icuesta@obrasdemadrid.com y p.rubio@obrasdemadrid.com (consultas t\u00e9cnicas) y md.nogal@obrasdemadrid.com (consultas administrativas *Documentaci\u00f3n: Perfil del contratante http:/www.madrid.org/contratospublicos - Tel.915753415; Fax. 915770150\n*Presentaci\u00f3n de ofertas: hasta el 14 de marzo de 2019 a las 14:00 hs. en Calle Alcal\u00e1, 21 - 4\u00aa planta - 28014 Madrid\n*Apertura de ofertas: La fecha y la hora se har\u00e1 p\u00fablica en el Portal de la Contrataci\u00f3n P\u00fablica, Perfil del Contratante con una antelaci\u00f3n m\u00ednima de siete d\u00edas naturales, en Calle Alcal\u00e1, 21 - 4\u00aa planta - 28014 Madrid"}