{"url": "https://www.madrid.org/cs/Satellite?c=CM_ConvocaPrestac_FA&cid=1354708795310&definicion=Contratos+Publicos&language=es&op2=PCON&pagename=PortalContratacion%2FPage%2FPCON_contratosPublicos&tipoServicio=CM_ConvocaPrestac_FA", "titulo": "Obras de reforma y acondicionamiento parcial de la planta segunda, control A, del edificio Materno Infantil, para su adaptaci\u00f3n como Hospitalizaci\u00f3n de Oncolog\u00eda, en el Hospital Universitario 12 de Octubre", "status": "Plazo indefinido", "tipo-publicacion": "Tabl\u00f3n de anuncios electr\u00f3nico", "compra-publica-innovadora": "No", "numero-de-expediente": "P.A. 2017-0-152", "referencia": "2275926", "tipo-de-contrato": "Obras", "entidad-adjudicadora": "", "codigo-nuts": "ES300", "procedimiento-adjudicacion": "Abierto"}