{"url": "https://www.madrid.org/cs/Satellite?c=CM_ConvocaPrestac_FA&cid=1354776483708&definicion=Contratos+Publicos&language=es&op2=PCON&pagename=PortalContratacion%2FPage%2FPCON_contratosPublicos&tipoServicio=CM_ConvocaPrestac_FA", "titulo": "Subsanaci\u00f3n de Deficiencias Descritas en el ITE en el IES LA ESTRELLA-MADRID", "status": "Plazo indefinido", "estado-de-la-licitacion": "Abierto", "tipo-resolucion": "Formalizado", "tipo-publicacion": "Contratos adjudicados por procedimientos sin publicidad", "objeto-del-contrato": "Subsanaci\u00f3n de Deficiencias Descritas en el ITE en el IES LA ESTRELLA-MADRID", "codigo-cpv": "45214220-8", "compra-publica-innovadora": "No", "numero-de-expediente": "A/OBR-021008/2019", "referencia": "3137972", "tipo-de-contrato": "Obras", "entidad-adjudicadora": "", "codigo-nuts": "ES300", "procedimiento-adjudicacion": "Negociado sin publicidad", "valor-estimado-sin-i.v.a": "58.029,34 euros", "presupuesto-base-licitacion-(sin-impuestos)": "58.029,34 euros", "presupuesto-base-licitacion.-importe-total": "70.215,5 euros", "duracion-del-contrato": "45 D\u00edas", "adjudicacion-del-contrato-publicada-el": "04 junio 2019", "formalizacion-del-contrato-publicada-el": "04 junio 2019"}