{"url": "https://www.madrid.org/cs/Satellite?c=CM_ConvocaPrestac_FA&cid=1354894073454&definicion=Contratos+Publicos&language=es&op2=PCON&pagename=PortalContratacion%2FPage%2FPCON_contratosPublicos&tipoServicio=CM_ConvocaPrestac_FA", "titulo": "Obras de adecuaci\u00f3n de las instalaciones para la nueva Coordinaci\u00f3n de L\u00ednea 4 en Pinar de Chamart\u00edn", "status": "En tramitaci\u00f3n", "tipo-publicacion": "Tabl\u00f3n de anuncios electr\u00f3nico", "objeto-del-contrato": "Obras de adecuaci\u00f3n de las instalaciones para la nueva Coordinaci\u00f3n de L\u00ednea 4 en Pinar de Chamart\u00edn", "codigo-cpv": "45314320-0, 45314000-1, 45310000-3, 45262600-7, 42512000-8, 31680000-6, 32500000-8, 42500000-1", "numero-de-expediente": "6012100214", "referencia": "4232219", "tipo-de-contrato": "Obras", "entidad-adjudicadora": "", "codigo-nuts": "ES300", "procedimiento-adjudicacion": "Abierto simplificado", "defectos-u-omisiones-de-la-documentacion-publicados-el": "(Publicado el 24 septiembre 2021 12:30)"}