{"url": "https://www.madrid.org/cs/Satellite?c=CM_ConvocaPrestac_FA&cid=1354764571962&definicion=Contratos+Publicos&language=es&op2=PCON&pagename=PortalContratacion%2FPage%2FPCON_contratosPublicos&tipoServicio=CM_ConvocaPrestac_FA", "titulo": "Obras de impermeabilizaci\u00f3n del pozo de ventilaci\u00f3n situado entre las estaciones de Villaverde Bajo Cruce y San Crist\u00f3bal (PK 14+790) de la L\u00ednea 3 de Metro de Madrid", "status": "En tramitaci\u00f3n", "tipo-publicacion": "Tabl\u00f3n de anuncios electr\u00f3nico", "objeto-del-contrato": "Obras de impermeabilizaci\u00f3n del pozo de ventilaci\u00f3n situado entre las estaciones de Villaverde Bajo Cruce y San Crist\u00f3bal (PK 14+790) de la L\u00ednea 3 de Metro de Madrid.", "codigo-cpv": "45261420-4, 45112500-0", "numero-de-expediente": "6011900063", "referencia": "2789666", "tipo-de-contrato": "Obras", "entidad-adjudicadora": "", "codigo-nuts": "ES300", "procedimiento-adjudicacion": "Abierto simplificado", "empresarios-excluidos-publicados-el": "(Publicado el 18 marzo 2019 14:00)"}