{"url": "https://www.madrid.org/cs/Satellite?c=CM_ConvocaPrestac_FA&cid=1354735800580&definicion=Contratos+Publicos&language=es&op2=PCON&pagename=PortalContratacion%2FPage%2FPCON_contratosPublicos&tipoServicio=CM_ConvocaPrestac_FA", "titulo": "A/OBR-005632/2018 Tabl\u00f3n -", "status": "En tramitaci\u00f3n", "tipo-publicacion": "Tabl\u00f3n de anuncios electr\u00f3nico", "objeto-del-contrato": "Subsanaci\u00f3n de documentaci\u00f3n.", "numero-de-expediente": "A/OBR-005632/2018", "referencia": "2653835", "tipo-de-contrato": "Obras", "entidad-adjudicadora": "", "codigo-nuts": "ES300", "procedimiento-adjudicacion": "Abierto", "otras-informaciones-publicadas-el": "(Publicado el 25 septiembre 2018 13:30)"}