{"url": "https://www.madrid.org/cs/Satellite?c=CM_ConvocaPrestac_FA&cid=1354877523622&definicion=Contratos+Publicos&language=es&op2=PCON&pagename=PortalContratacion%2FPage%2FPCON_contratosPublicos&tipoServicio=CM_ConvocaPrestac_FA", "titulo": "Obras de ejecuci\u00f3n del proyecto constructivo de la conexi\u00f3n viaria 4 del plan parcial PP-02 \"LosMolinos\" (Getafe)", "status": "Plazo indefinido", "tipo-publicacion": "Tabl\u00f3n de anuncios electr\u00f3nico", "objeto-del-contrato": "El objeto del\u00a0contrato consiste en la ejecuci\u00f3n de las obras necesarias para realizar la Conexi\u00f3n Viaria Sureste de la urbanizaci\u00f3n del PP-02 Los Molinos con el pol\u00edgono Los \u00c1ngeles a trav\u00e9s de la calle Fundidores. Por medio de la construcci\u00f3n de esta conexi\u00f3n viaria se pretende dar soluci\u00f3n a la accesibilidad de los usuarios a las \u00e1reas urbanas que se conectar\u00e1n, suponiendo enormes ahorros de tiempo y costes para aquellos", "numero-de-expediente": "MBV-2020-CO-01", "referencia": "4066034", "tipo-de-contrato": "Obras", "entidad-adjudicadora": "", "codigo-nuts": "ES300", "procedimiento-adjudicacion": "Abierto simplificado", "puntos-de-informacion": "", "empresarios-excluidos-publicados-el": "(Publicado el 03 junio 2021 16:30)", "ofertas-anormales-o-desproporcionadas-publicadas-el": "(Publicado el 29 abril 2021 16:31)"}