{"url": "https://www.madrid.org/cs/Satellite?c=CM_ConvocaPrestac_FA&cid=1354899526303&definicion=Contratos+Publicos&language=es&op2=PCON&pagename=PortalContratacion%2FPage%2FPCON_contratosPublicos&tipoServicio=CM_ConvocaPrestac_FA", "titulo": "Tabl\u00f3n electr\u00f3nico Servicio de transporte para personal adscrito al Servicio de hospitalizaci\u00f3n a domicilio y personal autorizado del Hospital Universitario 12 de Octubre.", "status": "En tramitaci\u00f3n", "tipo-publicacion": "Tabl\u00f3n de anuncios electr\u00f3nico", "objeto-del-contrato": "Servicio de transporte para personal adscrito al Servicio de hospitalizaci\u00f3n a domicilio y personal autorizado del Hospital Universitario 12 de Octubre.", "compra-publica-innovadora": "No", "numero-de-expediente": "2021-0-173", "referencia": "4305282", "tipo-de-contrato": "Obras", "entidad-adjudicadora": "", "codigo-nuts": "ES300", "procedimiento-adjudicacion": "Abierto", "puntos-de-informacion": ""}