{"url": "https://www.madrid.org/cs/Satellite?c=CM_ConvocaPrestac_FA&cid=1354895686878&definicion=Contratos+Publicos&language=es&op2=PCON&pagename=PortalContratacion%2FPage%2FPCON_contratosPublicos&tipoServicio=CM_ConvocaPrestac_FA", "titulo": "Obras de restauraci\u00f3n del vallado perimetral de la Finca de Vista Alegre, en el tramo de la cerca hist\u00f3rica de la calle Carcastillo desde la esquina con la calle Clara Campoamor", "status": "En tramitaci\u00f3n", "tipo-publicacion": "Tabl\u00f3n de anuncios electr\u00f3nico", "objeto-del-contrato": "", "compra-publica-innovadora": "No", "numero-de-expediente": "A/OBR-19453/2021", "referencia": "4301012", "tipo-de-contrato": "Obras", "entidad-adjudicadora": "", "codigo-nuts": "ES300", "procedimiento-adjudicacion": "Abierto simplificado", "puntos-de-informacion": "* Obtenci\u00f3n de informaci\u00f3n"}