{"url": "https://www.madrid.org/cs/Satellite?c=CM_ConvocaPrestac_FA&cid=1354779369464&definicion=Contratos+Publicos&language=es&op2=PCON&pagename=PortalContratacion%2FPage%2FPCON_contratosPublicos&tipoServicio=CM_ConvocaPrestac_FA", "titulo": "Tabl\u00f3n Reparaci\u00f3n de cimentaci\u00f3n y fachadas en el Centro de Salud Mon\u00f3var dependiente de la Gerencia Asistencial de Atenci\u00f3n Primaria", "status": "En tramitaci\u00f3n", "tipo-publicacion": "Tabl\u00f3n de anuncios electr\u00f3nico", "objeto-del-contrato": "Reparaci\u00f3n de cimentaci\u00f3n y fachadas en el Centro de Salud Mon\u00f3var dependiente de la Gerencia Asistencial de Atenci\u00f3n Primaria", "codigo-cpv": "45000000-7", "compra-publica-innovadora": "No", "numero-de-expediente": "A/OBR-014026/2019", "referencia": "3146257", "tipo-de-contrato": "Obras", "entidad-adjudicadora": "", "codigo-nuts": "ES300", "procedimiento-adjudicacion": "Abierto simplificado"}