{"url": "https://www.madrid.org/cs/Satellite?c=CM_ConvocaPrestac_FA&cid=1354806048881&definicion=Contratos+Publicos&language=es&op2=PCON&pagename=PortalContratacion%2FPage%2FPCON_contratosPublicos&tipoServicio=CM_ConvocaPrestac_FA", "titulo": "Obras de renovaci\u00f3n de tuber\u00edas de la red de abastecimiento de Canal de Isabel II, S.A.", "status": "Plazo indefinido", "tipo-publicacion": "Tabl\u00f3n de anuncios electr\u00f3nico", "numero-de-expediente": "102/2018", "referencia": "3314701", "tipo-de-contrato": "Obras", "entidad-adjudicadora": "", "codigo-nuts": "ES300", "defectos-u-omisiones-de-la-documentacion-publicados-el": "(Publicado el 07 julio 2021 13:01)", "ofertas-anormales-o-desproporcionadas-publicadas-el": "(Publicado el 14 mayo 2021 14:09)"}