{"url": "https://www.madrid.org/cs/Satellite?c=CM_ConvocaPrestac_FA&cid=1354798321160&definicion=Contratos+Publicos&language=es&op2=PCON&pagename=PortalContratacion%2FPage%2FPCON_contratosPublicos&tipoServicio=CM_ConvocaPrestac_FA", "titulo": "Adecuaci\u00f3n de sala blanca del Centro de Transfusi\u00f3n de la Comunidad de Madrid", "status": "En tramitaci\u00f3n", "tipo-publicacion": "Tabl\u00f3n de anuncios electr\u00f3nico", "objeto-del-contrato": "Adecuaci\u00f3n de\u00a0sala blanca del Centro de Transfusi\u00f3n de la Comunidad de Madrid.", "codigo-cpv": "45214631-2", "compra-publica-innovadora": "No", "numero-de-expediente": "P.A. OBR. 024-2019 (A/OBR-024903/2019)", "referencia": "3259885", "tipo-de-contrato": "Obras", "entidad-adjudicadora": "", "codigo-nuts": "ES300", "procedimiento-adjudicacion": "Abierto simplificado", "presupuesto-base-licitacion-(sin-impuestos)": "19.008,26 euros", "duracion-del-contrato": "14 D\u00edas", "puntos-de-informacion": "", "otras-informaciones-publicadas-el": "(Publicado el 08 octubre 2019 08:31)"}