{"url": "https://www.madrid.org/cs/Satellite?c=CM_ConvocaPrestac_FA&cid=1354830246946&definicion=Contratos+Publicos&language=es&op2=PCON&pagename=PortalContratacion%2FPage%2FPCON_contratosPublicos&tipoServicio=CM_ConvocaPrestac_FA", "titulo": "OBRAS DE \u201cV\u00cdA DE SERVICIO DE LA M- 506 PARA ACCESO AL POL\u00cdGONO \u201cEL BA\u00d1UELO\u201d EN FUENLABRADA (MADRID)\u201d. CONSORCIO URBAN\u00cdSTICO EL BA\u00d1UELO", "status": "Plazo indefinido", "tipo-publicacion": "Tabl\u00f3n de anuncios electr\u00f3nico", "objeto-del-contrato": "OBRAS DE \u201cV\u00cdA DE SERVICIO DE LA M- 506 PARA ACCESO AL POL\u00cdGONO \u201cEL BA\u00d1UELO\u201d EN FUENLABRADA (MADRID)\u201d. CONSORCIO URBAN\u00cdSTICO EL BA\u00d1UELO.", "numero-de-expediente": "CO-02-2019", "referencia": "3562046", "tipo-de-contrato": "Obras", "entidad-adjudicadora": "", "codigo-nuts": "ES300", "procedimiento-adjudicacion": "Abierto simplificado", "puntos-de-informacion": "", "defectos-u-omisiones-de-la-documentacion-publicados-el": "(Publicado el 15 octubre 2020 11:00)", "empresarios-excluidos-publicados-el": "(Publicado el 21 septiembre 2020 18:30)", "otras-informaciones-publicadas-el": "(Publicado el 11 agosto 2020 11:30)"}