{"url": "https://www.madrid.org/cs/Satellite?c=CM_ConvocaPrestac_FA&cid=1354878390674&definicion=Contratos+Publicos&language=es&op2=PCON&pagename=PortalContratacion%2FPage%2FPCON_contratosPublicos&tipoServicio=CM_ConvocaPrestac_FA", "titulo": "Obras del nuevo servicio de oftalmolog\u00eda en el C.E. Hnos. G\u00aaNoblejas, dependiente del Hospital U. de la Princesa", "status": "En tramitaci\u00f3n", "tipo-publicacion": "Tabl\u00f3n de anuncios electr\u00f3nico", "objeto-del-contrato": "Obras del nuevo Servicio de Oftalmolog\u00eda en el Centro de Especialidades Hnos. Garc\u00eda Noblejas, dependiente del Hospital Universitario de la Princesa.", "codigo-cpv": "45000000-7", "compra-publica-innovadora": "No", "numero-de-expediente": "P.A. 26/2021 HUP", "referencia": "4070067", "tipo-de-contrato": "Obras", "entidad-adjudicadora": "", "codigo-nuts": "ES300", "procedimiento-adjudicacion": "Abierto", "presupuesto-base-licitacion-(sin-impuestos)": "3.504.212,73 euros", "duracion-del-contrato": "18 Meses", "puntos-de-informacion": "", "defectos-u-omisiones-de-la-documentacion-publicados-el": "(Publicado el 07 junio 2021 08:45)"}