{"url": "https://www.madrid.org/cs/Satellite?c=CM_ConvocaPrestac_FA&cid=1354866389358&definicion=Contratos+Publicos&language=es&op2=PCON&pagename=PortalContratacion%2FPage%2FPCON_contratosPublicos&tipoServicio=CM_ConvocaPrestac_FA", "titulo": "Adecuaci\u00f3n Estancias Hospital del Sureste", "status": "Plazo indefinido", "estado-de-la-licitacion": "Abierto", "tipo-publicacion": "Contratos adjudicados por procedimientos sin publicidad", "objeto-del-contrato": "Adecuaci\u00f3n estancias por Emergencia por Covid-19", "codigo-cpv": "71000000-8", "numero-de-expediente": "1", "referencia": "3975268", "tipo-de-contrato": "Obras", "entidad-adjudicadora": "", "codigo-nuts": "ES300", "procedimiento-adjudicacion": "Otros procedimientos: Tramitaci\u00f3n de Emergencia", "valor-estimado-sin-i.v.a": "47.880 euros", "presupuesto-base-licitacion-(sin-impuestos)": "47.880 euros", "presupuesto-base-licitacion.-importe-total": "57.934,8 euros", "duracion-del-contrato": "30 D\u00edas"}