{"url": "https://www.madrid.org/cs/Satellite?c=CM_ConvocaPrestac_FA&cid=1354775510902&definicion=Contratos+Publicos&language=es&op2=PCON&pagename=PortalContratacion%2FPage%2FPCON_contratosPublicos&tipoServicio=CM_ConvocaPrestac_FA", "titulo": "Ejecuci\u00f3n de las Obras de Aparcamiento en el Paseo de los Pinos en el Municipio de San Fernando de Henares", "status": "En tramitaci\u00f3n", "tipo-publicacion": "Tabl\u00f3n de anuncios electr\u00f3nico", "objeto-del-contrato": "3.-Objeto del contrato.\na. Tipo: Obras\nb. Descripci\u00f3n: \"Aparcamiento en el Paseo de los Pinos\", en el municipio de San Fernando de Henares.\nc. Divisi\u00f3n por lotes y n\u00famero: No se admite\nd. Lugar de ejecuci\u00f3n: San Fernando de Henares (Madrid)C\u00f3digo NUTS ES300\ne. Domicilio: Paseo de los Pinos, s/n en San Fernando de Henares\ng. Plazo de Ejecuci\u00f3n: 3 meses", "codigo-cpv": "45233252-0", "numero-de-expediente": "CA/0811.126.14/01/O", "referencia": "2996249", "tipo-de-contrato": "Obras", "entidad-adjudicadora": "", "codigo-nuts": "ES300", "procedimiento-adjudicacion": "Abierto simplificado", "presupuesto-base-licitacion-(sin-impuestos)": "80.545,81 euros", "duracion-del-contrato": "3 Meses", "defectos-u-omisiones-de-la-documentacion-publicados-el": "(Publicado el 29 mayo 2019 11:20)"}