{"url": "https://www.madrid.org/cs/Satellite?c=CM_ConvocaPrestac_FA&cid=1354770917297&definicion=Contratos+Publicos&language=es&op2=PCON&pagename=PortalContratacion%2FPage%2FPCON_contratosPublicos&tipoServicio=CM_ConvocaPrestac_FA", "titulo": "Obras de reparaci\u00f3n de acabados en vestuarios del \u00e1rea de Hidroterapia del Servicio de Rehabilitaci\u00f3n del CAA", "status": "Plazo indefinido", "tipo-publicacion": "Tabl\u00f3n de anuncios electr\u00f3nico", "objeto-del-contrato": "Obras de reparaci\u00f3n de acabados en vestuarios del \u00e1rea de Hidroterapia del Servicio de Rehabilitaci\u00f3n del CAA", "compra-publica-innovadora": "No", "numero-de-expediente": "2019-0-12", "referencia": "2791103", "tipo-de-contrato": "Obras", "entidad-adjudicadora": "", "codigo-nuts": "ES300", "procedimiento-adjudicacion": "Abierto", "puntos-de-informacion": ""}