{"url": "https://www.madrid.org/cs/Satellite?c=CM_ConvocaPrestac_FA&cid=1354758646273&definicion=Contratos+Publicos&language=es&op2=PCON&pagename=PortalContratacion%2FPage%2FPCON_contratosPublicos&tipoServicio=CM_ConvocaPrestac_FA", "titulo": "4 Viviendas de protecci\u00f3n p\u00fablica para arrendamiento y local en Cinco Villas, en el municipio de Puentes Viejas", "status": "Plazo indefinido", "tipo-publicacion": "Tabl\u00f3n de anuncios electr\u00f3nico", "objeto-del-contrato": "4 viviendas de protecci\u00f3n p\u00fablica para arrendamiento y local en Cinco Villas, en el municipio de Puentes Viejas", "numero-de-expediente": "A/OBR-28240/2018", "referencia": "2788425", "tipo-de-contrato": "Obras", "entidad-adjudicadora": "", "codigo-nuts": "ES300", "procedimiento-adjudicacion": "Abierto simplificado", "defectos-u-omisiones-de-la-documentacion-publicados-el": "(Publicado el 08 abril 2019 10:02)"}