{"url": "https://www.madrid.org/cs/Satellite?c=CM_ConvocaPrestac_FA&cid=1354758881644&definicion=Contratos+Publicos&language=es&op2=PCON&pagename=PortalContratacion%2FPage%2FPCON_contratosPublicos&tipoServicio=CM_ConvocaPrestac_FA", "titulo": "4 viviendas de protecci\u00f3n p\u00fablica para arrendamiento en el municipio de Robregordo (Madrid).", "status": "Plazo indefinido", "tipo-publicacion": "Tabl\u00f3n de anuncios electr\u00f3nico", "objeto-del-contrato": "4 viviendas de protecci\u00f3n p\u00fablica para arrendamiento en el municipio de Robregordo (Madrid).", "numero-de-expediente": "A/OBR-028494/2018", "referencia": "2788481", "tipo-de-contrato": "Obras", "entidad-adjudicadora": "", "codigo-nuts": "ES300", "procedimiento-adjudicacion": "Abierto simplificado", "defectos-u-omisiones-de-la-documentacion-publicados-el": "(Publicado el 08 abril 2019 09:01)"}