{"url": "https://www.madrid.org/cs/Satellite?c=CM_ConvocaPrestac_FA&cid=1354820469931&definicion=Contratos+Publicos&language=es&op2=PCON&pagename=PortalContratacion%2FPage%2FPCON_contratosPublicos&tipoServicio=CM_ConvocaPrestac_FA", "titulo": "Obras de construcci\u00f3n del tercer carril en la carretera M-607. Tramo: Tres Cantos Norte-Variante Sur de Colmenar Viejo (M-618)", "status": "Plazo indefinido", "tipo-publicacion": "Tabl\u00f3n de anuncios electr\u00f3nico", "objeto-del-contrato": "Obras de construcci\u00f3n del tercer carril en la carretera M-607. Tramo: Tres Cantos Norte-Variante Sur de Colmenar Viejo (M-618)", "numero-de-expediente": "A/OBR-028670/2019", "referencia": "3413363", "tipo-de-contrato": "Obras", "entidad-adjudicadora": "", "codigo-nuts": "ES300", "procedimiento-adjudicacion": "Abierto", "defectos-u-omisiones-de-la-documentacion-publicados-el": "(Publicado el 11 mayo 2020 15:02)", "ofertas-anormales-o-desproporcionadas-publicadas-el": "(Publicado el 26 mayo 2020 09:31)"}