{"url": "https://www.madrid.org/cs/Satellite?c=CM_ConvocaPrestac_FA&cid=1354805636370&definicion=Contratos+Publicos&language=es&op2=PCON&pagename=PortalContratacion%2FPage%2FPCON_contratosPublicos&tipoServicio=CM_ConvocaPrestac_FA", "titulo": "Obras de reforma para acondicionamiento puntual y subsanaci\u00f3n de deficiencias en la Residencia Infantil Chamber\u00ed", "status": "Plazo indefinido", "tipo-publicacion": "Tabl\u00f3n de anuncios electr\u00f3nico", "objeto-del-contrato": "Obras de reforma para acondicionamiento puntual y subsanaci\u00f3n de deficiencias en la Residencia Infantil Chamber\u00ed", "codigo-cpv": "45000000-7", "numero-de-expediente": "A/OBR-013623/2019", "referencia": "3292503", "tipo-de-contrato": "Obras", "entidad-adjudicadora": "", "codigo-nuts": "ES300", "procedimiento-adjudicacion": "Abierto", "defectos-u-omisiones-de-la-documentacion-publicados-el": "(Publicado el 17 diciembre 2019 11:31)", "empresarios-excluidos-publicados-el": "(Publicado el 29 noviembre 2019 12:00)"}