{"url": "https://www.madrid.org/cs/Satellite?c=CM_ConvocaPrestac_FA&cid=1354739502449&definicion=Contratos+Publicos&language=es&op2=PCON&pagename=PortalContratacion%2FPage%2FPCON_contratosPublicos&tipoServicio=CM_ConvocaPrestac_FA", "titulo": "Demolici\u00f3n de inmuebles existentes de barrios en remodelacion pertenecientes al patrimonio de la Agencia de Vivienda Social dentro de la Comunidad de Madrid", "status": "Plazo indefinido", "tipo-publicacion": "Tabl\u00f3n de anuncios electr\u00f3nico", "objeto-del-contrato": "Demolici\u00f3n de inmuebles existentes de barrios en remodelacion pertenecientes al patrimonio de la Agencia de Vivienda Social dentro de la Comunidad de Madrid", "numero-de-expediente": "A/OBR-016953/2018", "referencia": "2654752", "tipo-de-contrato": "Obras", "entidad-adjudicadora": "", "codigo-nuts": "ES300", "procedimiento-adjudicacion": "Abierto", "defectos-u-omisiones-de-la-documentacion-publicados-el": "(Publicado el 14 diciembre 2018 13:32)", "empresarios-excluidos-publicados-el": "(Publicado el 12 diciembre 2018 09:31)", "otras-informaciones-publicadas-el": "(Publicado el 16 noviembre 2018 14:31)"}