{"url": "https://www.madrid.org/cs/Satellite?c=CM_ConvocaPrestac_FA&cid=1354797009644&definicion=Contratos+Publicos&language=es&op2=PCON&pagename=PortalContratacion%2FPage%2FPCON_contratosPublicos&tipoServicio=CM_ConvocaPrestac_FA", "titulo": "Tabl\u00f3n de anuncios del Obras del Proyecto de Renovaci\u00f3n de la Red de Drenaje Urbano de Belmonte de Tajo (Ciempozuelos)", "status": "Plazo indefinido", "tipo-publicacion": "Tabl\u00f3n de anuncios electr\u00f3nico", "objeto-del-contrato": "Tabl\u00f3n de anuncios del Obras del Proyecto de Renovaci\u00f3n de la Red de Drenaje Urbano de Belmonte de Tajo (Ciempozuelos)", "compra-publica-innovadora": "No", "numero-de-expediente": "2019/46", "referencia": "3259621", "tipo-de-contrato": "Obras", "entidad-adjudicadora": "", "codigo-nuts": "ES300", "procedimiento-adjudicacion": "Abierto", "presupuesto-base-licitacion-(sin-impuestos)": "429.388,94 euros", "duracion-del-contrato": "6 Meses", "puntos-de-informacion": "Obtenci\u00f3n de documentaci\u00f3n e informaci\u00f3n:\n- Canal de Isabel II. Plaza del Descubridor Diego de Ord\u00e1s, 3, 3\u00aa planta. 28003. Madrid. Tel\u00e9fono: 91 545 12 34.\n- Oficinas de Atenci\u00f3n al Ciudadano.\n* Presentaci\u00f3n de ofertas o de solicitudes de participaci\u00f3n:\n- Canal de Isabel II. Plaza del Descubridor Diego de Ord\u00e1s, 3, 3\u00aa planta. 28003. Madrid.", "defectos-u-omisiones-de-la-documentacion-publicados-el": "(Publicado el 30 septiembre 2019 13:03)"}