{"url": "https://www.madrid.org/cs/Satellite?c=CM_ConvocaPrestac_FA&cid=1354796431551&definicion=Contratos+Publicos&language=es&op2=PCON&pagename=PortalContratacion%2FPage%2FPCON_contratosPublicos&tipoServicio=CM_ConvocaPrestac_FA", "titulo": "Tabl\u00f3n Anuncio PASPC 2019-8-5.Obra de Instalaci\u00f3n de Sala Blanca en el Servicio de Farmacia para el Hospital Universitario de Getafe", "status": "Plazo indefinido", "tipo-publicacion": "Tabl\u00f3n de anuncios electr\u00f3nico", "objeto-del-contrato": "Obra de Instalaci\u00f3n de Sala Blanca en el Servicio de Farmacia para el Hospital Universitario de Getafe", "codigo-cpv": "45320000-6", "compra-publica-innovadora": "No", "numero-de-expediente": "PASPC 2019-8-5", "referencia": "3259518", "tipo-de-contrato": "Obras", "entidad-adjudicadora": "", "codigo-nuts": "ES300", "procedimiento-adjudicacion": "Abierto simplificado", "empresarios-excluidos-publicados-el": "(Publicado el 24 octubre 2019 15:31)"}