{"url": "https://www.madrid.org/cs/Satellite?c=CM_ConvocaPrestac_FA&cid=1354861018625&definicion=Contratos+Publicos&language=es&op2=PCON&pagename=PortalContratacion%2FPage%2FPCON_contratosPublicos&tipoServicio=CM_ConvocaPrestac_FA", "titulo": "Obra de instalaci\u00f3n de sistema de climatizaci\u00f3n en el C.S. Rejas de la Gerencia Asistencial Atenci\u00f3n Primaria del SERMAS", "status": "En plazo", "estado-de-la-licitacion": "Abierto", "tipo-resolucion": "Formalizado", "tipo-publicacion": "Contratos adjudicados por procedimientos sin publicidad", "objeto-del-contrato": "EMObra de instalaci\u00f3n de sistema de climatizaci\u00f3n en el C.S. Rejas de la Gerencia Asistencial Atenci\u00f3n Primaria del SERMAS", "numero-de-expediente": "A/OBR-042620/2020", "referencia": "3891419", "tipo-de-contrato": "Obras", "entidad-adjudicadora": "", "codigo-nuts": "ES300", "procedimiento-adjudicacion": "Otros procedimientos: EMERGENCIA", "valor-estimado-sin-i.v.a": "139.749,4 euros", "presupuesto-base-licitacion-(sin-impuestos)": "139.749,4 euros", "presupuesto-base-licitacion.-importe-total": "169.096,77 euros", "duracion-del-contrato": "1 Meses", "adjudicacion-del-contrato-publicada-el": "11 enero 2021", "formalizacion-del-contrato-publicada-el": "11 enero 2021"}