{"url": "https://www.madrid.org/cs/Satellite?c=CM_ConvocaPrestac_FA&cid=1354762372652&definicion=Contratos+Publicos&language=es&op2=PCON&pagename=PortalContratacion%2FPage%2FPCON_contratosPublicos&tipoServicio=CM_ConvocaPrestac_FA", "titulo": "Obras de adecuaci\u00f3n, reparaci\u00f3n y conservaci\u00f3n en el Hospital U. la Princesa y sus centros adscritos", "status": "En tramitaci\u00f3n", "tipo-publicacion": "Tabl\u00f3n de anuncios electr\u00f3nico", "objeto-del-contrato": "Obras de adecuaci\u00f3n, reparaci\u00f3n y conservaci\u00f3n en el\u00a0Hospital Universitario de la Princesa y en los Centros adscritos a dicho Hospital.", "codigo-cpv": "45450000-6", "numero-de-expediente": "P.A. 15/2019 HUP", "referencia": "2789215", "tipo-de-contrato": "Obras", "entidad-adjudicadora": "", "codigo-nuts": "ES300", "procedimiento-adjudicacion": "Abierto", "presupuesto-base-licitacion-(sin-impuestos)": "150.000 euros", "duracion-del-contrato": "12 Meses", "puntos-de-informacion": "", "defectos-u-omisiones-de-la-documentacion-publicados-el": "(Publicado el 29 marzo 2019 11:02)"}