{"url": "https://www.madrid.org/cs/Satellite?c=CM_ConvocaPrestac_FA&cid=1354764536313&definicion=Contratos+Publicos&language=es&op2=PCON&pagename=PortalContratacion%2FPage%2FPCON_contratosPublicos&tipoServicio=CM_ConvocaPrestac_FA", "titulo": "Obras de renovaci\u00f3n de la plataforma de v\u00eda 1 en la l\u00ednea 4 de Metro de Madrid, entre las estaciones de Lista y Goya", "status": "En tramitaci\u00f3n", "tipo-publicacion": "Tabl\u00f3n de anuncios electr\u00f3nico", "objeto-del-contrato": "Obras de renovaci\u00f3n de la plataforma de v\u00eda 1 en la l\u00ednea 4 de Metro de Madrid, entre las estaciones de Lista y Goya.", "numero-de-expediente": "6011900062", "referencia": "2789661", "tipo-de-contrato": "Obras", "entidad-adjudicadora": "", "codigo-nuts": "ES300", "procedimiento-adjudicacion": "Abierto", "defectos-u-omisiones-de-la-documentacion-publicados-el": "(Publicado el 28 marzo 2019 13:30)"}