{"url": "https://www.madrid.org/cs/Satellite?c=CM_ConvocaPrestac_FA&cid=1354775187014&definicion=Contratos+Publicos&language=es&op2=PCON&pagename=PortalContratacion%2FPage%2FPCON_contratosPublicos&tipoServicio=CM_ConvocaPrestac_FA", "titulo": "Obras de rehabilitaci\u00f3n integral para la adaptaci\u00f3n de plazas de mayores dependientes en el m\u00f3dulo 00-D de la Residencia de Mayores \u201cNuestra Se\u00f1ora del Carmen\u201d", "status": "Plazo indefinido", "tipo-publicacion": "Tabl\u00f3n de anuncios electr\u00f3nico", "objeto-del-contrato": "Obras de rehabilitaci\u00f3n integral para la adaptaci\u00f3n de plazas de mayores dependientes en el m\u00f3dulo 00-D de la Residencia de Mayores \"Nuestra Se\u00f1ora del Carmen\"", "codigo-cpv": "45000000-7", "numero-de-expediente": "A/OBR-023087/2018", "referencia": "2995272", "tipo-de-contrato": "Obras", "entidad-adjudicadora": "", "codigo-nuts": "ES300", "procedimiento-adjudicacion": "Abierto simplificado", "defectos-u-omisiones-de-la-documentacion-publicados-el": "(Publicado el 05 diciembre 2019 09:01)", "empresarios-excluidos-publicados-el": "(Publicado el 22 noviembre 2019 09:30)", "ofertas-anormales-o-desproporcionadas-publicadas-el": "(Publicado el 22 noviembre 2019 09:30)"}