{"url": "https://www.madrid.org/cs/Satellite?c=CM_ConvocaPrestac_FA&cid=1354897379259&definicion=Contratos+Publicos&language=es&op2=PCON&pagename=PortalContratacion%2FPage%2FPCON_contratosPublicos&tipoServicio=CM_ConvocaPrestac_FA", "titulo": "Obras de reforma del sector 3 de hospitalizaci\u00f3n en las plantas 7 y 8 del Hospital Universitario de la Princesa", "status": "En plazo", "tipo-publicacion": "Tabl\u00f3n de anuncios electr\u00f3nico", "objeto-del-contrato": "Obras de reforma del sector 3 de Hospitalizaci\u00f3n\u00a0en las plantas 7 y 8\u00a0del Hospital Universitario de la Princesa", "codigo-cpv": "45000000-7", "numero-de-expediente": "P.A.S. 42/2021 HUP", "referencia": "4301343", "tipo-de-contrato": "Obras", "entidad-adjudicadora": "", "codigo-nuts": "ES300", "procedimiento-adjudicacion": "Abierto simplificado", "presupuesto-base-licitacion-(sin-impuestos)": "948.386,74 euros", "duracion-del-contrato": "8 Meses", "puntos-de-informacion": ""}