{"url": "https://www.madrid.org/cs/Satellite?c=CM_ConvocaPrestac_FA&cid=1354815885113&definicion=Contratos+Publicos&language=es&op2=PCON&pagename=PortalContratacion%2FPage%2FPCON_contratosPublicos&tipoServicio=CM_ConvocaPrestac_FA", "titulo": "02/2020 Contrato de obras de reparaci\u00f3n de las instalaciones de climatizaci\u00f3n en el edificio sito en la calle Santa Catalina, n\u00ba 6 de Madrid de la empresa p\u00fablica Obras de Madrid. Gesti\u00f3n de Obras e Infraestructuras, S.A.", "status": "En tramitaci\u00f3n", "tipo-publicacion": "Tabl\u00f3n de anuncios electr\u00f3nico", "objeto-del-contrato": "Reparaci\u00f3n de las instalaciones de climatizaci\u00f3n en el edificio sito en la Calle Sta. Catalina, n\u00ba 6 de Madrid, de la empresa p\u00fablica Obras de Madrid. Gesti\u00f3n de Obras e Infraestructuras, S.A. El objeto, alcance y condiciones de ejecuci\u00f3n del contrato se desarrollan con detalle en el pliego de prescripciones t\u00e9cnicas particulares. Situaci\u00f3n: calle Santa Catalina, n\u00ba 6 de Madrid. Plazo: 1 mes.", "codigo-cpv": "45259000-7, 45331000-6, 45331230-7", "compra-publica-innovadora": "No", "numero-de-expediente": "02/2020", "referencia": "3412378", "tipo-de-contrato": "Obras", "entidad-adjudicadora": "", "codigo-nuts": "ES300", "procedimiento-adjudicacion": "Abierto simplificado", "presupuesto-base-licitacion-(sin-impuestos)": "19.983,6 euros", "duracion-del-contrato": "1 Meses"}