{"url": "https://www.madrid.org/cs/Satellite?c=CM_ConvocaPrestac_FA&cid=1354805847364&definicion=Contratos+Publicos&language=es&op2=PCON&pagename=PortalContratacion%2FPage%2FPCON_contratosPublicos&tipoServicio=CM_ConvocaPrestac_FA", "titulo": "Obras de reforma del sector 3-hospitalizaci\u00f3n en la planta 9 del Hospital Universitario de la Princesa", "status": "En tramitaci\u00f3n", "tipo-publicacion": "Tabl\u00f3n de anuncios electr\u00f3nico", "objeto-del-contrato": "Obras de reforma del sector 3-Hospitalizaci\u00f3n\u00a0en la planta 9\u00a0del Hospital Universitario de la Princesa", "codigo-cpv": "45000000-7", "numero-de-expediente": "P.A.S. 58/2019 HUP", "referencia": "3302832", "tipo-de-contrato": "Obras", "entidad-adjudicadora": "", "codigo-nuts": "ES300", "procedimiento-adjudicacion": "Abierto simplificado", "presupuesto-base-licitacion-(sin-impuestos)": "402.377,8 euros", "duracion-del-contrato": "6 Meses", "puntos-de-informacion": "", "defectos-u-omisiones-de-la-documentacion-publicados-el": "(Publicado el 12 diciembre 2019 12:17)"}