{"url": "https://www.madrid.org/cs/Satellite?c=CM_ConvocaPrestac_FA&cid=1354756569202&definicion=Contratos+Publicos&language=es&op2=PCON&pagename=PortalContratacion%2FPage%2FPCON_contratosPublicos&tipoServicio=CM_ConvocaPrestac_FA", "titulo": "Tabl\u00f3n Obras proy. de adecuaci\u00f3n red saneamiento Pza. Constituci\u00f3n y Pso. la Estaci\u00f3n en Ciempozuelos", "status": "Plazo indefinido", "tipo-publicacion": "Tabl\u00f3n de anuncios electr\u00f3nico", "objeto-del-contrato": "Obras del Proyecto de Adecuaci\u00f3n de la Red de saneamiento en Plaza Constituci\u00f3n y Pso. de la Estaci\u00f3n en Ciempozuelos (Madrid)", "numero-de-expediente": "2018/53", "referencia": "2787890", "tipo-de-contrato": "Obras", "entidad-adjudicadora": "", "codigo-nuts": "ES300", "procedimiento-adjudicacion": "Abierto", "otras-informaciones-publicadas-el": "(Publicado el 29 enero 2019 09:32)"}