{"url": "https://www.madrid.org/cs/Satellite?c=CM_ConvocaPrestac_FA&cid=1354758475449&definicion=Contratos+Publicos&language=es&op2=PCON&pagename=PortalContratacion%2FPage%2FPCON_contratosPublicos&tipoServicio=CM_ConvocaPrestac_FA", "titulo": "Elaboraci\u00f3n de certificados de eficiencia energ\u00e9tica en inmuebles de la Agencia de Vivienda Social de la Comunidad de Madrid.", "status": "Plazo indefinido", "tipo-publicacion": "Tabl\u00f3n de anuncios electr\u00f3nico", "numero-de-expediente": "A/SER-021935/2018", "referencia": "2788369", "tipo-de-contrato": "Obras", "entidad-adjudicadora": "", "codigo-nuts": "ES300", "procedimiento-adjudicacion": "Abierto", "defectos-u-omisiones-de-la-documentacion-publicados-el": "(Publicado el 22 mayo 2019 10:34)", "ofertas-anormales-o-desproporcionadas-publicadas-el": "(Publicado el 21 marzo 2019 13:33)"}