{"url": "https://www.madrid.org/cs/Satellite?c=CM_ConvocaPrestac_FA&cid=1354889311105&definicion=Contratos+Publicos&language=es&op2=PCON&pagename=PortalContratacion%2FPage%2FPCON_contratosPublicos&tipoServicio=CM_ConvocaPrestac_FA", "titulo": "Obras del proyecto de ejecuci\u00f3n de adaptaci\u00f3n al DBSI y reglamento de IPI. Residencia de mayores \"Parque Coimbra\" Avda. Los Sauces, n\u00ba 55. Urbanizaci\u00f3n Parque Coimbra 28935 M\u00f3stoles (Madrid)", "status": "En tramitaci\u00f3n", "tipo-publicacion": "Tabl\u00f3n de anuncios electr\u00f3nico", "objeto-del-contrato": "El objeto del contrato es la ejecuci\u00f3n de obras de adaptaci\u00f3n al Documento B\u00e1sico de Seguridad en caso de Incendio (DBSI) del C\u00f3digo T\u00e9cnico de Edificaci\u00f3n y al Reglamento de Instalaciones de Protecci\u00f3n contra Incendios (IPI) de la Residencia de Personas Mayores y Centro de D\u00eda Parque Co\u00edmbra de Madrid", "codigo-cpv": "45343200-5", "compra-publica-innovadora": "No", "numero-de-expediente": "127/2021", "referencia": "4172627", "tipo-de-contrato": "Obras", "entidad-adjudicadora": "", "codigo-nuts": "ES300", "procedimiento-adjudicacion": "Abierto", "defectos-u-omisiones-de-la-documentacion-publicados-el": "(Publicado el 31 agosto 2021 13:30)"}