{"url": "https://www.madrid.org/cs/Satellite?c=CM_ConvocaPrestac_FA&cid=1354769258967&definicion=Contratos+Publicos&language=es&op2=PCON&pagename=PortalContratacion%2FPage%2FPCON_contratosPublicos&tipoServicio=CM_ConvocaPrestac_FA", "titulo": "Obras de modernizaci\u00f3n de la estaci\u00f3n de Cuatro Caminos de Metro de Madrid.", "status": "En tramitaci\u00f3n", "tipo-publicacion": "Tabl\u00f3n de anuncios electr\u00f3nico", "objeto-del-contrato": "Obras de modernizaci\u00f3n de la estaci\u00f3n de Cuatro Caminos de Metro de Madrid.", "codigo-cpv": "45200000-9, 45213320-2, 45213321-9", "numero-de-expediente": "6011900058", "referencia": "2790753", "tipo-de-contrato": "Obras", "entidad-adjudicadora": "", "codigo-nuts": "ES300", "procedimiento-adjudicacion": "Abierto", "defectos-u-omisiones-de-la-documentacion-publicados-el": "(Publicado el 16 abril 2019 11:27)"}