{"url": "https://www.madrid.org/cs/Satellite?c=CM_ConvocaPrestac_FA&cid=1354764716052&definicion=Contratos+Publicos&language=es&op2=PCON&pagename=PortalContratacion%2FPage%2FPCON_contratosPublicos&tipoServicio=CM_ConvocaPrestac_FA", "titulo": "Tabl\u00f3n anuncios Ampliaci\u00f3n y modif. Redes abastecimeinto y sanaeamiento de la C/ Navahonda en Navalagamella", "status": "Plazo indefinido", "tipo-publicacion": "Tabl\u00f3n de anuncios electr\u00f3nico", "objeto-del-contrato": "Tabl\u00f3n anuncios Ampliaci\u00f3n y modif. Redes abastecimiento y saneamiento de la C/ Navahonda en Navalagamella", "compra-publica-innovadora": "No", "numero-de-expediente": "2019/04", "referencia": "2789709", "tipo-de-contrato": "Obras", "entidad-adjudicadora": "", "codigo-nuts": "ES300", "procedimiento-adjudicacion": "Abierto simplificado", "puntos-de-informacion": "Obtenci\u00f3n de documentaci\u00f3n e informaci\u00f3n:\n- Canal de Isabel II. Plaza del Descubridor Diego de Ord\u00e1s, 3, 3\u00aa planta. 28003. Madrid. Tel\u00e9fono: 91 545 12 34.\n- Oficinas de Atenci\u00f3n al Ciudadano.\n* Presentaci\u00f3n de ofertas o de solicitudes de participaci\u00f3n:\n- Canal de Isabel II. Plaza del Descubridor Diego de Ord\u00e1s, 3, 3\u00aa planta. 28003. Madrid.", "ofertas-anormales-o-desproporcionadas-publicadas-el": "(Publicado el 19 marzo 2019 12:01)"}