{"url": "https://www.madrid.org/cs/Satellite?c=CM_ConvocaPrestac_FA&cid=1354736184803&definicion=Contratos+Publicos&language=es&op2=PCON&pagename=PortalContratacion%2FPage%2FPCON_contratosPublicos&tipoServicio=CM_ConvocaPrestac_FA", "titulo": "Obras de rehabilitacion de fachadas en el CMM Los C\u00e1rmenes", "status": "Plazo indefinido", "tipo-publicacion": "Tabl\u00f3n de anuncios electr\u00f3nico", "objeto-del-contrato": "", "codigo-cpv": "45000000-7", "numero-de-expediente": "A/OBR-015334/2018", "referencia": "2653915", "tipo-de-contrato": "Obras", "entidad-adjudicadora": "", "codigo-nuts": "ES300", "procedimiento-adjudicacion": "Abierto simplificado", "presupuesto-base-licitacion-(sin-impuestos)": "370.806,93 euros", "duracion-del-contrato": "4 Meses", "puntos-de-informacion": "", "empresarios-excluidos-publicados-el": "(Publicado el 27 septiembre 2018 10:00)", "ofertas-anormales-o-desproporcionadas-publicadas-el": "(Publicado el 27 septiembre 2018 10:00)"}