{"url": "https://www.madrid.org/cs/Satellite?c=CM_ConvocaPrestac_FA&cid=1354726653707&definicion=Contratos+Publicos&language=es&op2=PCON&pagename=PortalContratacion%2FPage%2FPCON_contratosPublicos&tipoServicio=CM_ConvocaPrestac_FA", "titulo": "Tabl\u00f3n OBR PASCU 2018-8-2", "status": "Plazo indefinido", "tipo-publicacion": "Tabl\u00f3n de anuncios electr\u00f3nico", "objeto-del-contrato": "Obras de sustituci\u00f3n de las redes generales de agua fr\u00eda, agua caliente y retorno del Hospital Universitario de Getafe", "numero-de-expediente": "OBR PASCU 2018-8-2", "referencia": "2496528", "tipo-de-contrato": "Obras", "entidad-adjudicadora": "", "codigo-nuts": "ES300", "procedimiento-adjudicacion": "Abierto simplificado", "otras-informaciones-publicadas-el": "(Publicado el 22 agosto 2018 12:01)"}