{"url": "https://www.madrid.org/cs/Satellite?c=CM_ConvocaPrestac_FA&cid=1354777658565&definicion=Contratos+Publicos&language=es&op2=PCON&pagename=PortalContratacion%2FPage%2FPCON_contratosPublicos&tipoServicio=CM_ConvocaPrestac_FA", "titulo": "Obras de actualizaci\u00f3n de la sala de calderas en la Residencia de Mayores \u201cFrancisco de Vitoria\u201d en Alcal\u00e1 de Henares", "status": "Plazo indefinido", "tipo-publicacion": "Tabl\u00f3n de anuncios electr\u00f3nico", "objeto-del-contrato": "", "codigo-cpv": "45331110-0", "numero-de-expediente": "A/OBR-007315/2019", "referencia": "3144763", "tipo-de-contrato": "Obras", "entidad-adjudicadora": "", "codigo-nuts": "ES30", "procedimiento-adjudicacion": "Abierto simplificado", "presupuesto-base-licitacion-(sin-impuestos)": "109.166,86 euros", "duracion-del-contrato": "3 Meses", "defectos-u-omisiones-de-la-documentacion-publicados-el": "(Publicado el 02 julio 2019 14:01)"}