{"url": "https://www.madrid.org/cs/Satellite?c=CM_ConvocaPrestac_FA&cid=1354772670351&definicion=Contratos+Publicos&language=es&op2=PCON&pagename=PortalContratacion%2FPage%2FPCON_contratosPublicos&tipoServicio=CM_ConvocaPrestac_FA", "titulo": "Tabl\u00f3n Reforma de la red de fontaneria de agua fr\u00eda y caliente sanitaria en el Centro de Salud Legazpi", "status": "En tramitaci\u00f3n", "tipo-publicacion": "Tabl\u00f3n de anuncios electr\u00f3nico", "objeto-del-contrato": "Reforma de la red de fontaneria de agua fr\u00eda y caliente sanitaria en el Centro de Salud Legazpi", "codigo-cpv": "45330000-9", "compra-publica-innovadora": "No", "numero-de-expediente": "A/OBR-008247/2019", "referencia": "2983444", "tipo-de-contrato": "Obras", "entidad-adjudicadora": "", "codigo-nuts": "ES300", "procedimiento-adjudicacion": "Abierto simplificado", "puntos-de-informacion": ""}