{"url": "https://www.madrid.org/cs/Satellite?c=CM_ConvocaPrestac_FA&cid=1354891748409&definicion=Contratos+Publicos&language=es&op2=PCON&pagename=PortalContratacion%2FPage%2FPCON_contratosPublicos&tipoServicio=CM_ConvocaPrestac_FA", "titulo": "Obras de conservaci\u00f3n y restauraci\u00f3n de los elementos singulares conservados en el cuadrante noroeste del jard\u00edn hist\u00f3rico de Vista Alegre, distrito de Carabanchel, Madrid", "status": "Plazo indefinido", "tipo-publicacion": "Tabl\u00f3n de anuncios electr\u00f3nico", "objeto-del-contrato": "El objeto del contrato es la realizaci\u00f3n de las obras de conservaci\u00f3n y restauraci\u00f3n de los elementos singulares del cuadrante noroeste de la Finca de Vista Alegre (fuentes ornamentales, hornacinas, pedestales, bancos, etc.)", "compra-publica-innovadora": "No", "numero-de-expediente": "A/OBR-016550/2021", "referencia": "4192660", "tipo-de-contrato": "Obras", "entidad-adjudicadora": "", "codigo-nuts": "ES300", "procedimiento-adjudicacion": "Abierto simplificado", "puntos-de-informacion": "", "defectos-u-omisiones-de-la-documentacion-publicados-el": "(Publicado el 22 septiembre 2021 11:45)"}