{"url": "https://www.madrid.org/cs/Satellite?c=CM_ConvocaPrestac_FA&cid=1354770853944&definicion=Contratos+Publicos&language=es&op2=PCON&pagename=PortalContratacion%2FPage%2FPCON_contratosPublicos&tipoServicio=CM_ConvocaPrestac_FA", "titulo": "Tabl\u00f3n de anuncios ampliaci\u00f3n red de saneamiento Lozoyuela", "status": "Plazo indefinido", "tipo-publicacion": "Tabl\u00f3n de anuncios electr\u00f3nico", "objeto-del-contrato": "Tabl\u00f3n de anuncios del contrato n\u00ba 2019/05 Proy. de ejecuci\u00f3n de ampliaci\u00f3n de la red de saneamiento en el \u00e1mbito de la carretera de la Estaci\u00f3n, C/Prado Empe\u00f1ado, traves\u00eda del Prado Empe\u00f1ado y traves\u00eda de la ca\u00f1ada en Lozoyuela", "numero-de-expediente": "2019/05", "referencia": "2791095", "tipo-de-contrato": "Obras", "entidad-adjudicadora": "", "codigo-nuts": "ES300", "procedimiento-adjudicacion": "Abierto simplificado", "presupuesto-base-licitacion-(sin-impuestos)": "295.135,93 euros", "duracion-del-contrato": "195 D\u00edas"}