{"url": "https://www.madrid.org/cs/Satellite?c=CM_ConvocaPrestac_FA&cid=1354844350474&definicion=Contratos+Publicos&language=es&op2=PCON&pagename=PortalContratacion%2FPage%2FPCON_contratosPublicos&tipoServicio=CM_ConvocaPrestac_FA", "titulo": "Obras de construcci\u00f3n de los proyectos constructivos de la conexi\u00f3n viaria norte del PP-03 Buenavista y de la remodelaci\u00f3n de la Carretera M-406", "status": "Plazo indefinido", "tipo-publicacion": "Tabl\u00f3n de anuncios electr\u00f3nico", "objeto-del-contrato": "Obras de construcci\u00f3n de los proyectos constructivos de la conexi\u00f3n viaria norte del PP-03 Buenavista y de la remodelaci\u00f3n de la Carretera M-406", "codigo-cpv": "45233120-6", "numero-de-expediente": "MBV-2019-CO-01", "referencia": "3748503", "tipo-de-contrato": "Obras", "entidad-adjudicadora": "", "codigo-nuts": "ES300", "procedimiento-adjudicacion": "Abierto", "duracion-del-contrato": "Meses", "puntos-de-informacion": "", "defectos-u-omisiones-de-la-documentacion-publicados-el": "(Publicado el 30 abril 2021 10:31)", "empresarios-excluidos-publicados-el": "(Publicado el 27 mayo 2021 09:30)"}