{"url": "https://www.madrid.org/cs/Satellite?c=CM_ConvocaPrestac_FA&cid=1354831327476&definicion=Contratos+Publicos&language=es&op2=PCON&pagename=PortalContratacion%2FPage%2FPCON_contratosPublicos&tipoServicio=CM_ConvocaPrestac_FA", "titulo": "Tabl\u00f3n Obra cambio cubierta e instalaci\u00f3n perimetral en C.S. Dos de Mayo", "status": "En tramitaci\u00f3n", "tipo-publicacion": "Tabl\u00f3n de anuncios electr\u00f3nico", "objeto-del-contrato": "Obra para el cambio de la cubierta e instalaci\u00f3n protecci\u00f3n perimetral en el C.S. Dos de Mayo", "codigo-cpv": "45262660-5", "compra-publica-innovadora": "No", "numero-de-expediente": "A/OBR-007036/2020", "referencia": "3616712", "tipo-de-contrato": "Obras", "entidad-adjudicadora": "", "codigo-nuts": "ES300", "procedimiento-adjudicacion": "Abierto simplificado"}