{"url": "https://www.madrid.org/cs/Satellite?c=CM_ConvocaPrestac_FA&cid=1354795753431&definicion=Contratos+Publicos&language=es&op2=PCON&pagename=PortalContratacion%2FPage%2FPCON_contratosPublicos&tipoServicio=CM_ConvocaPrestac_FA", "titulo": "Tabl\u00f3n Obra de sustituci\u00f3n e instalaci\u00f3n de una bomba de calor y la instalaci\u00f3n de una caldera de condensaci\u00f3n en el Centro de Salud Huerta de los Frailes", "status": "En tramitaci\u00f3n", "tipo-publicacion": "Tabl\u00f3n de anuncios electr\u00f3nico", "objeto-del-contrato": "", "compra-publica-innovadora": "No", "numero-de-expediente": "A/OBR-021693/2019", "referencia": "3259378", "tipo-de-contrato": "Obras", "entidad-adjudicadora": "", "codigo-nuts": "ES300", "procedimiento-adjudicacion": "Abierto simplificado", "ofertas-anormales-o-desproporcionadas-publicadas-el": "(Publicado el 20 septiembre 2019 13:03)"}