{"url": "https://www.madrid.org/cs/Satellite?c=CM_ConvocaPrestac_FA&cid=1354746921084&definicion=Contratos+Publicos&language=es&op2=PCON&pagename=PortalContratacion%2FPage%2FPCON_contratosPublicos&tipoServicio=CM_ConvocaPrestac_FA", "titulo": "Obras de acondicionamiento del Centro Ocupacional Carabanchel", "status": "Plazo indefinido", "tipo-publicacion": "Tabl\u00f3n de anuncios electr\u00f3nico", "numero-de-expediente": "A/OBR-010043/2018", "referencia": "2660689", "tipo-de-contrato": "Obras", "entidad-adjudicadora": "", "codigo-nuts": "ES300", "procedimiento-adjudicacion": "Abierto simplificado", "empresarios-excluidos-publicados-el": "(Publicado el 21 noviembre 2018 15:00)", "ofertas-anormales-o-desproporcionadas-publicadas-el": "(Publicado el 21 noviembre 2018 15:00)"}