{"url": "https://www.madrid.org/cs/Satellite?c=CM_ConvocaPrestac_FA&cid=1354717876217&definicion=Contratos+Publicos&language=es&op2=PCON&pagename=PortalContratacion%2FPage%2FPCON_contratosPublicos&tipoServicio=CM_ConvocaPrestac_FA", "titulo": "Construcci\u00f3n de ascensor y escaleras de emergencia y mejora de accesibilidad y evacuaci\u00f3n en los edificios 2 y 3 del CEIP Los \u00c1ngeles, en Torrelodones", "status": "En tramitaci\u00f3n", "tipo-publicacion": "Tabl\u00f3n de anuncios electr\u00f3nico", "objeto-del-contrato": "Construcci\u00f3n de ascensor y escaleras de emergencia y mejora de accesibilidad y evacuaci\u00f3n en los edificios 2 y 3 del CEIP Los \u00c1ngeles, en Torrelodones", "codigo-cpv": "45214210-5", "numero-de-expediente": "A/OBR-006373/2018", "referencia": "2425090", "tipo-de-contrato": "Obras", "entidad-adjudicadora": "", "codigo-nuts": "ES300", "procedimiento-adjudicacion": "Abierto", "presupuesto-base-licitacion-(sin-impuestos)": "143.125,99 euros", "duracion-del-contrato": "2 Meses"}