{"url": "https://www.madrid.org/cs/Satellite?c=CM_ConvocaPrestac_FA&cid=1354901167963&definicion=Contratos+Publicos&language=es&op2=PCON&pagename=PortalContratacion%2FPage%2FPCON_contratosPublicos&tipoServicio=CM_ConvocaPrestac_FA", "titulo": "A/OBR-022997/2021Tabl\u00f3n Obras CEIP S. Jos\u00e9 de Valderas en Alcorc", "status": "Plazo indefinido", "tipo-publicacion": "Tabl\u00f3n de anuncios electr\u00f3nico", "objeto-del-contrato": "", "codigo-cpv": "45212290-5", "numero-de-expediente": "A/OBR-022997/2021", "referencia": "4338743", "tipo-de-contrato": "Obras", "entidad-adjudicadora": "", "codigo-nuts": "ES300", "procedimiento-adjudicacion": "Abierto simplificado", "presupuesto-base-licitacion-(sin-impuestos)": "68.163,2 euros", "duracion-del-contrato": "1 Meses", "ofertas-anormales-o-desproporcionadas-publicadas-el": "(Publicado el 26 octubre 2021 11:01)"}