{"url": "https://www.madrid.org/cs/Satellite?c=CM_ConvocaPrestac_FA&cid=1354899312266&definicion=Contratos+Publicos&language=es&op2=PCON&pagename=PortalContratacion%2FPage%2FPCON_contratosPublicos&tipoServicio=CM_ConvocaPrestac_FA", "titulo": "Obras de adecuaci\u00f3n interior de peque\u00f1os espacios para implantaci\u00f3n de equipos INVEAT refuerzo y capacidades globales del Hospital Universitario La Paz.", "status": "En tramitaci\u00f3n", "tipo-publicacion": "Tabl\u00f3n de anuncios electr\u00f3nico", "objeto-del-contrato": "Obras de adecuaci\u00f3n interior de peque\u00f1os espacios para implantaci\u00f3n de equipos INVEAT, refuerzo y\u00a0capacidades globales del Hospital Universitario La Paz.-", "codigo-cpv": "45450000-6", "compra-publica-innovadora": "No", "numero-de-expediente": "P.A.S. 44/2021", "referencia": "4305237", "tipo-de-contrato": "Obras", "entidad-adjudicadora": "", "codigo-nuts": "ES300", "procedimiento-adjudicacion": "Abierto simplificado"}