{"url": "https://www.madrid.org/cs/Satellite?c=CM_ConvocaPrestac_FA&cid=1354777418169&definicion=Contratos+Publicos&language=es&op2=PCON&pagename=PortalContratacion%2FPage%2FPCON_contratosPublicos&tipoServicio=CM_ConvocaPrestac_FA", "titulo": "Acuerdo Marco a que habr\u00e1n de ajustarse los contratos de obra de instalaci\u00f3n, reforma, restauraci\u00f3n, rehabilitaci\u00f3n, reparaci\u00f3n simple, conservaci\u00f3n, mantenimiento y demolici\u00f3n de los inmuebles adscritos a la Agencia Madrile\u00f1a de Atenci\u00f3n Social (2 lotes)", "status": "Plazo indefinido", "tipo-publicacion": "Tabl\u00f3n de anuncios electr\u00f3nico", "objeto-del-contrato": "Acuerdo Marco a que habr\u00e1n de ajustarse los contratos de obra de instalaci\u00f3n, reforma, restauraci\u00f3n, rehabilitaci\u00f3n, reparaci\u00f3n simple, conservaci\u00f3n, mantenimiento y demolici\u00f3n de los inmuebles adscritos a la Agencia Madrile\u00f1a de Atenci\u00f3n Social (2 lotes)", "numero-de-expediente": "A/OBR-025426/2018", "referencia": "3144499", "tipo-de-contrato": "Obras", "entidad-adjudicadora": "", "codigo-nuts": "ES300", "procedimiento-adjudicacion": "Abierto", "defectos-u-omisiones-de-la-documentacion-publicados-el": "(Publicado el 10 septiembre 2019 15:00)", "empresarios-excluidos-publicados-el": "(Publicado el 05 julio 2019 12:31)", "ofertas-anormales-o-desproporcionadas-publicadas-el": "(Publicado el 18 julio 2019 14:31)"}