{"url": "https://www.madrid.org/cs/Satellite?c=CM_ConvocaPrestac_FA&cid=1354736449081&definicion=Contratos+Publicos&language=es&op2=PCON&pagename=PortalContratacion%2FPage%2FPCON_contratosPublicos&tipoServicio=CM_ConvocaPrestac_FA", "titulo": "Obra sustitucion muro RM Colmenar Viejo", "status": "Plazo indefinido", "tipo-publicacion": "Tabl\u00f3n de anuncios electr\u00f3nico", "objeto-del-contrato": "", "codigo-cpv": "45262620-3", "numero-de-expediente": "A/OBR-0012799/2018", "referencia": "2653965", "tipo-de-contrato": "Obras", "entidad-adjudicadora": "", "codigo-nuts": "ES300", "procedimiento-adjudicacion": "Abierto simplificado", "presupuesto-base-licitacion-(sin-impuestos)": "118.679,89 euros", "duracion-del-contrato": "3 Meses", "puntos-de-informacion": "", "empresarios-excluidos-publicados-el": "(Publicado el 28 septiembre 2018 13:30)", "ofertas-anormales-o-desproporcionadas-publicadas-el": "(Publicado el 28 septiembre 2018 13:30)"}