{"url": "https://www.madrid.org/cs/Satellite?c=CM_ConvocaPrestac_FA&cid=1354775822528&definicion=Contratos+Publicos&language=es&op2=PCON&pagename=PortalContratacion%2FPage%2FPCON_contratosPublicos&tipoServicio=CM_ConvocaPrestac_FA", "titulo": "Ejecuci\u00f3n de las obras de Renovaci\u00f3n de Alumbrado p\u00fablico en diferentes zonas en San Fernando de Henares (Madrid)", "status": "En tramitaci\u00f3n", "tipo-publicacion": "Tabl\u00f3n de anuncios electr\u00f3nico", "codigo-cpv": "45259900-6", "numero-de-expediente": "CA/0811.126.05/01/O", "referencia": "3066549", "tipo-de-contrato": "Obras", "entidad-adjudicadora": "", "codigo-nuts": "ES300", "procedimiento-adjudicacion": "Abierto simplificado", "presupuesto-base-licitacion-(sin-impuestos)": "430.779,05 euros", "duracion-del-contrato": "4 Meses", "puntos-de-informacion": "Entidad adjudicadora: Obras de Madrid. Gesti\u00f3n de Obras e Infraestructuras, S.A. CIF A79932927 - calle Alcal\u00e1, 21 - 4\u00aa planta - 28014 Madrid - Tel. 915240436; Fax. 915770150 - correos electr\u00f3nicos: icuesta@obrasdemadrid.com y p.rubio@obrasdemadrid.com (consultas t\u00e9cnicas) y md.nogal@obrasdemadrid.com (consultas administrativas)\nObtenci\u00f3n de Documentaci\u00f3n: Perfil del contratante http:/www.madrid.org/contratospublicos; Copias Prado: Tel.915753415.\nPresentaci\u00f3n de ofertas: Obras de Madrid, Gesti\u00f3n de Obras e Infraestructuras, S.A. Calle Alcal\u00e1, 21, 1\u00aa planta. 28014. Madrid. Hasta las 14: hs. del d\u00eda 30/04/2019.\nApertura de ofertas: Obras de Madrid, Gesti\u00f3n de Obras e Infraestructuras, S.A. Calle Alcal\u00e1, 21, 4\u00aa planta. 28014. Madrid. La fecha y hora se har\u00e1 p\u00fablica en el Portal de la Contrataci\u00f3n P\u00fablica, Perfil de Contratante con una antelaci\u00f3n m\u00ednima de siete d\u00edas naturales."}