{"url": "https://www.madrid.org/cs/Satellite?c=CM_ConvocaPrestac_FA&cid=1354793790100&definicion=Contratos+Publicos&language=es&op2=PCON&pagename=PortalContratacion%2FPage%2FPCON_contratosPublicos&tipoServicio=CM_ConvocaPrestac_FA", "titulo": "TABL\u00d3N  P.A.S. HCCR 13/2019-OB", "status": "En tramitaci\u00f3n", "tipo-publicacion": "Tabl\u00f3n de anuncios electr\u00f3nico", "codigo-cpv": "45214100-1", "numero-de-expediente": "P.A.S. HCCR 13/2019-OB", "referencia": "3258982", "tipo-de-contrato": "Obras", "entidad-adjudicadora": "", "codigo-nuts": "ES300", "procedimiento-adjudicacion": "Abierto simplificado", "defectos-u-omisiones-de-la-documentacion-publicados-el": "(Publicado el 09 septiembre 2019 15:05)", "ofertas-anormales-o-desproporcionadas-publicadas-el": "(Publicado el 13 septiembre 2019 11:03)"}