{"url": "https://www.madrid.org/cs/Satellite?c=CM_ConvocaPrestac_FA&cid=1354863879066&definicion=Contratos+Publicos&language=es&op2=PCON&pagename=PortalContratacion%2FPage%2FPCON_contratosPublicos&tipoServicio=CM_ConvocaPrestac_FA", "titulo": "Modificaci\u00f3n de la instalaci\u00f3n de climatizaci\u00f3n del centro de atenci\u00f3n a personas mayores dependientes (residencia y centro de d\u00eda) \"Pe\u00f1uelas\", c/ Arganda 9 y 11. Madrid", "status": "En tramitaci\u00f3n", "tipo-publicacion": "Tabl\u00f3n de anuncios electr\u00f3nico", "objeto-del-contrato": "El objeto del contrato es la ejecuci\u00f3n de obras de instalaci\u00f3n de nuevos equipos de climatizaci\u00f3n (fr\u00edo/calor) en el inmueble que alberga la residencia, sus cinco plantas y cuatro bloques incluyendo todos los trabajos necesarios para el desmontaje de equipos existentes, y la colocaci\u00f3n, instalaci\u00f3n y puesta en marcha de los nuevos equipos climatizadores.", "compra-publica-innovadora": "No", "numero-de-expediente": "088/2020", "referencia": "3932422", "tipo-de-contrato": "Obras", "entidad-adjudicadora": "", "codigo-nuts": "ES300", "procedimiento-adjudicacion": "Abierto", "defectos-u-omisiones-de-la-documentacion-publicados-el": "(Publicado el 04 marzo 2021 11:31)"}