{"url": "https://www.madrid.org/cs/Satellite?c=CM_ConvocaPrestac_FA&cid=1354884490014&definicion=Contratos+Publicos&language=es&op2=PCON&pagename=PortalContratacion%2FPage%2FPCON_contratosPublicos&tipoServicio=CM_ConvocaPrestac_FA", "titulo": "Obras para la reforma del almac\u00e9n del Dep\u00f3sito de Canillejas", "status": "En tramitaci\u00f3n", "tipo-publicacion": "Tabl\u00f3n de anuncios electr\u00f3nico", "objeto-del-contrato": "Obras para la reforma del almac\u00e9n del Dep\u00f3sito de Canillejas", "codigo-cpv": "45000000-7", "numero-de-expediente": "6012100090", "referencia": "4145586", "tipo-de-contrato": "Obras", "entidad-adjudicadora": "", "codigo-nuts": "ES300", "procedimiento-adjudicacion": "Abierto", "defectos-u-omisiones-de-la-documentacion-publicados-el": "(Publicado el 09 septiembre 2021 11:00)", "empresarios-excluidos-publicados-el": "(Publicado el 27 septiembre 2021 11:45)", "ofertas-anormales-o-desproporcionadas-publicadas-el": "(Publicado el 20 septiembre 2021 10:30)"}