{"url": "https://www.madrid.org/cs/Satellite?c=CM_ConvocaPrestac_FA&cid=1354872923131&definicion=Contratos+Publicos&language=es&op2=PCON&pagename=PortalContratacion%2FPage%2FPCON_contratosPublicos&tipoServicio=CM_ConvocaPrestac_FA", "titulo": "Obras de mantenimiento y actuaciones urgentes en las instalaciones el\u00e9ctricas de explotaci\u00f3n de aguas subterr\u00e1neas", "status": "Plazo indefinido", "tipo-publicacion": "Tabl\u00f3n de anuncios electr\u00f3nico", "codigo-cpv": "45317000-2", "numero-de-expediente": "170/2020 Tabl\u00f3n", "referencia": "4025440", "tipo-de-contrato": "Obras", "entidad-adjudicadora": "", "codigo-nuts": "ES300", "procedimiento-adjudicacion": "Abierto", "duracion-del-contrato": "4 A\u00f1os", "defectos-u-omisiones-de-la-documentacion-publicados-el": "(Publicado el 13 abril 2021 09:30)", "ofertas-anormales-o-desproporcionadas-publicadas-el": "(Publicado el 10 mayo 2021 15:39)"}