{"url": "https://www.madrid.org/cs/Satellite?c=CM_ConvocaPrestac_FA&cid=1354798331922&definicion=Contratos+Publicos&language=es&op2=PCON&pagename=PortalContratacion%2FPage%2FPCON_contratosPublicos&tipoServicio=CM_ConvocaPrestac_FA", "titulo": "A/OBR-024858/2019 - Tabl\u00f3n de anuncios", "status": "En tramitaci\u00f3n", "tipo-publicacion": "Tabl\u00f3n de anuncios electr\u00f3nico", "objeto-del-contrato": "Obras de reforma del \u00e1rea de simulaci\u00f3n m\u00e9dica en planta s\u00f3tano del Hospital Materno-Infantil del H.G.U. Gregorio Mara\u00f1\u00f3n.", "numero-de-expediente": "A/OBR-024858/2019", "referencia": "3259888", "tipo-de-contrato": "Obras", "entidad-adjudicadora": "", "codigo-nuts": "ES300", "procedimiento-adjudicacion": "Abierto simplificado", "ofertas-anormales-o-desproporcionadas-publicadas-el": "(Publicado el 17 octubre 2019 09:01)", "otras-informaciones-publicadas-el": "(Publicado el 16 octubre 2019 12:46)"}