{"url": "https://www.madrid.org/cs/Satellite?c=CM_ConvocaPrestac_FA&cid=1354901168994&definicion=Contratos+Publicos&language=es&op2=PCON&pagename=PortalContratacion%2FPage%2FPCON_contratosPublicos&tipoServicio=CM_ConvocaPrestac_FA", "titulo": "Obras de renovaci\u00f3n integral de plataforma de v\u00eda en L\u00ednea 8 entre Colombia y Pinar del Rey, PK 18+000 a PK 19+006", "status": "En tramitaci\u00f3n", "tipo-publicacion": "Tabl\u00f3n de anuncios electr\u00f3nico", "objeto-del-contrato": "Obras de renovaci\u00f3n integral de plataforma de v\u00eda en L\u00ednea 8 entre Colombia y Pinar del Rey, PK 18+000 a PK 19+006", "codigo-cpv": "45234116-2, 45234129-6, 45234160-5, 45315400-2, 45315600-4, 45311100-1, 45310000-3", "compra-publica-innovadora": "No", "numero-de-expediente": "6012100265", "referencia": "4338744", "tipo-de-contrato": "Obras", "entidad-adjudicadora": "", "codigo-nuts": "ES300", "procedimiento-adjudicacion": "Abierto", "defectos-u-omisiones-de-la-documentacion-publicados-el": "(Publicado el 26 octubre 2021 10:30)"}