{"url": "https://www.madrid.org/cs/Satellite?c=CM_ConvocaPrestac_FA&cid=1354853449835&definicion=Contratos+Publicos&language=es&op2=PCON&pagename=PortalContratacion%2FPage%2FPCON_contratosPublicos&tipoServicio=CM_ConvocaPrestac_FA", "titulo": "Obras del proyecto de edificio de instalaciones y marquesina para aparcamientos en la margen derecha de la presa del Atazar", "status": "Plazo indefinido", "tipo-publicacion": "Tabl\u00f3n de anuncios electr\u00f3nico", "objeto-del-contrato": "Obras del proyecto de edificio de instalaciones y marquesina para aparcamientos en la margen derecha de la presa del Atazar", "codigo-cpv": "45213250-0", "numero-de-expediente": "236/2019", "referencia": "3782878", "tipo-de-contrato": "Obras", "entidad-adjudicadora": "", "codigo-nuts": "ES300", "procedimiento-adjudicacion": "Abierto", "presupuesto-base-licitacion-(sin-impuestos)": "370.295,01 euros", "duracion-del-contrato": "6 Meses", "defectos-u-omisiones-de-la-documentacion-publicados-el": "(Publicado el 19 julio 2021 10:00)", "ofertas-anormales-o-desproporcionadas-publicadas-el": "(Publicado el 11 noviembre 2020 10:45)"}