{"url": "https://www.madrid.org/cs/Satellite?c=CM_ConvocaPrestac_FA&cid=1354798661776&definicion=Contratos+Publicos&language=es&op2=PCON&pagename=PortalContratacion%2FPage%2FPCON_contratosPublicos&tipoServicio=CM_ConvocaPrestac_FA", "titulo": "Obra de ampliaci\u00f3n del Hospital Oncohematol\u00f3gico y nueva Unidad del Dolor del Hospital Universitario de la Princesa", "status": "En tramitaci\u00f3n", "tipo-publicacion": "Tabl\u00f3n de anuncios electr\u00f3nico", "objeto-del-contrato": "Obras de ampliaci\u00f3n del Hospital Oncohematol\u00f3gico\u00a0y nueva Unidad del Dolor del Hospital Universitario de la Princesa", "codigo-cpv": "45000000-7", "numero-de-expediente": "P.A.S. 3/2019 HUP", "referencia": "3259983", "tipo-de-contrato": "Obras", "entidad-adjudicadora": "", "codigo-nuts": "ES300", "procedimiento-adjudicacion": "Abierto simplificado", "presupuesto-base-licitacion-(sin-impuestos)": "453.012,16 euros", "duracion-del-contrato": "4 Meses", "puntos-de-informacion": "", "empresarios-excluidos-publicados-el": "(Publicado el 05 diciembre 2019 09:46)"}