{"url": "https://www.madrid.org/cs/Satellite?c=CM_ConvocaPrestac_FA&cid=1354771570814&definicion=Contratos+Publicos&language=es&op2=PCON&pagename=PortalContratacion%2FPage%2FPCON_contratosPublicos&tipoServicio=CM_ConvocaPrestac_FA", "titulo": "05/2019 Tabl\u00f3n 2807603", "status": "Plazo indefinido", "tipo-publicacion": "Tabl\u00f3n de anuncios electr\u00f3nico", "objeto-del-contrato": "Ver convocatoria", "numero-de-expediente": "5/2019 (A/OBR-002325/2019)", "referencia": "2807603", "tipo-de-contrato": "Obras", "entidad-adjudicadora": "", "codigo-nuts": "ES300", "procedimiento-adjudicacion": "Abierto", "defectos-u-omisiones-de-la-documentacion-publicados-el": "(Publicado el 07 mayo 2019 14:00)", "ofertas-anormales-o-desproporcionadas-publicadas-el": "(Publicado el 16 mayo 2019 09:14)"}