{"url": "https://www.madrid.org/cs/Satellite?c=CM_ConvocaPrestac_FA&cid=1354739400950&definicion=Contratos+Publicos&language=es&op2=PCON&pagename=PortalContratacion%2FPage%2FPCON_contratosPublicos&tipoServicio=CM_ConvocaPrestac_FA", "titulo": "Obras de reforma del \u00c1rea de Cirug\u00eda Mayor Ambulatoria, planta 4\u00aa (Sector 4) del Hospital Universitario de la Princesa", "status": "En tramitaci\u00f3n", "tipo-publicacion": "Tabl\u00f3n de anuncios electr\u00f3nico", "objeto-del-contrato": "Obras de reforma del \u00c1rea de Cirug\u00eda Mayor Ambulatoria, planta 4\u00aa (Sector 4) del Hospital Universitario de la Princesa", "codigo-cpv": "45262800-9", "numero-de-expediente": "P.A. 38/2018 HUP", "referencia": "2654712", "tipo-de-contrato": "Obras", "entidad-adjudicadora": "", "codigo-nuts": "ES300", "procedimiento-adjudicacion": "Abierto simplificado", "presupuesto-base-licitacion-(sin-impuestos)": "304.131,81 euros", "duracion-del-contrato": "3 Meses"}