{"url": "https://www.madrid.org/cs/Satellite?c=CM_ConvocaPrestac_FA&cid=1354765635957&definicion=Contratos+Publicos&language=es&op2=PCON&pagename=PortalContratacion%2FPage%2FPCON_contratosPublicos&tipoServicio=CM_ConvocaPrestac_FA", "titulo": "Tabl\u00f3n Obras para la reparaci\u00f3n parcial de fachadas en el C.S.Miguel de Cervantes de Alcal\u00e1 de Henares dependiente de la Gerencia Asistencial de Atenci\u00f3n Primaria del Servicio Madrile\u00f1o de Salud", "status": "En tramitaci\u00f3n", "tipo-publicacion": "Tabl\u00f3n de anuncios electr\u00f3nico", "objeto-del-contrato": "Obras para la reparaci\u00f3n parcial de fachadas en el C.S.Miguel de Cervantes de Alcal\u00e1 de Henares dependiente de la Gerencia Asistencial de Atenci\u00f3n Primaria del Servicio Madrile\u00f1o de Salud", "codigo-cpv": "45000000-7", "compra-publica-innovadora": "No", "numero-de-expediente": "A/OBR-006260/2019", "referencia": "2789918", "tipo-de-contrato": "Obras", "entidad-adjudicadora": "", "codigo-nuts": "ES300", "procedimiento-adjudicacion": "Abierto simplificado", "duracion-del-contrato": "Meses"}