{"url": "https://www.madrid.org/cs/Satellite?c=CM_ConvocaPrestac_FA&cid=1354740004966&definicion=Contratos+Publicos&language=es&op2=PCON&pagename=PortalContratacion%2FPage%2FPCON_contratosPublicos&tipoServicio=CM_ConvocaPrestac_FA", "titulo": "Obras restauraci\u00f3n de la nave de la iglesia del Monasterio de Santa Mar\u00eda la Real de Valdeiglesias, en Pelayos de la Presa", "status": "En tramitaci\u00f3n", "tipo-publicacion": "Tabl\u00f3n de anuncios electr\u00f3nico", "objeto-del-contrato": "Obras restauraci\u00f3n de la nave de la iglesia del Monasterio de Santa Mar\u00eda la Real de Valdeiglesias, en Pelayos de la Presa", "codigo-cpv": "45212350-4", "numero-de-expediente": "C-337C/001-18 (A/OBR-006700/2018", "referencia": "2654877", "tipo-de-contrato": "Obras", "entidad-adjudicadora": "", "codigo-nuts": "ES300", "procedimiento-adjudicacion": "Abierto", "duracion-del-contrato": "8 Meses", "defectos-u-omisiones-de-la-documentacion-publicados-el": "(Publicado el 18 octubre 2018 15:00)"}