{"url": "https://www.madrid.org/cs/Satellite?c=CM_ConvocaPrestac_FA&cid=1354781220243&definicion=Contratos+Publicos&language=es&op2=PCON&pagename=PortalContratacion%2FPage%2FPCON_contratosPublicos&tipoServicio=CM_ConvocaPrestac_FA", "titulo": "Obras de sustituci\u00f3n de tuber\u00edas en agua fr\u00eda y caliente en el M\u00f3dulo B de la Residencia de Mayores Francisco de Vitoria de Alcal\u00e1 de Henares", "status": "Plazo indefinido", "tipo-publicacion": "Tabl\u00f3n de anuncios electr\u00f3nico", "numero-de-expediente": "A/OBR-008962/2019", "referencia": "3147336", "tipo-de-contrato": "Obras", "entidad-adjudicadora": "", "codigo-nuts": "ES300", "procedimiento-adjudicacion": "Abierto simplificado", "defectos-u-omisiones-de-la-documentacion-publicados-el": "(Publicado el 24 julio 2019 12:31)", "empresarios-excluidos-publicados-el": "(Publicado el 08 julio 2019 12:00)"}