{"url": "https://www.madrid.org/cs/Satellite?c=CM_ConvocaPrestac_FA&cid=1354811884787&definicion=Contratos+Publicos&language=es&op2=PCON&pagename=PortalContratacion%2FPage%2FPCON_contratosPublicos&tipoServicio=CM_ConvocaPrestac_FA", "titulo": "4 vppa y trasteros en el municipio de Horcajo de la Sierra-Aoslo, 4 vppa en el municipio de Puebla de la sierra, 10 vppa, trateros y garajes en el municipio de Berzosa de Lozoya", "status": "Plazo indefinido", "tipo-publicacion": "Tabl\u00f3n de anuncios electr\u00f3nico", "objeto-del-contrato": "4 vppa y trasteros en el municipio de Horcajo de la Sierra-Aoslo, 4 vppa en el municipio de Puebla de la sierra, 10 vppa, trateros y garajes en el municipio de Berzosa de Lozoya", "numero-de-expediente": "A/OBR-022171/2019", "referencia": "3411542", "tipo-de-contrato": "Obras", "entidad-adjudicadora": "", "codigo-nuts": "ES300", "procedimiento-adjudicacion": "Abierto", "defectos-u-omisiones-de-la-documentacion-publicados-el": "(Publicado el 08 junio 2020 09:30)", "ofertas-anormales-o-desproporcionadas-publicadas-el": "(Publicado el 27 febrero 2020 12:15)"}