{"url": "https://www.madrid.org/cs/Satellite?c=CM_ConvocaPrestac_FA&cid=1354859347877&definicion=Contratos+Publicos&language=es&op2=PCON&pagename=PortalContratacion%2FPage%2FPCON_contratosPublicos&tipoServicio=CM_ConvocaPrestac_FA", "titulo": "20/2020 Obras del Edificio \u00fanico judicial situado en la Avenida de la Constituci\u00f3n n\u00ba 188 de Torrej\u00f3n de Ardoz (Madrid)TAB", "status": "En tramitaci\u00f3n", "tipo-publicacion": "Tabl\u00f3n de anuncios electr\u00f3nico", "codigo-cpv": "45216112-2", "compra-publica-innovadora": "No", "numero-de-expediente": "20/2020", "referencia": "3882785", "tipo-de-contrato": "Obras", "entidad-adjudicadora": "", "codigo-nuts": "ES300", "procedimiento-adjudicacion": "Abierto", "presupuesto-base-licitacion-(sin-impuestos)": "12.353.095,53 euros", "duracion-del-contrato": "24 Meses", "defectos-u-omisiones-de-la-documentacion-publicados-el": "(Publicado el 22 diciembre 2020 13:30)"}