{"url": "https://www.madrid.org/cs/Satellite?c=CM_ConvocaPrestac_FA&cid=1354775960072&definicion=Contratos+Publicos&language=es&op2=PCON&pagename=PortalContratacion%2FPage%2FPCON_contratosPublicos&tipoServicio=CM_ConvocaPrestac_FA", "titulo": "Ejecuci\u00f3n de las obras de Renovaci\u00f3n de Alumbrado p\u00fablico en diferentes zonas en San Fernando de Henares (Madrid)", "status": "En tramitaci\u00f3n", "tipo-publicacion": "Tabl\u00f3n de anuncios electr\u00f3nico", "codigo-cpv": "45259900-6", "numero-de-expediente": "CA/0811.126.05/01/O", "referencia": "3125359", "tipo-de-contrato": "Obras", "entidad-adjudicadora": "", "codigo-nuts": "ES300", "procedimiento-adjudicacion": "Abierto simplificado", "presupuesto-base-licitacion-(sin-impuestos)": "430.779,05 euros", "duracion-del-contrato": "4 Meses", "defectos-u-omisiones-de-la-documentacion-publicados-el": "(Publicado el 31 mayo 2019 08:31)"}