{"url": "https://www.madrid.org/cs/Satellite?c=CM_ConvocaPrestac_FA&cid=1354873878618&definicion=Contratos+Publicos&language=es&op2=PCON&pagename=PortalContratacion%2FPage%2FPCON_contratosPublicos&tipoServicio=CM_ConvocaPrestac_FA", "titulo": "Modificaci\u00f3n de la instalaci\u00f3n de climatizaci\u00f3n del centro de atenci\u00f3n a personas mayores dependientes (residencia y centro de d\u00eda) Mirasierra. c/ Portera del cura 1. Madrid", "status": "En tramitaci\u00f3n", "tipo-publicacion": "Tabl\u00f3n de anuncios electr\u00f3nico", "objeto-del-contrato": "Ejecuci\u00f3n de obras de sustituci\u00f3n, modificaci\u00f3n, ampliaci\u00f3n y mejora de las instalaciones de climatizaci\u00f3n y ventilaci\u00f3n en el edificio que alberga la Residencia y Centro de d\u00eda incluyendo todos los trabajos necesarios para el desmontaje de equipos existentes, y la colocaci\u00f3n, instalaci\u00f3n y puesta en marcha de los nuevos equipos climatizadores.", "codigo-cpv": "45331000-6", "compra-publica-innovadora": "No", "numero-de-expediente": "082/2020 (A/OBR-015629/2020)", "referencia": "4025690", "tipo-de-contrato": "Obras", "entidad-adjudicadora": "", "codigo-nuts": "ES300", "procedimiento-adjudicacion": "Abierto", "defectos-u-omisiones-de-la-documentacion-publicados-el": "(Publicado el 17 mayo 2021 10:30)"}