{"url": "https://www.madrid.org/cs/Satellite?c=CM_ConvocaPrestac_FA&cid=1354895932854&definicion=Contratos+Publicos&language=es&op2=PCON&pagename=PortalContratacion%2FPage%2FPCON_contratosPublicos&tipoServicio=CM_ConvocaPrestac_FA", "titulo": "Obras de construcci\u00f3n de la prolongaci\u00f3n de la l\u00ednea 3 de Metro de Madrid a el Casar", "status": "Plazo indefinido", "tipo-publicacion": "Tabl\u00f3n de anuncios electr\u00f3nico", "objeto-del-contrato": "El objeto del contrato consiste en la ejecuci\u00f3n de las obras para la prolongaci\u00f3n de la l\u00ednea 3 de Metro de Madrid desde Villaverde Alto en Madrid, hasta la estaci\u00f3n de El Casar, en el l\u00edmite nordeste del actual casco urbano de Getafe, donde conectar\u00e1 con la l\u00ednea 12 (MetroSur) y con la l\u00ednea C-3 de la red de Cercan\u00edas.", "numero-de-expediente": "A/OBR-000891/2021", "referencia": "4301085", "tipo-de-contrato": "Obras", "entidad-adjudicadora": "", "codigo-nuts": "ES300", "procedimiento-adjudicacion": "Abierto", "defectos-u-omisiones-de-la-documentacion-publicados-el": "(Publicado el 17 septiembre 2021 12:45)", "ofertas-anormales-o-desproporcionadas-publicadas-el": "(Publicado el 13 octubre 2021 10:01)"}