{"url": "https://www.madrid.org/cs/Satellite?c=CM_ConvocaPrestac_FA&cid=1354733106594&definicion=Contratos+Publicos&language=es&op2=PCON&pagename=PortalContratacion%2FPage%2FPCON_contratosPublicos&tipoServicio=CM_ConvocaPrestac_FA", "titulo": "Obras de reforma y acondicionamiento de espacios de las antiguas consultas de Neurolog\u00eda, para trasladar los despachos de Atenci\u00f3n al Paciente en planta baja del Edificio de la Residencia General del Hospital Universitario 12 de Octubre", "status": "En tramitaci\u00f3n", "tipo-publicacion": "Tabl\u00f3n de anuncios electr\u00f3nico", "objeto-del-contrato": "Obras de reforma y acondicionamiento de espacios de las antiguas consultas de Neurolog\u00eda, para trasladar los despachos de Atenci\u00f3n al Paciente en planta baja del Edificio de la Residencia General del Hospital Universitario 12 de Octubre", "compra-publica-innovadora": "No", "numero-de-expediente": "2018-0-162", "referencia": "2653310", "tipo-de-contrato": "Obras", "entidad-adjudicadora": "", "codigo-nuts": "ES300", "procedimiento-adjudicacion": "Abierto", "puntos-de-informacion": ""}