{"url": "https://www.madrid.org/cs/Satellite?c=CM_ConvocaPrestac_FA&cid=1354899058612&definicion=Contratos+Publicos&language=es&op2=PCON&pagename=PortalContratacion%2FPage%2FPCON_contratosPublicos&tipoServicio=CM_ConvocaPrestac_FA", "titulo": "OBRAS DE INSTALACI\u00d3N DE L\u00cdNEA SUBTERR\u00c1NEA DE MEDIA TENSI\u00d3N, DESDE SUBESTACI\u00d3N A CT EDIFICICIO \u201cHIDR\u00c1ULICA\u201d Y CT EDIFICIO \u201cCEREALES\u201d, EN LA FINCA EL ENC\u00cdN, EN ALCALA DE HENARES", "status": "Plazo indefinido", "tipo-publicacion": "Tabl\u00f3n de anuncios electr\u00f3nico", "objeto-del-contrato": "El objeto del contrato es la obra de instalaci\u00f3n de l\u00ednea subterr\u00e1nea de media tensi\u00f3n, desde subestaci\u00f3n a C.T. edificio \"Hidr\u00e1ulica\" y C.T. edificio \"Cereales\" en la Finca \"El Enc\u00edn\" en Alcal\u00e1 de Henares, y se definen en la Memoria y dem\u00e1s documentos del Proyecto B\u00e1sico de Ejecuci\u00f3n", "codigo-cpv": "45259000-7, 45311100-1", "compra-publica-innovadora": "No", "numero-de-expediente": "A/OBR-033405/2021", "referencia": "4303476", "tipo-de-contrato": "Obras", "entidad-adjudicadora": "", "codigo-nuts": "ES300", "procedimiento-adjudicacion": "Abierto simplificado", "puntos-de-informacion": "", "empresarios-excluidos-publicados-el": "(Publicado el 13 octubre 2021 10:01)", "ofertas-anormales-o-desproporcionadas-publicadas-el": "(Publicado el 13 octubre 2021 10:01)"}