{"url": "https://www.madrid.org/cs/Satellite?c=CM_ConvocaPrestac_FA&cid=1354776818281&definicion=Contratos+Publicos&language=es&op2=PCON&pagename=PortalContratacion%2FPage%2FPCON_contratosPublicos&tipoServicio=CM_ConvocaPrestac_FA", "titulo": "Ejecuci\u00f3n de las Obras de Acondicionamiento del Local para la Oficina de Empleo en Pinto, situada en la Calle Catalu\u00f1a C/V Avenida de Europa.", "status": "En tramitaci\u00f3n", "tipo-publicacion": "Tabl\u00f3n de anuncios electr\u00f3nico", "numero-de-expediente": "10/2019", "referencia": "3139043", "tipo-de-contrato": "Obras", "entidad-adjudicadora": "", "codigo-nuts": "ES300", "procedimiento-adjudicacion": "Abierto simplificado", "presupuesto-base-licitacion-(sin-impuestos)": "447.631,15 euros", "duracion-del-contrato": "5 Meses", "defectos-u-omisiones-de-la-documentacion-publicados-el": "(Publicado el 02 julio 2019 11:02)"}