{"url": "https://www.madrid.org/cs/Satellite?c=CM_ConvocaPrestac_FA&cid=1354730959482&definicion=Contratos+Publicos&language=es&op2=PCON&pagename=PortalContratacion%2FPage%2FPCON_contratosPublicos&tipoServicio=CM_ConvocaPrestac_FA", "titulo": "TABL\u00d3N DE ANUNCIOS DE LA OBRA DE INSTALACION DE ASCENSOR Y ESCALERA DE EVACUACION EN HOSPITAL LA FUENFR\u00cdA HF-03/2018", "status": "En tramitaci\u00f3n", "tipo-publicacion": "Tabl\u00f3n de anuncios electr\u00f3nico", "objeto-del-contrato": "OBRA DE INSTALACION DE ASCENSOR Y ESCALERA DE EVACUACION EN HOSPITAL LA FUENFR\u00cdA HF-03/2018", "codigo-cpv": "45313100-5, 44481100-6", "compra-publica-innovadora": "No", "numero-de-expediente": "HF-03/2018", "referencia": "2652888", "tipo-de-contrato": "Obras", "entidad-adjudicadora": "", "codigo-nuts": "ES300", "procedimiento-adjudicacion": "Abierto simplificado", "presupuesto-base-licitacion-(sin-impuestos)": "194.526,97 euros", "duracion-del-contrato": "10 Meses", "puntos-de-informacion": ""}