{"url": "https://www.madrid.org/cs/Satellite?c=CM_ConvocaPrestac_FA&cid=1354861773844&definicion=Contratos+Publicos&language=es&op2=PCON&pagename=PortalContratacion%2FPage%2FPCON_contratosPublicos&tipoServicio=CM_ConvocaPrestac_FA", "titulo": "Obras para la restauraci\u00f3n y consolidaci\u00f3n estructural de la portada de la iglesia del Monasterio de Santa Mar\u00eda la Real de Valdeiglesias, en Pelayos de la Presa\u201d.", "status": "En tramitaci\u00f3n", "tipo-publicacion": "Tabl\u00f3n de anuncios electr\u00f3nico", "objeto-del-contrato": "Obras para la restauraci\u00f3n y consolidaci\u00f3n estructural de la portada de la iglesia del Monasterio de Santa Mar\u00eda la Real de Valdeiglesias, en Pelayos de la Presa\u201d.", "codigo-cpv": "45212350-4", "compra-publica-innovadora": "No", "numero-de-expediente": "C-337C/006-20 (A/OBR-031985/2020)", "referencia": "3902175", "tipo-de-contrato": "Obras", "entidad-adjudicadora": "", "codigo-nuts": "ES30", "procedimiento-adjudicacion": "Abierto simplificado", "duracion-del-contrato": "8 Meses", "defectos-u-omisiones-de-la-documentacion-publicados-el": "(Publicado el 05 febrero 2021 11:37)"}