{"url": "https://www.madrid.org/cs/Satellite?c=CM_ConvocaPrestac_FA&cid=1354776294885&definicion=Contratos+Publicos&language=es&op2=PCON&pagename=PortalContratacion%2FPage%2FPCON_contratosPublicos&tipoServicio=CM_ConvocaPrestac_FA", "titulo": "Rehabilitaci\u00f3n de  Muro Lindero, Climatizaci\u00f3n y Ventilaci\u00f3n en la Escuela Superior de Canto de Madrid", "status": "Plazo indefinido", "estado-de-la-licitacion": "Abierto", "tipo-resolucion": "Formalizado", "tipo-publicacion": "Contratos adjudicados por procedimientos sin publicidad", "objeto-del-contrato": "Rehabilitaci\u00f3n de\u00a0 Muro Lindero, Climatizaci\u00f3n y Ventilaci\u00f3n en la Escuela Superior de Canto de Madrid", "codigo-cpv": "45214230-1", "compra-publica-innovadora": "No", "numero-de-expediente": "A/OBR-021667/2018", "referencia": "3130051", "tipo-de-contrato": "Obras", "entidad-adjudicadora": "", "codigo-nuts": "ES300", "procedimiento-adjudicacion": "Negociado sin publicidad", "presupuesto-base-licitacion-(sin-impuestos)": "164.004,68 euros", "presupuesto-base-licitacion.-importe-total": "198.445,66 euros", "duracion-del-contrato": "45 D\u00edas", "adjudicacion-del-contrato-publicada-el": "03 junio 2019", "formalizacion-del-contrato-publicada-el": "03 junio 2019"}