{"url": "https://www.madrid.org/cs/Satellite?c=CM_ConvocaPrestac_FA&cid=1354881683221&definicion=Contratos+Publicos&language=es&op2=PCON&pagename=PortalContratacion%2FPage%2FPCON_contratosPublicos&tipoServicio=CM_ConvocaPrestac_FA", "titulo": "Tabl\u00f3n Obras de reforma y adecuaci\u00f3n  de la instalaci\u00f3n de climatizaci\u00f3n  del Centro de Salud Cerro del Aire de la Gerencia Asistencial de Atenci\u00f3n Primaria.", "status": "En tramitaci\u00f3n", "tipo-publicacion": "Tabl\u00f3n de anuncios electr\u00f3nico", "objeto-del-contrato": "Obras de reforma y adecuaci\u00f3n\u00a0 de la instalaci\u00f3n de climatizaci\u00f3n\u00a0 del Centro de Salud Cerro del Aire de la Gerencia Asistencial de Atenci\u00f3n Primaria.", "codigo-cpv": "45331000-6", "numero-de-expediente": "A/OBR-014459/2021", "referencia": "4118672", "tipo-de-contrato": "Obras", "entidad-adjudicadora": "", "codigo-nuts": "ES300", "procedimiento-adjudicacion": "Abierto simplificado", "puntos-de-informacion": "", "ofertas-anormales-o-desproporcionadas-publicadas-el": "(Publicado el 26 mayo 2021 11:00)"}