{"url": "https://www.madrid.org/cs/Satellite?c=CM_ConvocaPrestac_FA&cid=1354796899019&definicion=Contratos+Publicos&language=es&op2=PCON&pagename=PortalContratacion%2FPage%2FPCON_contratosPublicos&tipoServicio=CM_ConvocaPrestac_FA", "titulo": "Obras para la adaptaci\u00f3n del bunker existente para el acoplamiento de un equipo de tomoterapia en el Hospital Universitario La Paz", "status": "En tramitaci\u00f3n", "tipo-publicacion": "Tabl\u00f3n de anuncios electr\u00f3nico", "objeto-del-contrato": "Obras para la adaptaci\u00f3n del bunker existente para el acoplamiento de un equipo de tomoterapia en Hospital Universitario La Paz.", "codigo-cpv": "45215143-1", "numero-de-expediente": "P.A.S. 42/2019", "referencia": "3259598", "tipo-de-contrato": "Obras", "entidad-adjudicadora": "", "codigo-nuts": "ES300", "procedimiento-adjudicacion": "Abierto simplificado"}