{"url": "https://www.madrid.org/cs/Satellite?c=CM_ConvocaPrestac_FA&cid=1354740028548&definicion=Contratos+Publicos&language=es&op2=PCON&pagename=PortalContratacion%2FPage%2FPCON_contratosPublicos&tipoServicio=CM_ConvocaPrestac_FA", "titulo": "Restauraci\u00f3n (Fase 2) de las antiguas caballerizas del Palacio de Goyeneche en Nuevo Bazt\u00e1n, Madrid", "status": "En tramitaci\u00f3n", "tipo-publicacion": "Tabl\u00f3n de anuncios electr\u00f3nico", "objeto-del-contrato": "Restauraci\u00f3n (Fase 2) de las antiguas caballerizas del Palacio de Goyeneche en Nuevo Bazt\u00e1n, Madrid", "codigo-cpv": "45212350-4", "compra-publica-innovadora": "No", "numero-de-expediente": "C-337C/002-18 (A/OBR-011239/2018)", "referencia": "2654881", "tipo-de-contrato": "Obras", "entidad-adjudicadora": "", "codigo-nuts": "ES30", "procedimiento-adjudicacion": "Abierto", "duracion-del-contrato": "10 Meses", "defectos-u-omisiones-de-la-documentacion-publicados-el": "(Publicado el 18 octubre 2018 14:31)"}