{"url": "https://www.madrid.org/cs/Satellite?c=CM_ConvocaPrestac_FA&cid=1354857556240&definicion=Contratos+Publicos&language=es&op2=PCON&pagename=PortalContratacion%2FPage%2FPCON_contratosPublicos&tipoServicio=CM_ConvocaPrestac_FA", "titulo": "Obras auxiliares y complementarias para la instalaci\u00f3n de aulas prefabricadas a implementar en el CEIP Legazpi de Arroyomolinos como medida de distanciamiento contra el COVID-19", "status": "Plazo indefinido", "estado-de-la-licitacion": "Abierto", "tipo-resolucion": "Formalizado", "tipo-publicacion": "Contratos adjudicados por procedimientos sin publicidad", "objeto-del-contrato": "Obras auxiliares y complementarias para la instalaci\u00f3n de aulas prefabricadas a implantar en el CEIP Legazpi de Arroyomolinos como medida de distanciamiento contra el COVID-19.", "codigo-cpv": "45214200-2", "compra-publica-innovadora": "No", "numero-de-expediente": "A/OBR-043464/2020", "referencia": "3877825", "tipo-de-contrato": "Obras", "entidad-adjudicadora": "", "codigo-nuts": "ES300", "procedimiento-adjudicacion": "Otros procedimientos: Emergencia", "valor-estimado-sin-i.v.a": "76.776,86 euros", "presupuesto-base-licitacion-(sin-impuestos)": "76.776,86 euros", "presupuesto-base-licitacion.-importe-total": "92.900 euros", "adjudicacion-del-contrato-publicada-el": "11 diciembre 2020", "formalizacion-del-contrato-publicada-el": "11 diciembre 2020"}