{"url": "https://www.madrid.org/cs/Satellite?c=CM_ConvocaPrestac_FA&cid=1354806947486&definicion=Contratos+Publicos&language=es&op2=PCON&pagename=PortalContratacion%2FPage%2FPCON_contratosPublicos&tipoServicio=CM_ConvocaPrestac_FA", "titulo": "obras de acondicionamiento del acceso a la ETAP de Colmenar Viejo", "status": "Plazo indefinido", "tipo-publicacion": "Tabl\u00f3n de anuncios electr\u00f3nico", "objeto-del-contrato": "obras de acondicionamiento del acceso a la ETAP de Colmenar Viejo", "numero-de-expediente": "221/2018", "referencia": "3349604", "tipo-de-contrato": "Obras", "entidad-adjudicadora": "", "codigo-nuts": "ES300", "procedimiento-adjudicacion": "Abierto", "defectos-u-omisiones-de-la-documentacion-publicados-el": "(Publicado el 21 mayo 2020 12:00)", "ofertas-anormales-o-desproporcionadas-publicadas-el": "(Publicado el 12 junio 2020 12:31)"}