{"url": "https://www.madrid.org/cs/Satellite?c=CM_ConvocaPrestac_FA&cid=1354876861090&definicion=Contratos+Publicos&language=es&op2=PCON&pagename=PortalContratacion%2FPage%2FPCON_contratosPublicos&tipoServicio=CM_ConvocaPrestac_FA", "titulo": "Obras de repaci\u00f3n del puente de acceso a Alcal\u00e1 de Henares sobre la carretera M-300, p.k. 28+900", "status": "Plazo indefinido", "estado-de-la-licitacion": "Abierto", "tipo-resolucion": "Formalizado", "tipo-publicacion": "Contratos adjudicados por procedimientos sin publicidad", "objeto-del-contrato": "Obras de reparaci\u00f3n del puente de acceso a Alcal\u00e1 de Henares sobre la carretera M-300, p.k. 28+900.", "codigo-cpv": "45221110-6, 45221111-3", "numero-de-expediente": "A/OBR-017193/2021", "referencia": "4051389", "tipo-de-contrato": "Obras", "entidad-adjudicadora": "", "codigo-nuts": "ES300", "procedimiento-adjudicacion": "Otros procedimientos: tramitaci\u00f3n de emergencia", "presupuesto-base-licitacion-(sin-impuestos)": "1.699.999,99 euros", "presupuesto-base-licitacion.-importe-total": "2.056.999,99 euros", "duracion-del-contrato": "9 Meses"}