{"url": "https://www.madrid.org/cs/Satellite?c=CM_ConvocaPrestac_FA&cid=1354776508073&definicion=Contratos+Publicos&language=es&op2=PCON&pagename=PortalContratacion%2FPage%2FPCON_contratosPublicos&tipoServicio=CM_ConvocaPrestac_FA", "titulo": "Reforma y Ampliaci\u00f3n de Cocina del CEIP Miguel de Cervantes en Collado Villalba", "status": "Plazo indefinido", "estado-de-la-licitacion": "Abierto", "tipo-resolucion": "Formalizado", "tipo-publicacion": "Contratos adjudicados por procedimientos sin publicidad", "objeto-del-contrato": "Reforma y Ampliaci\u00f3n de Cocina del CEIP Miguel de Cervantes en Collado Villalba", "codigo-cpv": "45214210-5", "compra-publica-innovadora": "No", "numero-de-expediente": "A/OBR-021009/2019", "referencia": "3138399", "tipo-de-contrato": "Obras", "entidad-adjudicadora": "", "codigo-nuts": "ES300", "procedimiento-adjudicacion": "Negociado sin publicidad", "valor-estimado-sin-i.v.a": "91.061,76 euros", "presupuesto-base-licitacion-(sin-impuestos)": "91.061,76 euros", "presupuesto-base-licitacion.-importe-total": "110.184,73 euros", "duracion-del-contrato": "80 D\u00edas", "adjudicacion-del-contrato-publicada-el": "04 junio 2019", "formalizacion-del-contrato-publicada-el": "04 junio 2019"}