{"url": "https://www.madrid.org/cs/Satellite?c=CM_ConvocaPrestac_FA&cid=1354766051121&definicion=Contratos+Publicos&language=es&op2=PCON&pagename=PortalContratacion%2FPage%2FPCON_contratosPublicos&tipoServicio=CM_ConvocaPrestac_FA", "titulo": "Ejecuci\u00f3n de las Obras de Ordenaci\u00f3n de Bordes de la Variante de Acceso a la Avda. Dr. Manuel Jarabo de San Martin de la Vega (Madrid)", "status": "En tramitaci\u00f3n", "tipo-publicacion": "Tabl\u00f3n de anuncios electr\u00f3nico", "objeto-del-contrato": "Tipo: Obras\nDescripci\u00f3n: \"Ordenaci\u00f3n de bordes de la variante de acceso a la Avenida Doctor Manuel Jarabo\", Municipio de San Martin de la Vega (Madrid)\nDivisi\u00f3n por lotes y n\u00famero: No se admite\nLugar de ejecuci\u00f3n: San Martin de la Vega (Madrid) C\u00f3digo NUTS ES300\nDomicilio: Avenida del Doctor Manuel Jarabo, en San Martin de la Vega\nPlazo Ejecuci\u00f3n: 45 d\u00edas\nCPV (Referencia Nomenclatura): 452 000 00 9", "codigo-cpv": "45200000-9", "numero-de-expediente": "CA/0811.128.07/01/O", "referencia": "2790012", "tipo-de-contrato": "Obras", "entidad-adjudicadora": "", "codigo-nuts": "ES300", "procedimiento-adjudicacion": "Abierto simplificado", "presupuesto-base-licitacion-(sin-impuestos)": "69.672,03 euros", "duracion-del-contrato": "45 D\u00edas", "puntos-de-informacion": "*Entidad adjudicadora: Obras de Madrid. Gesti\u00f3n de Obras e Infraestructuras, S.A. CIF A79932927 - calle Alcal\u00e1, 21 - 4\u00aa planta - 28014 Madrid - Tel. 915240436; Fax. 915770150 - correos electr\u00f3nicos: icuesta@obrasdemadrid.com y p.rubio@obrasdemadrid.com (consultas t\u00e9cnicas) y md.nogal@obrasdemadrid.com (consultas administrativas *Documentaci\u00f3n: Perfil del contratante http:/www.madrid.org/contratospublicos - Tel.915753415; Fax. 915770150\n*Presentaci\u00f3n de ofertas: hasta el 12 de marzo de 2019 a las 14:00 hs. en Calle Alcal\u00e1, 21 - 4\u00aa planta - 28014 Madrid\n*Apertura de ofertas: La fecha y la hora se har\u00e1 p\u00fablica en el Portal de la contrataci\u00f3n P\u00fablica, Perfil del contratante con una antelaci\u00f3n m\u00ednima de siete d\u00edas naturales. en Calle Alcal\u00e1, 21 - 4\u00aa planta - 28014 Madrid"}