{"url": "https://www.madrid.org/cs/Satellite?c=CM_ConvocaPrestac_FA&cid=1354752664934&definicion=Contratos+Publicos&language=es&op2=PCON&pagename=PortalContratacion%2FPage%2FPCON_contratosPublicos&tipoServicio=CM_ConvocaPrestac_FA", "titulo": "OBRAS DE \u201cURBANIZACI\u00d3N COLONIA ALTO DEL ARENAL. PROYECTO DE URBANIZACI\u00d3N APD 14/2 Y ESTUDIO DE DETALLE 13/7. EN API 13.03. VALLECAS (MADRID)\u201d", "status": "Plazo indefinido", "tipo-publicacion": "Tabl\u00f3n de anuncios electr\u00f3nico", "objeto-del-contrato": "", "numero-de-expediente": "A/OBR-026119/2018", "referencia": "2787160", "tipo-de-contrato": "Obras", "entidad-adjudicadora": "", "codigo-nuts": "ES300", "procedimiento-adjudicacion": "Abierto", "otras-informaciones-publicadas-el": "(Publicado el 07 mayo 2019 11:20)"}