{"url": "https://www.madrid.org/cs/Satellite?c=CM_ConvocaPrestac_FA&cid=1354708649258&definicion=Contratos+Publicos&language=es&op2=PCON&pagename=PortalContratacion%2FPage%2FPCON_contratosPublicos&tipoServicio=CM_ConvocaPrestac_FA", "titulo": "Obras de recalce de cimentaci\u00f3n de los edificios del sureste de la Quinta de Vista Alegre, entrada desde la calle Clara Campoamor, Distrito de Carabanchel, Madrid", "status": "Plazo indefinido", "tipo-publicacion": "Tabl\u00f3n de anuncios electr\u00f3nico", "numero-de-expediente": "A/OBR-002432/2018", "referencia": "2275111", "tipo-de-contrato": "Obras", "entidad-adjudicadora": "", "codigo-nuts": "ES300", "procedimiento-adjudicacion": "Abierto", "empresarios-excluidos-publicados-el": "(Publicado el 25 abril 2018 10:00)"}