{"url": "https://www.madrid.org/cs/Satellite?c=CM_ConvocaPrestac_FA&cid=1354857237842&definicion=Contratos+Publicos&language=es&op2=PCON&pagename=PortalContratacion%2FPage%2FPCON_contratosPublicos&tipoServicio=CM_ConvocaPrestac_FA", "titulo": "Obra de nuevos espacios para el Servicio de Laboratorios", "status": "Plazo indefinido", "estado-de-la-licitacion": "Abierto", "tipo-resolucion": "Formalizado", "tipo-publicacion": "Contratos adjudicados por procedimientos sin publicidad", "objeto-del-contrato": "Obra de nuevos espacios para el Servicio Laboratorios", "codigo-cpv": "45454100-5", "compra-publica-innovadora": "No", "numero-de-expediente": "A/OBR-040032/2020", "referencia": "3877410", "tipo-de-contrato": "Obras", "entidad-adjudicadora": "", "codigo-nuts": "ES300", "procedimiento-adjudicacion": "Otros procedimientos: Tramite de emergencia", "valor-estimado-sin-i.v.a": "219.834,71 euros", "presupuesto-base-licitacion-(sin-impuestos)": "219.834,71 euros", "presupuesto-base-licitacion.-importe-total": "266.000 euros", "duracion-del-contrato": "20 D\u00edas", "puntos-de-informacion": "Hospital Universitario de M\u00f3stoles. Unidad de Contrataci\u00f3n Administrativa. C/ Dr. Lu\u00eds Montes, s/n. 28935\u00a0 M\u00f3stoles. Madrid. Tf. 91 664 80 90. correo electr\u00f3nico:", "formalizacion-del-contrato-publicada-el": "25 noviembre 2020"}