{"url": "https://www.madrid.org/cs/Satellite?c=CM_ConvocaPrestac_FA&cid=1354865355173&definicion=Contratos+Publicos&language=es&op2=PCON&pagename=PortalContratacion%2FPage%2FPCON_contratosPublicos&tipoServicio=CM_ConvocaPrestac_FA", "titulo": "Obras del proyecto de construcci\u00f3n adecuaci\u00f3n a la D.I.A. de la duplicaci\u00f3n de la carretera M-501 entre Quijorna y Navas del Rey", "status": "Plazo indefinido", "tipo-publicacion": "Tabl\u00f3n de anuncios electr\u00f3nico", "objeto-del-contrato": "Obras del proyecto de construcci\u00f3n adecuaci\u00f3n a la D.I.A. de la duplicaci\u00f3n de la carretera M-501 entre Quijorna y Navas del Rey", "numero-de-expediente": "A/OBR-016112/2020", "referencia": "3949932", "tipo-de-contrato": "Obras", "entidad-adjudicadora": "", "codigo-nuts": "ES300", "procedimiento-adjudicacion": "Abierto simplificado", "defectos-u-omisiones-de-la-documentacion-publicados-el": "(Publicado el 04 mayo 2021 12:01)", "ofertas-anormales-o-desproporcionadas-publicadas-el": "(Publicado el 17 febrero 2021 14:16)"}