{"url": "https://www.madrid.org/cs/Satellite?c=CM_ConvocaPrestac_FA&cid=1354775217990&definicion=Contratos+Publicos&language=es&op2=PCON&pagename=PortalContratacion%2FPage%2FPCON_contratosPublicos&tipoServicio=CM_ConvocaPrestac_FA", "titulo": "Ejecuci\u00f3n de las obras de Renovaci\u00f3n de la impermeabilizaci\u00f3n de la cubierta y reparaci\u00f3n del cerramiento de la piscina cubierta del polideportivo municipal -San Fernando de Henares (Madrid) TAB", "status": "En tramitaci\u00f3n", "tipo-publicacion": "Tabl\u00f3n de anuncios electr\u00f3nico", "objeto-del-contrato": "Obras para la Renovaci\u00f3n de la impermeabilizaci\u00f3n de cubierta y reparaci\u00f3n del cerramiento de la piscina cubierta del polideportivo municipal en el municipio de San Fernando de Henares (Madrdi).\nDivisi\u00f3n de Lotes: no", "codigo-cpv": "45212200-8", "numero-de-expediente": "CA/0811.126.10/01/O", "referencia": "2996126", "tipo-de-contrato": "Obras", "entidad-adjudicadora": "", "codigo-nuts": "ES300", "procedimiento-adjudicacion": "Abierto simplificado", "presupuesto-base-licitacion-(sin-impuestos)": "107.528,94 euros", "duracion-del-contrato": "2 Meses", "puntos-de-informacion": "Entidad adjudicadora: Obras de Madrid. Gesti\u00f3n de Obras e Infraestructuras, S.A. CIF A79932927 - calle Alcal\u00e1, 21 - 4\u00aa planta - 28014 Madrid - Tel. 915240436; Fax. 915770150 - correos electr\u00f3nicos: icuesta@obrasdemadrid.com y p.rubio@obrasdemadrid.com (consultas t\u00e9cnicas) y md.nogal@obrasdemadrid.com (consultas administrativas)\nObtenci\u00f3n de Documentaci\u00f3n:\nPerfil del contratante http:/www.madrid.org/contratospublicos;\nCopias Prado: Tel.915753415.", "defectos-u-omisiones-de-la-documentacion-publicados-el": "(Publicado el 28 mayo 2019 11:11)"}