{"url": "https://www.madrid.org/cs/Satellite?c=CM_ConvocaPrestac_FA&cid=1354742659922&definicion=Contratos+Publicos&language=es&op2=PCON&pagename=PortalContratacion%2FPage%2FPCON_contratosPublicos&tipoServicio=CM_ConvocaPrestac_FA", "titulo": "Rehabilitaci\u00f3n del edificio, urbanizaci\u00f3n de la parcela y equipamiento del Archivo de la Consejer\u00eda de Econom\u00eda, Empleo y Hacienda en el Colegio de San Fernando", "status": "En tramitaci\u00f3n", "tipo-publicacion": "Tabl\u00f3n de anuncios electr\u00f3nico", "objeto-del-contrato": "Rehabilitaci\u00f3n del edificio, urbanizaci\u00f3n de la parcela y equipamiento del Archivo de la Consejer\u00eda de Econom\u00eda, Empleo y Hacienda en el Colegio de San Fernando", "compra-publica-innovadora": "No", "numero-de-expediente": "A/OBR-007072/2018", "referencia": "2655193", "tipo-de-contrato": "Obras", "entidad-adjudicadora": "", "codigo-nuts": "ES300", "procedimiento-adjudicacion": "Abierto", "puntos-de-informacion": ""}