{"url": "https://www.madrid.org/cs/Satellite?c=CM_ConvocaPrestac_FA&cid=1354794113660&definicion=Contratos+Publicos&language=es&op2=PCON&pagename=PortalContratacion%2FPage%2FPCON_contratosPublicos&tipoServicio=CM_ConvocaPrestac_FA", "titulo": "Subsanacion de Deficiencias en el IES Isabel la Catolica de Madrid", "status": "Plazo indefinido", "estado-de-la-licitacion": "Abierto", "tipo-resolucion": "Formalizado", "tipo-publicacion": "Contratos adjudicados por procedimientos sin publicidad", "objeto-del-contrato": "Subsanacion de Deficiencias en el IES Isabel La Catolica de Madrid", "codigo-cpv": "45214220-8", "compra-publica-innovadora": "No", "numero-de-expediente": "A/OBR-009456/2019", "referencia": "3259042", "tipo-de-contrato": "Obras", "entidad-adjudicadora": "", "codigo-nuts": "ES300", "procedimiento-adjudicacion": "Negociado sin publicidad", "valor-estimado-sin-i.v.a": "363.004,65 euros", "presupuesto-base-licitacion-(sin-impuestos)": "300.003,84 euros", "presupuesto-base-licitacion.-importe-total": "363.004,65 euros", "duracion-del-contrato": "4 Meses", "adjudicacion-del-contrato-publicada-el": "11 septiembre 2019", "formalizacion-del-contrato-publicada-el": "11 septiembre 2019"}