{"url": "https://www.madrid.org/cs/Satellite?c=CM_ConvocaPrestac_FA&cid=1354829774195&definicion=Contratos+Publicos&language=es&op2=PCON&pagename=PortalContratacion%2FPage%2FPCON_contratosPublicos&tipoServicio=CM_ConvocaPrestac_FA", "titulo": "Obras de adecuaci\u00f3n, reparaci\u00f3n y conservaci\u00f3n en el HUP y Centros adscritos (C.E. HGN, C.S.M. Chamart\u00edn, C.S.M. Goya)", "status": "En tramitaci\u00f3n", "tipo-publicacion": "Tabl\u00f3n de anuncios electr\u00f3nico", "objeto-del-contrato": "Obras de adecuaci\u00f3n, reparaci\u00f3n y conservaci\u00f3n en el Hospital Universitario de La Princesa y en los centros adscritos a dicho Hospital (C.E. Hermanos Garc\u00eda Noblejas, C.S.M. de Chamart\u00edn y\u00a0 C.S.M. Goya).", "codigo-cpv": "45450000-6", "compra-publica-innovadora": "No", "numero-de-expediente": "P.A.S. 52/2020 HUP", "referencia": "3561922", "tipo-de-contrato": "Obras", "entidad-adjudicadora": "", "codigo-nuts": "ES300", "procedimiento-adjudicacion": "Abierto simplificado", "presupuesto-base-licitacion-(sin-impuestos)": "157.438,02 euros", "duracion-del-contrato": "12 Meses", "defectos-u-omisiones-de-la-documentacion-publicados-el": "(Publicado el 30 julio 2020 15:00)"}