{"url": "https://www.madrid.org/cs/Satellite?c=CM_ConvocaPrestac_FA&cid=1354775394240&definicion=Contratos+Publicos&language=es&op2=PCON&pagename=PortalContratacion%2FPage%2FPCON_contratosPublicos&tipoServicio=CM_ConvocaPrestac_FA", "titulo": "Obra de adecuaci\u00f3n del nuevo \u00c1rea de Braquiterapia del Hospital Universitario de la Princesa", "status": "En tramitaci\u00f3n", "tipo-publicacion": "Tabl\u00f3n de anuncios electr\u00f3nico", "objeto-del-contrato": "Obras de adecuaci\u00f3n del \u00c1rea de Braquiterapia del Hospital Universitario de la Princesa", "codigo-cpv": "45300000-0", "numero-de-expediente": "P.A. 34/2019 HUP", "referencia": "2996234", "tipo-de-contrato": "Obras", "entidad-adjudicadora": "", "codigo-nuts": "ES300", "procedimiento-adjudicacion": "Abierto simplificado", "presupuesto-base-licitacion-(sin-impuestos)": "346.587,64 euros", "duracion-del-contrato": "3 Meses", "puntos-de-informacion": ""}