{"url": "https://www.madrid.org/cs/Satellite?c=CM_ConvocaPrestac_FA&cid=1354716962678&definicion=Contratos+Publicos&language=es&op2=PCON&pagename=PortalContratacion%2FPage%2FPCON_contratosPublicos&tipoServicio=CM_ConvocaPrestac_FA", "titulo": "Construcci\u00f3n de Pista Deportiva y Cerramiento de Parcela en el CEIP Antonio Font\u00e1n en Madrid", "status": "En tramitaci\u00f3n", "tipo-publicacion": "Tabl\u00f3n de anuncios electr\u00f3nico", "objeto-del-contrato": "Construcci\u00f3n de Pista Deportiva y Cerramiento de Parcela en el CEIP Antonio Font\u00e1n en Madrid", "codigo-cpv": "45214210-5", "numero-de-expediente": "A/OBR-006201/2018", "referencia": "2423041", "tipo-de-contrato": "Obras", "entidad-adjudicadora": "", "codigo-nuts": "ES300", "procedimiento-adjudicacion": "Abierto", "presupuesto-base-licitacion-(sin-impuestos)": "285.832,99 euros", "duracion-del-contrato": "2 Meses", "defectos-u-omisiones-de-la-documentacion-publicados-el": "(Publicado el 05 junio 2018 19:00)"}