{"url": "https://www.madrid.org/cs/Satellite?c=CM_ConvocaPrestac_FA&cid=1354899400710&definicion=Contratos+Publicos&language=es&op2=PCON&pagename=PortalContratacion%2FPage%2FPCON_contratosPublicos&tipoServicio=CM_ConvocaPrestac_FA", "titulo": "Obras de jardiner\u00eda y riego del pol\u00edgono \u201cEl Ba\u00f1uelo\u201d de Fuenlabrada (Madrid)", "status": "Plazo indefinido", "tipo-publicacion": "Tabl\u00f3n de anuncios electr\u00f3nico", "objeto-del-contrato": "La ejecuci\u00f3n\u00a0 de las obras de jardiner\u00eda y riego del pol\u00edgono \u201cEl Ba\u00f1uelo\u201d de Fuenlabrada (Madrid)", "numero-de-expediente": "CO/01/2020", "referencia": "4305252", "tipo-de-contrato": "Obras", "entidad-adjudicadora": "", "codigo-nuts": "ES300", "procedimiento-adjudicacion": "Abierto simplificado", "puntos-de-informacion": "+", "defectos-u-omisiones-de-la-documentacion-publicados-el": "(Publicado el 13 octubre 2021 14:15)", "ofertas-anormales-o-desproporcionadas-publicadas-el": "(Publicado el 13 octubre 2021 14:15)"}