{"url": "https://www.madrid.org/cs/Satellite?c=CM_ConvocaPrestac_FA&cid=1354755271196&definicion=Contratos+Publicos&language=es&op2=PCON&pagename=PortalContratacion%2FPage%2FPCON_contratosPublicos&tipoServicio=CM_ConvocaPrestac_FA", "titulo": "Obras de acondicionamiento del Centro de Mayores Alonso Heredia", "status": "Plazo indefinido", "tipo-publicacion": "Tabl\u00f3n de anuncios electr\u00f3nico", "objeto-del-contrato": "", "codigo-cpv": "45000000-7", "numero-de-expediente": "A/OBR-015757/2018", "referencia": "2787643", "tipo-de-contrato": "Obras", "entidad-adjudicadora": "", "codigo-nuts": "ES300", "procedimiento-adjudicacion": "Abierto simplificado", "presupuesto-base-licitacion-(sin-impuestos)": "436.703,45 euros", "duracion-del-contrato": "6 Meses", "defectos-u-omisiones-de-la-documentacion-publicados-el": "(Publicado el 22 enero 2019 10:30)", "ofertas-anormales-o-desproporcionadas-publicadas-el": "(Publicado el 15 febrero 2019 09:30)"}