{"url": "https://www.madrid.org/cs/Satellite?c=CM_ConvocaPrestac_FA&cid=1354837371773&definicion=Contratos+Publicos&language=es&op2=PCON&pagename=PortalContratacion%2FPage%2FPCON_contratosPublicos&tipoServicio=CM_ConvocaPrestac_FA", "titulo": "Obras de automatizaci\u00f3n e integraci\u00f3n en el sistema de telecontrol de las estaciones elevadoras de la red de distribuci\u00f3n (2\u00aa Fase)", "status": "Plazo indefinido", "tipo-publicacion": "Tabl\u00f3n de anuncios electr\u00f3nico", "numero-de-expediente": "147/2018", "referencia": "3680172", "tipo-de-contrato": "Obras", "entidad-adjudicadora": "", "codigo-nuts": "ES300", "defectos-u-omisiones-de-la-documentacion-publicados-el": "(Publicado el 31 marzo 2021 09:00)", "ofertas-anormales-o-desproporcionadas-publicadas-el": "(Publicado el 04 noviembre 2020 08:45)"}