{"url": "https://www.madrid.org/cs/Satellite?c=CM_ConvocaPrestac_FA&cid=1354875692183&definicion=Contratos+Publicos&language=es&op2=PCON&pagename=PortalContratacion%2FPage%2FPCON_contratosPublicos&tipoServicio=CM_ConvocaPrestac_FA", "titulo": "Obras contempladas en el proyecto de obras de renovaci\u00f3n de la red de abastecimiento y saneamiento en la ciudad de C\u00e1ceres en las zonas: c/ Ribera de curtidores, tener\u00edas, picadero y alrededores", "status": "En tramitaci\u00f3n", "estado-de-la-licitacion": "Pendiente adjudicaci\u00f3n", "tipo-publicacion": "Contratos adjudicados por procedimientos sin publicidad", "objeto-del-contrato": "Obras contempladas en el proyecto de obras de renovaci\u00f3n de la red de abastecimiento y saneamiento en la ciudad de C\u00e1ceres en las zonas: c/ Ribera de curtidores, tener\u00edas, picadero y alrededores", "codigo-cpv": "45231110-9", "numero-de-expediente": "291/2020", "referencia": "4037457", "tipo-de-contrato": "Obras", "entidad-adjudicadora": "", "codigo-nuts": "ES300", "procedimiento-adjudicacion": "Negociado sin publicidad", "valor-estimado-sin-i.v.a": "343.528,38 euros", "presupuesto-base-licitacion-(sin-impuestos)": "343.528,38 euros", "presupuesto-base-licitacion.-importe-total": "415.669,34 euros", "duracion-del-contrato": "4 Meses"}