{"url": "https://www.madrid.org/cs/Satellite?c=CM_ConvocaPrestac_FA&cid=1354889336275&definicion=Contratos+Publicos&language=es&op2=PCON&pagename=PortalContratacion%2FPage%2FPCON_contratosPublicos&tipoServicio=CM_ConvocaPrestac_FA", "titulo": "Suministro e instalaci\u00f3n de un grupo electr\u00f3geno en la Residencia de personas mayores Mirasierra sita en c/ Portera del Cura, 1 de Madrid", "status": "En tramitaci\u00f3n", "tipo-publicacion": "Tabl\u00f3n de anuncios electr\u00f3nico", "objeto-del-contrato": "El objeto del contrato es el suministro e instalaci\u00f3n de un grupo electr\u00f3geno de 560 kVA en la RPMM MIRASIERRA sita en c/Portera del Cura, 1", "codigo-cpv": "45315300-1", "compra-publica-innovadora": "No", "numero-de-expediente": "137/2021", "referencia": "4172629", "tipo-de-contrato": "Obras", "entidad-adjudicadora": "", "codigo-nuts": "ES300", "procedimiento-adjudicacion": "Abierto"}