{"url": "https://www.madrid.org/cs/Satellite?c=CM_ConvocaPrestac_FA&cid=1354762379843&definicion=Contratos+Publicos&language=es&op2=PCON&pagename=PortalContratacion%2FPage%2FPCON_contratosPublicos&tipoServicio=CM_ConvocaPrestac_FA", "titulo": "Obras de instalaci\u00f3n de un acelerador en Oncolog\u00eda Radioter\u00e1pica del HUP", "status": "En tramitaci\u00f3n", "tipo-publicacion": "Tabl\u00f3n de anuncios electr\u00f3nico", "objeto-del-contrato": "Obras de instalaci\u00f3n del Acelerador del Servicio de Oncolog\u00eda Radioter\u00e1pica del Hospital Universitario de la Princesa", "codigo-cpv": "45300000-0", "numero-de-expediente": "P.A. 16/2019 HUP", "referencia": "2789216", "tipo-de-contrato": "Obras", "entidad-adjudicadora": "", "codigo-nuts": "ES300", "procedimiento-adjudicacion": "Abierto", "presupuesto-base-licitacion-(sin-impuestos)": "120.713,9 euros", "duracion-del-contrato": "45 D\u00edas", "puntos-de-informacion": ""}