{"url": "https://www.madrid.org/cs/Satellite?c=CM_ConvocaPrestac_FA&cid=1354730137025&definicion=Contratos+Publicos&language=es&op2=PCON&pagename=PortalContratacion%2FPage%2FPCON_contratosPublicos&tipoServicio=CM_ConvocaPrestac_FA", "titulo": "Subsanaci\u00f3n de las deficiencias constructivas en relaci\u00f3n a la ite desfavorable del inmueble situado en la C/ Espartinas 10 , 28001 Madrid", "status": "En tramitaci\u00f3n", "tipo-resolucion": "Formalizado", "tipo-publicacion": "Tabl\u00f3n de anuncios electr\u00f3nico", "objeto-del-contrato": "Obras de subsanaci\u00f3n de las deficiencias constructivas en relaci\u00f3n a la ite desfavorable del inmueble situado en la C/ Espartinas 10 , 28001 Madrid", "compra-publica-innovadora": "No", "numero-de-expediente": "135/2018", "referencia": "2652737", "tipo-de-contrato": "Obras", "entidad-adjudicadora": "", "codigo-nuts": "ES300", "procedimiento-adjudicacion": "Abierto"}