{"url": "https://www.madrid.org/cs/Satellite?c=CM_ConvocaPrestac_FA&cid=1354899549992&definicion=Contratos+Publicos&language=es&op2=PCON&pagename=PortalContratacion%2FPage%2FPCON_contratosPublicos&tipoServicio=CM_ConvocaPrestac_FA", "titulo": "Obras de implantaci\u00f3n y mejora de medidas de accesibilidad en las estaciones de Puerta del Sur, Gregorio Mara\u00f1\u00f3n, \u00d3pera y Canal de la red de Metro de Madrid", "status": "En tramitaci\u00f3n", "tipo-publicacion": "Tabl\u00f3n de anuncios electr\u00f3nico", "objeto-del-contrato": "Obras de implantaci\u00f3n y mejora de medidas de accesibilidad en las estaciones de Puerta del Sur, Gregorio Mara\u00f1\u00f3n, \u00d3pera y Canal de la red de Metro de Madrid", "codigo-cpv": "45000000-7, 45453100-8", "numero-de-expediente": "6012100213", "referencia": "4305287", "tipo-de-contrato": "Obras", "entidad-adjudicadora": "", "codigo-nuts": "ES300", "procedimiento-adjudicacion": "Abierto simplificado", "defectos-u-omisiones-de-la-documentacion-publicados-el": "(Publicado el 14 octubre 2021 12:15)", "empresarios-excluidos-publicados-el": "(Publicado el 20 octubre 2021 11:00)", "ofertas-anormales-o-desproporcionadas-publicadas-el": "(Publicado el 21 octubre 2021 11:00)"}