{"url": "https://www.madrid.org/cs/Satellite?c=CM_ConvocaPrestac_FA&cid=1354719530639&definicion=Contratos+Publicos&language=es&op2=PCON&pagename=PortalContratacion%2FPage%2FPCON_contratosPublicos&tipoServicio=CM_ConvocaPrestac_FA", "titulo": "Reforma instalacion climatizacion CMM Legan\u00e9s II", "status": "En tramitaci\u00f3n", "estado-de-la-licitacion": "Pendiente adjudicaci\u00f3n", "tipo-resolucion": "Formalizado", "tipo-publicacion": "Contratos adjudicados por procedimientos sin publicidad", "objeto-del-contrato": "Reforma instalacion climatizacion CMM Legan\u00e9s II", "codigo-cpv": "45331000-6", "numero-de-expediente": "A/OBR-020076/2017", "referencia": "2426347", "tipo-de-contrato": "Obras", "entidad-adjudicadora": "", "codigo-nuts": "ES300", "procedimiento-adjudicacion": "Negociado sin publicidad", "presupuesto-base-licitacion-(sin-impuestos)": "135.662,84 euros", "presupuesto-base-licitacion.-importe-total": "164.152,04 euros", "duracion-del-contrato": "56 D\u00edas"}