{"url": "https://www.madrid.org/cs/Satellite?c=CM_ConvocaPrestac_FA&cid=1354819347980&definicion=Contratos+Publicos&language=es&op2=PCON&pagename=PortalContratacion%2FPage%2FPCON_contratosPublicos&tipoServicio=CM_ConvocaPrestac_FA", "titulo": "Obras necesarias para la reforma de la instalaci\u00f3n de la climatizaci\u00f3n en el Centro de Especialidades Villaverde-Cruce, sito en la calle Alcarria, n\u00ba 4, en Madrid, perteneciente al Hospital Universitario 12 de Octubre", "status": "En tramitaci\u00f3n", "tipo-publicacion": "Tabl\u00f3n de anuncios electr\u00f3nico", "objeto-del-contrato": "Obras necesarias para la reforma de la instalaci\u00f3n de la climatizaci\u00f3n en el Centro de Especialidades Villaverde-Cruce, sito en la calle Alcarria, n\u00ba 4, en Madrid, perteneciente al Hospital Universitario 12 de Octubre", "compra-publica-innovadora": "No", "numero-de-expediente": "2019-0-129", "referencia": "3413137", "tipo-de-contrato": "Obras", "entidad-adjudicadora": "", "codigo-nuts": "ES300", "procedimiento-adjudicacion": "Abierto", "puntos-de-informacion": ""}