{"url": "https://www.madrid.org/cs/Satellite?c=CM_ConvocaPrestac_FA&cid=1354772026811&definicion=Contratos+Publicos&language=es&op2=PCON&pagename=PortalContratacion%2FPage%2FPCON_contratosPublicos&tipoServicio=CM_ConvocaPrestac_FA", "titulo": "Obras de reforma y acondicionamiento de espacios para la creaci\u00f3n del Hospital de D\u00eda de Cardiolog\u00eda, edificio Residencia General, Planta Semis\u00f3tano del Hospital Universitario 12 de Octubre", "status": "Plazo indefinido", "tipo-publicacion": "Tabl\u00f3n de anuncios electr\u00f3nico", "objeto-del-contrato": "Obras de reforma y acondicionamiento de espacios para la creaci\u00f3n del Hospital de D\u00eda de Cardiolog\u00eda, edificio Residencia General, Planta Semis\u00f3tano del Hospital Universitario 12 de Octubre", "compra-publica-innovadora": "No", "numero-de-expediente": "2019-0-83", "referencia": "2925841", "tipo-de-contrato": "Obras", "entidad-adjudicadora": "", "codigo-nuts": "ES300", "procedimiento-adjudicacion": "Abierto", "puntos-de-informacion": ""}