{"url": "https://www.madrid.org/cs/Satellite?c=CM_ConvocaPrestac_FA&cid=1354882993771&definicion=Contratos+Publicos&language=es&op2=PCON&pagename=PortalContratacion%2FPage%2FPCON_contratosPublicos&tipoServicio=CM_ConvocaPrestac_FA", "titulo": "4118827 Tabl\u00f3n de anuncios ST2021-0-05", "status": "Plazo indefinido", "tipo-publicacion": "Tabl\u00f3n de anuncios electr\u00f3nico", "objeto-del-contrato": "Obras de actualizaci\u00f3n de la instalaci\u00f3n el\u00e9ctrica y afines de varios controles de Hospitalizaci\u00f3n ubicados en las plantas 4\u00aa y 7\u00aa\u00a0 del Hospital Universitario Ram\u00f3n y Cajal.", "numero-de-expediente": "ST2021-0-05", "referencia": "4118967", "tipo-de-contrato": "Obras", "entidad-adjudicadora": "", "codigo-nuts": "ES300", "procedimiento-adjudicacion": "Abierto", "puntos-de-informacion": "", "defectos-u-omisiones-de-la-documentacion-publicados-el": "(Publicado el 23 junio 2021 14:30)"}