{"url": "https://www.madrid.org/cs/Satellite?c=CM_ConvocaPrestac_FA&cid=1354893908840&definicion=Contratos+Publicos&language=es&op2=PCON&pagename=PortalContratacion%2FPage%2FPCON_contratosPublicos&tipoServicio=CM_ConvocaPrestac_FA", "titulo": "TABL\u00d3N ELECTR\u00d3NICO Obra de reforma y acondicionamiento de espacios para el traslado del Servicio de Radiof\u00edsica, consultas de Oncolog\u00eda Radioter\u00e1pica y adaptaci\u00f3n y mejora de las zonas comunes y sus instalaciones en el l Hospital Universitario 12 de Octubre", "status": "En tramitaci\u00f3n", "tipo-publicacion": "Tabl\u00f3n de anuncios electr\u00f3nico", "objeto-del-contrato": "Obra de reforma y acondicionamiento de espacios para el traslado del Servicio de Radiof\u00edsica, consultas de Oncolog\u00eda Radioter\u00e1pica y adaptaci\u00f3n y mejora de las zonas comunes y sus instalaciones en el l Hospital Universitario 12 de Octubre", "compra-publica-innovadora": "No", "numero-de-expediente": "2021-0-107", "referencia": "4232098", "tipo-de-contrato": "Obras", "entidad-adjudicadora": "", "codigo-nuts": "ES300", "procedimiento-adjudicacion": "Abierto", "puntos-de-informacion": ""}