{"url": "https://www.madrid.org/cs/Satellite?c=CM_ConvocaPrestac_FA&cid=1354755274483&definicion=Contratos+Publicos&language=es&op2=PCON&pagename=PortalContratacion%2FPage%2FPCON_contratosPublicos&tipoServicio=CM_ConvocaPrestac_FA", "titulo": "Obras del proyecto para la subsanaci\u00f3n de las deficiencias se\u00f1aladas en el Informe de Evaluaci\u00f3n de Edificios en el Centro de Mayores San Blas y Residencia Infantil Las Rosas", "status": "Plazo indefinido", "tipo-publicacion": "Tabl\u00f3n de anuncios electr\u00f3nico", "objeto-del-contrato": "", "codigo-cpv": "45000000-7", "numero-de-expediente": "A/OBR-016416/2018", "referencia": "2787644", "tipo-de-contrato": "Obras", "entidad-adjudicadora": "", "codigo-nuts": "ES300", "procedimiento-adjudicacion": "Abierto simplificado", "presupuesto-base-licitacion-(sin-impuestos)": "344.070,28 euros", "duracion-del-contrato": "3 Meses", "defectos-u-omisiones-de-la-documentacion-publicados-el": "(Publicado el 12 febrero 2019 13:30)", "empresarios-excluidos-publicados-el": "(Publicado el 21 enero 2019 13:30)"}