{"url": "https://www.madrid.org/cs/Satellite?c=CM_ConvocaPrestac_FA&cid=1354730725164&definicion=Contratos+Publicos&language=es&op2=PCON&pagename=PortalContratacion%2FPage%2FPCON_contratosPublicos&tipoServicio=CM_ConvocaPrestac_FA", "titulo": "Obras de rehabilitaci\u00f3n interior del edificio denominado \"Capilla\" de la Finca El Enc\u00edn, en Alcal\u00e1 de Henares", "status": "En tramitaci\u00f3n", "tipo-publicacion": "Tabl\u00f3n de anuncios electr\u00f3nico", "objeto-del-contrato": "Obras de rehabilitaci\u00f3n interior del edificio denominado \"Capilla\" de la Finca El Enc\u00edn, en Alcal\u00e1 de Henares", "numero-de-expediente": "A/OBR-011637/2018", "referencia": "2652838", "tipo-de-contrato": "Obras", "entidad-adjudicadora": "", "codigo-nuts": "ES300", "procedimiento-adjudicacion": "Abierto simplificado", "puntos-de-informacion": "", "empresarios-excluidos-publicados-el": "(Publicado el 27 agosto 2018 12:02)"}