{"url": "https://www.madrid.org/cs/Satellite?c=CM_ConvocaPrestac_FA&cid=1354887668562&definicion=Contratos+Publicos&language=es&op2=PCON&pagename=PortalContratacion%2FPage%2FPCON_contratosPublicos&tipoServicio=CM_ConvocaPrestac_FA", "titulo": "Obras para restauraci\u00f3n del Castillo de Pu\u00f1\u00f3nrostro en Torrej\u00f3n de Velasco. Fase III", "status": "En tramitaci\u00f3n", "tipo-publicacion": "Tabl\u00f3n de anuncios electr\u00f3nico", "objeto-del-contrato": "Obras para restauraci\u00f3n del Castillo de Pu\u00f1\u00f3nrostro en Torrej\u00f3n de Velasco. Fase III", "codigo-cpv": "45212350-4", "numero-de-expediente": "C-337C/005-21 (A/OBR-019331/2021)", "referencia": "4150625", "tipo-de-contrato": "Obras", "entidad-adjudicadora": "", "codigo-nuts": "ES30", "procedimiento-adjudicacion": "Abierto simplificado", "duracion-del-contrato": "6 Meses"}