{"url": "https://www.madrid.org/cs/Satellite?c=CM_ConvocaPrestac_FA&cid=1354901281485&definicion=Contratos+Publicos&language=es&op2=PCON&pagename=PortalContratacion%2FPage%2FPCON_contratosPublicos&tipoServicio=CM_ConvocaPrestac_FA", "titulo": "Servicios de asistencia t\u00e9cnica para la redacci\u00f3n, supervisi\u00f3n y control de proyectos y obras de urgencia y conservaci\u00f3n, as\u00ed como vigilancia y control de las labores de mantenimiento y explotaci\u00f3n en las redes gestionadas por las \u00c1reas de Conservaci\u00f3n del sistema Colmenar y Torrelaguna de Canal de Isabel II, S.A.", "status": "En tramitaci\u00f3n", "estado-de-la-licitacion": "Pendiente adjudicaci\u00f3n", "tipo-publicacion": "Contratos adjudicados por procedimientos sin publicidad", "objeto-del-contrato": "Servicios de asistencia t\u00e9cnica para la redacci\u00f3n, supervisi\u00f3n y control de proyectos y obras de urgencia y conservaci\u00f3n, as\u00ed como vigilancia y control de las labores de mantenimiento y explotaci\u00f3n en las redes gestionadas por las \u00c1reas de Conservaci\u00f3n del sistema Colmenar y Torrelaguna de Canal de Isabel II, S.A.", "codigo-cpv": "71356200-0", "numero-de-expediente": "203/2021", "referencia": "4345463", "tipo-de-contrato": "Servicios", "entidad-adjudicadora": "", "codigo-nuts": "ES300", "procedimiento-adjudicacion": "Negociado sin publicidad", "valor-estimado-sin-i.v.a": "205.700 euros", "presupuesto-base-licitacion-(sin-impuestos)": "205.700 euros", "presupuesto-base-licitacion.-importe-total": "248.897 euros", "duracion-del-contrato": "6 Meses", "puntos-de-informacion": "strong>", "adjudicacion": {"n-lote": null, "n-ofertas": "1", "resultado": "Adjudicado", "nif adjudicatario": "U87721148", "nombre o raz\u00f3n social adjudicatario": "UTE PROTECNO, S.A.-ACRUTA&TAPIA INGENIEROS, S.A.C.", "importe adjudicaci\u00f3n (sin iva)": "205.700", "importe adjudicaci\u00f3n (con iva)": "248.897"}}