{"url": "https://www.madrid.org/cs/Satellite?c=CM_ConvocaPrestac_FA&cid=1354840211134&definicion=Contratos+Publicos&language=es&op2=PCON&pagename=PortalContratacion%2FPage%2FPCON_contratosPublicos&tipoServicio=CM_ConvocaPrestac_FA", "titulo": "servicios de direcci\u00f3n de obras y coordinaci\u00f3n de seguridad y salud de las obras a ejecutar en cada uno de los 10 lotes incluidos en el contrato 102/2018 \"renovacion de tuberias de la red de abastecimiento de Canal de Isabel II, S.A.\"", "status": "Plazo indefinido", "tipo-publicacion": "Tabl\u00f3n de anuncios electr\u00f3nico", "objeto-del-contrato": "servicios de direcci\u00f3n de obras y coordinaci\u00f3n de seguridad y salud de las obras a ejecutar en cada uno de los 10 lotes incluidos en el contrato 102/2018 \"renovacion de tuberias de la red de abastecimiento de Canal de Isabel II, S.A.", "numero-de-expediente": "121/2018", "referencia": "3715224", "tipo-de-contrato": "Servicios", "entidad-adjudicadora": "", "codigo-nuts": "ES300", "procedimiento-adjudicacion": "Abierto", "defectos-u-omisiones-de-la-documentacion-publicados-el": "(Publicado el 10 septiembre 2021 14:45)", "ofertas-anormales-o-desproporcionadas-publicadas-el": "(Publicado el 05 julio 2021 13:15)"}