{"url": "https://www.madrid.org/cs/Satellite?c=CM_ConvocaPrestac_FA&cid=1354896573623&definicion=Contratos+Publicos&language=es&op2=PCON&pagename=PortalContratacion%2FPage%2FPCON_contratosPublicos&tipoServicio=CM_ConvocaPrestac_FA", "titulo": "Servicio de limpieza en las dependencias que el Bolet\u00edn Oficial de la Comunidad de Madrid tiene en Alcobendas (calle Valportillo Primera, n\u00fameros 9 y 11) y en Madrid (calle Fortuny, n\u00famero 51)", "status": "En plazo", "tipo-publicacion": "Tabl\u00f3n de anuncios electr\u00f3nico", "objeto-del-contrato": "Servicio de limpieza en las dependencias que el Bolet\u00edn Oficial de la Comunidad de Madrid tiene en Alcobendas (calle Valportillo Primera, n\u00fameros 9 y 11) y en Madrid (calle Fortuny, n\u00famero 51).", "codigo-cpv": "90910000-9", "numero-de-expediente": "A/SER-028681/2021", "referencia": "4301186", "tipo-de-contrato": "Servicios", "entidad-adjudicadora": "", "codigo-nuts": "ES300", "procedimiento-adjudicacion": "Abierto"}