{"url": "https://www.madrid.org/cs/Satellite?c=CM_ConvocaPrestac_FA&cid=1354866343227&definicion=Contratos+Publicos&language=es&op2=PCON&pagename=PortalContratacion%2FPage%2FPCON_contratosPublicos&tipoServicio=CM_ConvocaPrestac_FA", "titulo": "Servicio de mensajer\u00eda de la Agencia para la Administraci\u00f3n Digital de la Comunidad de Madrid", "status": "En tramitaci\u00f3n", "tipo-publicacion": "Tabl\u00f3n de anuncios electr\u00f3nico", "objeto-del-contrato": "Servicio de mensajer\u00eda de la Agencia para la Administraci\u00f3n Digital de la Comunidad de Madrid", "codigo-cpv": "60161000-4, 64121200-2", "numero-de-expediente": "ECON/000131/2020", "referencia": "3975251", "tipo-de-contrato": "Servicios", "entidad-adjudicadora": "", "codigo-nuts": "ES300", "procedimiento-adjudicacion": "Abierto", "presupuesto-base-licitacion-(sin-impuestos)": "63.602,68 euros", "duracion-del-contrato": "24 Meses", "defectos-u-omisiones-de-la-documentacion-publicados-el": "(Publicado el 04 marzo 2021 16:30)", "ofertas-anormales-o-desproporcionadas-publicadas-el": "(Publicado el 14 mayo 2021 14:10)"}