{"url": "https://www.madrid.org/cs/Satellite?c=CM_ConvocaPrestac_FA&cid=1354841460261&definicion=Contratos+Publicos&language=es&op2=PCON&pagename=PortalContratacion%2FPage%2FPCON_contratosPublicos&tipoServicio=CM_ConvocaPrestac_FA", "titulo": "Servicio de traducci\u00f3n e interpretaci\u00f3n simult\u00e1nea telef\u00f3nica para el Hospital 12 de Octubre", "status": "En tramitaci\u00f3n", "tipo-publicacion": "Tabl\u00f3n de anuncios electr\u00f3nico", "objeto-del-contrato": "Servicio de traducci\u00f3n e interpretaci\u00f3n simult\u00e1nea telef\u00f3nica para el Hospital Universitario 12 de Octubre", "compra-publica-innovadora": "No", "numero-de-expediente": "2020-0-81", "referencia": "3743149", "tipo-de-contrato": "Servicios", "entidad-adjudicadora": "", "codigo-nuts": "ES300", "procedimiento-adjudicacion": "Abierto", "puntos-de-informacion": ""}