{"url": "https://www.madrid.org/cs/Satellite?c=CM_ConvocaPrestac_FA&cid=1354835351492&definicion=Contratos+Publicos&language=es&op2=PCON&pagename=PortalContratacion%2FPage%2FPCON_contratosPublicos&tipoServicio=CM_ConvocaPrestac_FA", "titulo": "Explotaci\u00f3n del servicio de cafeter\u00eda y comedor en 10 Centros de Mayores adscritos a la Agencia Madrile\u00f1a de Atenci\u00f3n Social (10 lotes)", "status": "Plazo indefinido", "tipo-publicacion": "Tabl\u00f3n de anuncios electr\u00f3nico", "objeto-del-contrato": "Explotaci\u00f3n del servicio de cafeter\u00eda y comedor en 10 Centros d eAMyores adscritos a la Agencia Madrile\u00f1a de Atenci\u00f3n Social (10 lotes)", "codigo-cpv": "55330000-2", "numero-de-expediente": "A/CSP-014068/2020", "referencia": "3634138", "tipo-de-contrato": "Servicios", "entidad-adjudicadora": "", "codigo-nuts": "ES300", "procedimiento-adjudicacion": "Restringido", "defectos-u-omisiones-de-la-documentacion-publicados-el": "(Publicado el 21 septiembre 2020 09:30)", "empresarios-excluidos-publicados-el": "(Publicado el 08 julio 2020 10:00)", "ofertas-anormales-o-desproporcionadas-publicadas-el": "(Publicado el 06 agosto 2020 13:30)"}