{"url": "https://www.madrid.org/cs/Satellite?c=CM_ConvocaPrestac_FA&cid=1354759312896&definicion=Contratos+Publicos&language=es&op2=PCON&pagename=PortalContratacion%2FPage%2FPCON_contratosPublicos&tipoServicio=CM_ConvocaPrestac_FA", "titulo": "Servicio para la codificaci\u00f3n de altas hospitalizaci\u00f3n y CMA con destino al Hospital Universitario 12 de Octubre", "status": "Plazo indefinido", "tipo-publicacion": "Tabl\u00f3n de anuncios electr\u00f3nico", "objeto-del-contrato": "Servicio para la codificaci\u00f3n de altas hospitalizaci\u00f3n y CMA con destino al Hospital Universitario 12 de Octubre", "compra-publica-innovadora": "No", "numero-de-expediente": "2018-0-103", "referencia": "2788569", "tipo-de-contrato": "Servicios", "entidad-adjudicadora": "", "codigo-nuts": "ES300", "procedimiento-adjudicacion": "Abierto", "puntos-de-informacion": ""}