{"url": "https://www.madrid.org/cs/Satellite?c=CM_ConvocaPrestac_FA&cid=1354797022592&definicion=Contratos+Publicos&language=es&op2=PCON&pagename=PortalContratacion%2FPage%2FPCON_contratosPublicos&tipoServicio=CM_ConvocaPrestac_FA", "titulo": "Tabl\u00f3n anuncios Servicios an\u00e1lisis de los procesos internos, suministros de Software de Gesti\u00f3n Documental, Servicios de Automatizaci\u00f3n y Digitalizaci\u00f3n de Procesos, Migraci\u00f3n de Documentaci\u00f3n ya existente e implantaci\u00f3n de Archivo Electr\u00f3nico", "status": "Plazo indefinido", "tipo-publicacion": "Tabl\u00f3n de anuncios electr\u00f3nico", "objeto-del-contrato": "\"Servicios de an\u00e1lisis de los procesos internos, suministros de Software de Gesti\u00f3n Documental, Servicios de Automatizaci\u00f3n y Digitalizaci\u00f3n de Procesos, Migraci\u00f3n de Documentaci\u00f3n ya existente e implantaci\u00f3n de Archivo Electr\u00f3nico para el Ente Publico Canal de Isabel II\"", "compra-publica-innovadora": "No", "numero-de-expediente": "2019/40", "referencia": "3259625", "tipo-de-contrato": "Servicios", "entidad-adjudicadora": "", "codigo-nuts": "ES300", "procedimiento-adjudicacion": "Abierto", "presupuesto-base-licitacion-(sin-impuestos)": "318.240 euros", "duracion-del-contrato": "24 Meses", "puntos-de-informacion": "Obtenci\u00f3n de documentaci\u00f3n e informaci\u00f3n:\n- Canal de Isabel II. Plaza del Descubridor Diego de Ord\u00e1s, 3, 3\u00aa planta. 28003. Madrid. Tel\u00e9fono: 91 545 12 34.\n- Oficinas de Atenci\u00f3n al Ciudadano.\n* Presentaci\u00f3n de ofertas o de solicitudes de participaci\u00f3n:\n- Canal de Isabel II. Plaza del Descubridor Diego de Ord\u00e1s, 3, 3\u00aa planta. 28003. Madrid.", "defectos-u-omisiones-de-la-documentacion-publicados-el": "(Publicado el 30 septiembre 2019 13:32)"}