{"url": "https://www.madrid.org/cs/Satellite?c=CM_ConvocaPrestac_FA&cid=1354876103946&definicion=Contratos+Publicos&language=es&op2=PCON&pagename=PortalContratacion%2FPage%2FPCON_contratosPublicos&tipoServicio=CM_ConvocaPrestac_FA", "titulo": "Traducci\u00f3n e interpretaci\u00f3n de idiomas para los centros docentes sostenidos con fondos p\u00fablicos. curso 2021-2022", "status": "En tramitaci\u00f3n", "tipo-publicacion": "Tabl\u00f3n de anuncios electr\u00f3nico", "objeto-del-contrato": "El contrato tiene por objeto la ejecuci\u00f3n de un servicio de traductores e int\u00e9rpretes de idiomas para apoyar y atender las necesidades tanto de los centros sostenidos con fondos p\u00fablicos, como de cualquier otro servicio educativo (Servicio de la Inspecci\u00f3n Educativa, Servicio de Apoyo a la Escolarizaci\u00f3n, Equipos de Orientaci\u00f3n Educativa y Psicopedag\u00f3gica, etc.) para la traducci\u00f3n de documentos oficiales y para, mediante la presencia de un int\u00e9rprete, actuar directamente en los centros cuando se detecten en un alumno especiales dificultades que requieran una informaci\u00f3n m\u00e1s espec\u00edfica.", "codigo-cpv": "80000000-4", "compra-publica-innovadora": "No", "numero-de-expediente": "A/SUM-05763/2021 (C-321M-001-2021)", "referencia": "4037560", "tipo-de-contrato": "Servicios", "entidad-adjudicadora": "", "codigo-nuts": "ES300", "procedimiento-adjudicacion": "Abierto simplificado", "presupuesto-base-licitacion-(sin-impuestos)": "34.900 euros", "duracion-del-contrato": "11 Meses", "puntos-de-informacion": ""}