{"url": "https://www.madrid.org/cs/Satellite?c=CM_ConvocaPrestac_FA&cid=1354740393275&definicion=Contratos+Publicos&language=es&op2=PCON&pagename=PortalContratacion%2FPage%2FPCON_contratosPublicos&tipoServicio=CM_ConvocaPrestac_FA", "titulo": "Mantenimiento climatizaci\u00f3n Sedes 2 Lotes", "status": "Plazo indefinido", "tipo-publicacion": "Tabl\u00f3n de anuncios electr\u00f3nico", "objeto-del-contrato": "", "codigo-cpv": "50721000-5, 50730000-1", "numero-de-expediente": "A/SER-00118036/2018 (C-321M/013-18)", "referencia": "2654966", "tipo-de-contrato": "Servicios", "entidad-adjudicadora": "", "codigo-nuts": "ES300", "procedimiento-adjudicacion": "Abierto", "presupuesto-base-licitacion-(sin-impuestos)": "126.112,54 euros", "duracion-del-contrato": "23 Meses", "puntos-de-informacion": "Obtenci\u00f3n de documentaci\u00f3n e informaci\u00f3n:", "defectos-u-omisiones-de-la-documentacion-publicados-el": "(Publicado el 27 noviembre 2018 15:47)", "ofertas-anormales-o-desproporcionadas-publicadas-el": "(Publicado el 28 diciembre 2018 12:31)"}