{"url": "https://www.madrid.org/cs/Satellite?c=CM_ConvocaPrestac_FA&cid=1354854689775&definicion=Contratos+Publicos&language=es&op2=PCON&pagename=PortalContratacion%2FPage%2FPCON_contratosPublicos&tipoServicio=CM_ConvocaPrestac_FA", "titulo": "Contrato de servicios para la contrataci\u00f3n del dep\u00f3sito de almacenamiento externo del Hospital Universitario La Paz-Carlos III-Cantoblanco", "status": "En tramitaci\u00f3n", "tipo-publicacion": "Tabl\u00f3n de anuncios electr\u00f3nico", "objeto-del-contrato": "Contrato de servicios para la contrataci\u00f3n del dep\u00f3sito de almacenamiento externo del Hospital Universitario La Paz-Carlos III-Cantoblanco", "codigo-cpv": "63120000-6", "compra-publica-innovadora": "No", "numero-de-expediente": "P.A. 24/2020", "referencia": "3820081", "tipo-de-contrato": "Servicios", "entidad-adjudicadora": "", "codigo-nuts": "ES300", "procedimiento-adjudicacion": "Abierto", "fecha-publicacion-de-la-licitacion-en-el-bocm": "11 noviembre 2020"}