{"url": "https://www.madrid.org/cs/Satellite?c=CM_ConvocaPrestac_FA&cid=1354852524572&definicion=Contratos+Publicos&language=es&op2=PCON&pagename=PortalContratacion%2FPage%2FPCON_contratosPublicos&tipoServicio=CM_ConvocaPrestac_FA", "titulo": "Servicios de vigilancia y seguridad, acuda, mantenimiento de alarma y custodia de llaves, mantenimiento preventivo y correctivo de los equipos generadores de rayos x y arcos de seguridad y mantenimiento preventivo y correctivo de los equipos de videovigilancia e intrusi\u00f3n, en diversos edificios dependientes del Servicio Madrile\u00f1o de Salud", "status": "En tramitaci\u00f3n", "tipo-publicacion": "Tabl\u00f3n de anuncios electr\u00f3nico", "objeto-del-contrato": "Servicios de vigilancia y seguridad, acuda, mantenimiento de alarma y custodia de llaves, mantenimiento preventivo y correctivo de los equipos generadores de rayos x y arcos de seguridad y mantenimiento preventivo y correctivo de los equipos de videovigilancia e intrusi\u00f3n, en diversos edificios dependientes del Servicio Madrile\u00f1o de Salud", "codigo-cpv": "79710000-4", "compra-publica-innovadora": "No", "numero-de-expediente": "PA SER 30/2020", "referencia": "3771652", "tipo-de-contrato": "Servicios", "entidad-adjudicadora": "", "codigo-nuts": "ES300", "procedimiento-adjudicacion": "Abierto", "presupuesto-base-licitacion-(sin-impuestos)": "1.612.463,48 euros", "duracion-del-contrato": "30 Meses"}