{"url": "https://www.madrid.org/cs/Satellite?c=CM_ConvocaPrestac_FA&cid=1354718332522&definicion=Contratos+Publicos&language=es&op2=PCON&pagename=PortalContratacion%2FPage%2FPCON_contratosPublicos&tipoServicio=CM_ConvocaPrestac_FA", "titulo": "Realizaci\u00f3n de una encuesta de satisfacci\u00f3n y rendimiento de los servicios de empleo de la Comunidad de Madrid, operaci\u00f3n cofinanciada por el Fondo Social Europeo en el programa operativo de la Comunidad de Madrid 2014-2020", "status": "En tramitaci\u00f3n", "tipo-publicacion": "Tabl\u00f3n de anuncios electr\u00f3nico", "objeto-del-contrato": "Realizaci\u00f3n de una encuesta de satisfacci\u00f3n y rendimiento de los servicios de empleo de la Comunidad de Madrid, operaci\u00f3n cofinanciada por el Fondo Social Europeo en el programa operativo de la Comunidad de Madrid 2014-2020", "numero-de-expediente": "C-241M/007-18 (A/SER-008397/2018)", "referencia": "2425135", "tipo-de-contrato": "Servicios", "entidad-adjudicadora": "", "codigo-nuts": "ES300", "procedimiento-adjudicacion": "Abierto simplificado", "puntos-de-informacion": "", "defectos-u-omisiones-de-la-documentacion-publicados-el": "(Publicado el 03 julio 2018 15:32)"}