{"url": "https://www.madrid.org/cs/Satellite?c=CM_ConvocaPrestac_FA&cid=1354828760437&definicion=Contratos+Publicos&language=es&op2=PCON&pagename=PortalContratacion%2FPage%2FPCON_contratosPublicos&tipoServicio=CM_ConvocaPrestac_FA", "titulo": "Servicio de recepci\u00f3n, manipulado, ensobrado y dep\u00f3sito en Correos de las notificaciones a pacientes del Hospital Universitario de La Princesa y centros dependientes", "status": "En tramitaci\u00f3n", "tipo-publicacion": "Tabl\u00f3n de anuncios electr\u00f3nico", "objeto-del-contrato": "Servicio de recepci\u00f3n, impresi\u00f3n, manipulado, ensobrado y dep\u00f3sito en Correos, de las notificaciones a\u00a0 pacientes del Hospital Universitario de La Princesa y Centros dependientes.", "codigo-cpv": "64116000-2", "compra-publica-innovadora": "No", "numero-de-expediente": "P.A. 61/2020 HUP", "referencia": "3546531", "tipo-de-contrato": "Servicios", "entidad-adjudicadora": "", "codigo-nuts": "ES300", "procedimiento-adjudicacion": "Abierto", "presupuesto-base-licitacion-(sin-impuestos)": "25.200 euros", "duracion-del-contrato": "12 Meses", "defectos-u-omisiones-de-la-documentacion-publicados-el": "(Publicado el 10 julio 2020 09:00)", "ofertas-anormales-o-desproporcionadas-publicadas-el": "(Publicado el 10 julio 2020 09:00)"}