{"url": "https://www.madrid.org/cs/Satellite?c=CM_ConvocaPrestac_FA&cid=1354829892394&definicion=Contratos+Publicos&language=es&op2=PCON&pagename=PortalContratacion%2FPage%2FPCON_contratosPublicos&tipoServicio=CM_ConvocaPrestac_FA", "titulo": "Servicios de mantenimiento, evoluci\u00f3n y gesti\u00f3n del conocimiento de las aplicaciones en los \u00e1mbitos de Administraci\u00f3n Local, Agricultura, Aplicaciones de Gesti\u00f3n Interna de Madrid Digital, Infraestructuras, Medio Ambiente, Ordenaci\u00f3n del Territorio, Transportes, Vivienda, Cultura, Gesti\u00f3n Administrativa Digital, Gobierno Abierto, Interior, Presidencia, Turismo. 2 lotes.", "status": "En tramitaci\u00f3n", "tipo-resolucion": "Formalizado", "tipo-publicacion": "Tabl\u00f3n de anuncios electr\u00f3nico", "objeto-del-contrato": "Servicios de mantenimiento, evoluci\u00f3n y gesti\u00f3n del conocimiento de las aplicaciones en los \u00e1mbitos de Administraci\u00f3n Local, Agricultura, Aplicaciones de Gesti\u00f3n Interna de Madrid Digital, Infraestructuras, Medio Ambiente, Ordenaci\u00f3n del Territorio, Transportes, Vivienda, Cultura, Gesti\u00f3n Administrativa Digital, Gobierno Abierto, Interior, Presidencia, Turismo. 2 lotes.", "numero-de-expediente": "ECON/000119/2020", "referencia": "3561952", "tipo-de-contrato": "Servicios", "entidad-adjudicadora": "", "codigo-nuts": "ES300", "procedimiento-adjudicacion": "Abierto", "duracion-del-contrato": "8 Meses", "defectos-u-omisiones-de-la-documentacion-publicados-el": "(Publicado el 28 octubre 2020 11:00)", "ofertas-anormales-o-desproporcionadas-publicadas-el": "(Publicado el 01 julio 2020 11:16)"}