{"url": "https://www.madrid.org/cs/Satellite?c=CM_ConvocaPrestac_FA&cid=1354870294537&definicion=Contratos+Publicos&language=es&op2=PCON&pagename=PortalContratacion%2FPage%2FPCON_contratosPublicos&tipoServicio=CM_ConvocaPrestac_FA", "titulo": "Servicio de transporte y mensajer\u00eda del Hospital Universitario de La Princesa y sus centros dependientes", "status": "En tramitaci\u00f3n", "tipo-publicacion": "Tabl\u00f3n de anuncios electr\u00f3nico", "objeto-del-contrato": "Servicio de transporte y mensajer\u00eda del Hospital Universitario de La Princesa y sus centros dependientes.", "codigo-cpv": "60100000-9", "compra-publica-innovadora": "No", "numero-de-expediente": "P.A. 22/2021 HUP", "referencia": "4024974", "tipo-de-contrato": "Servicios", "entidad-adjudicadora": "", "codigo-nuts": "ES300", "procedimiento-adjudicacion": "Abierto", "presupuesto-base-licitacion-(sin-impuestos)": "49.586,78 euros", "duracion-del-contrato": "12 Meses", "defectos-u-omisiones-de-la-documentacion-publicados-el": "(Publicado el 26 marzo 2021 09:46)", "empresarios-excluidos-publicados-el": "(Publicado el 18 marzo 2021 15:30)"}