{"url": "https://www.madrid.org/cs/Satellite?c=CM_ConvocaPrestac_FA&cid=1354837925238&definicion=Contratos+Publicos&language=es&op2=PCON&pagename=PortalContratacion%2FPage%2FPCON_contratosPublicos&tipoServicio=CM_ConvocaPrestac_FA", "titulo": "Contrato de emergencia refuerzo servicio 112", "status": "Plazo indefinido", "estado-de-la-licitacion": "Abierto", "tipo-resolucion": "Formalizado", "tipo-publicacion": "Contratos adjudicados por procedimientos sin publicidad", "objeto-del-contrato": "", "codigo-cpv": "75242000-4", "numero-de-expediente": "A/SER-017283/2020", "referencia": "3680279", "tipo-de-contrato": "Servicios", "entidad-adjudicadora": "", "codigo-nuts": "ES300", "procedimiento-adjudicacion": "Otros procedimientos: Tramitaci\u00f3n de emergencia", "valor-estimado-sin-i.v.a": "350.825,6 euros", "presupuesto-base-licitacion-(sin-impuestos)": "350.825,6 euros", "presupuesto-base-licitacion.-importe-total": "424.498,98 euros", "duracion-del-contrato": "3 Meses", "puntos-de-informacion": ""}