{"url": "https://www.madrid.org/cs/Satellite?c=CM_ConvocaPrestac_FA&cid=1354787330825&definicion=Contratos+Publicos&language=es&op2=PCON&pagename=PortalContratacion%2FPage%2FPCON_contratosPublicos&tipoServicio=CM_ConvocaPrestac_FA", "titulo": "Direcci\u00f3n facultativa y coordinaci\u00f3n de seguridad y salud de las obras de adecuaci\u00f3n para archivo documental y sala polivalente de la sala coss\u00edo en la plaza de toros de las ventas en la calle Alcal\u00e1 237 de Madrid", "status": "En tramitaci\u00f3n", "tipo-publicacion": "Tabl\u00f3n de anuncios electr\u00f3nico", "objeto-del-contrato": "a. Tipo: Servicios\nb. Descripci\u00f3n: Direcci\u00f3n Facultativa y Coordinaci\u00f3n de Seguridad y Salud de las Obras de Adecuaci\u00f3n para Archivo Documental y  Sala Polivalente de la Sala Coss\u00edo en la Plaza de Toros de las Ventas en la Calle Alcal\u00e1, 237 de Madrid.\nc. Divisi\u00f3n por lotes y n\u00famero: No se admite\nd. Lugar de ejecuci\u00f3n: Madrid\nC\u00f3digo NUTS ES300\ne. Domicilio: Calle Alcal\u00e1 234-Madrid\nf. Plazo de ejecuci\u00f3n: 3 meses\ng. CPV (Referencia de Nomenclatura): 71247000-1", "codigo-cpv": "71247000-1", "numero-de-expediente": "16/2019", "referencia": "3234361", "tipo-de-contrato": "Servicios", "entidad-adjudicadora": "", "codigo-nuts": "ES300", "procedimiento-adjudicacion": "Abierto simplificado", "presupuesto-base-licitacion-(sin-impuestos)": "17.261,68 euros", "duracion-del-contrato": "3 Meses", "defectos-u-omisiones-de-la-documentacion-publicados-el": "(Publicado el 01 octubre 2019 15:15)"}