{"url": "https://www.madrid.org/cs/Satellite?c=CM_ConvocaPrestac_FA&cid=1354868834767&definicion=Contratos+Publicos&language=es&op2=PCON&pagename=PortalContratacion%2FPage%2FPCON_contratosPublicos&tipoServicio=CM_ConvocaPrestac_FA", "titulo": "Campa\u00f1a de campamentos juveniles en el verano 2021 de la Comunidad de Madrid, dividido en cuatro lotes", "status": "En tramitaci\u00f3n", "tipo-publicacion": "Tabl\u00f3n de anuncios electr\u00f3nico", "objeto-del-contrato": "Campa\u00f1a de campamentos juveniles en el verano 2021 de la Comunidad de Madrid, dividido en cuatro lotes", "codigo-cpv": "92000000-1", "compra-publica-innovadora": "No", "numero-de-expediente": "A/SER-000915/2021 (C-232A/001-21)", "referencia": "4024665", "tipo-de-contrato": "Servicios", "entidad-adjudicadora": "", "codigo-nuts": "ES300", "procedimiento-adjudicacion": "Abierto", "presupuesto-base-licitacion-(sin-impuestos)": "171.842,47 euros", "duracion-del-contrato": "7 Meses", "puntos-de-informacion": "", "defectos-u-omisiones-de-la-documentacion-publicados-el": "(Publicado el 05 abril 2021 15:01)"}