{"url": "https://www.madrid.org/cs/Satellite?c=CM_ConvocaPrestac_FA&cid=1354867780525&definicion=Contratos+Publicos&language=es&op2=PCON&pagename=PortalContratacion%2FPage%2FPCON_contratosPublicos&tipoServicio=CM_ConvocaPrestac_FA", "titulo": "Servicio de mantenimiento integral de torres de iluminaci\u00f3n con coronas m\u00f3viles", "status": "En tramitaci\u00f3n", "tipo-publicacion": "Tabl\u00f3n de anuncios electr\u00f3nico", "objeto-del-contrato": "Servicio de mantenimiento integral de torres de iluminaci\u00f3n con coronas m\u00f3viles", "codigo-cpv": "50232100-1", "compra-publica-innovadora": "No", "numero-de-expediente": "6012100031", "referencia": "4011349", "tipo-de-contrato": "Servicios", "entidad-adjudicadora": "", "codigo-nuts": "ES300", "procedimiento-adjudicacion": "Abierto", "defectos-u-omisiones-de-la-documentacion-publicados-el": "(Publicado el 27 abril 2021 11:01)", "empresarios-excluidos-publicados-el": "(Publicado el 01 octubre 2021 11:30)", "ofertas-anormales-o-desproporcionadas-publicadas-el": "(Publicado el 30 abril 2021 11:46)"}