{"url": "https://www.madrid.org/cs/Satellite?c=CM_ConvocaPrestac_FA&cid=1354864134303&definicion=Contratos+Publicos&language=es&op2=PCON&pagename=PortalContratacion%2FPage%2FPCON_contratosPublicos&tipoServicio=CM_ConvocaPrestac_FA", "titulo": "Servicios de formaci\u00f3n virtual (online y/o streaming) a trav\u00e9s de una plataforma que incluir\u00e1 una mediateca de formaci\u00f3n y su hosting", "status": "Plazo indefinido", "tipo-publicacion": "Tabl\u00f3n de anuncios electr\u00f3nico", "objeto-del-contrato": "Servicios de formaci\u00f3n virtual (online y/o streaming) a trav\u00e9s de una plataforma que incluir\u00e1 una mediateca de formaci\u00f3n y su hosting", "numero-de-expediente": "175/2020", "referencia": "3932463", "tipo-de-contrato": "Servicios", "entidad-adjudicadora": "", "codigo-nuts": "ES300", "procedimiento-adjudicacion": "Abierto", "defectos-u-omisiones-de-la-documentacion-publicados-el": "(Publicado el 01 febrero 2021 14:01)"}