{"url": "https://www.madrid.org/cs/Satellite?c=CM_ConvocaPrestac_FA&cid=1354879806658&definicion=Contratos+Publicos&language=es&op2=PCON&pagename=PortalContratacion%2FPage%2FPCON_contratosPublicos&tipoServicio=CM_ConvocaPrestac_FA", "titulo": "Servicios de mantenimiento correctivo y evolutivo del sistema Aquapro y sus desarrollos asociados", "status": "Plazo indefinido", "estado-de-la-licitacion": "Abierto", "tipo-publicacion": "Contratos adjudicados por procedimientos sin publicidad", "objeto-del-contrato": "Servicios de mantenimiento correctivo y evolutivo del sistema Aquapro y sus desarrollos asociados", "codigo-cpv": "72000000-5", "compra-publica-innovadora": "No", "numero-de-expediente": "196/2019", "referencia": "4099209", "tipo-de-contrato": "Servicios", "entidad-adjudicadora": "", "codigo-nuts": "ES300", "procedimiento-adjudicacion": "Negociado sin publicidad", "valor-estimado-sin-i.v.a": "45.000 euros", "presupuesto-base-licitacion-(sin-impuestos)": "90.000 euros", "presupuesto-base-licitacion.-importe-total": "108.900 euros", "duracion-del-contrato": "2 A\u00f1os", "adjudicacion-del-contrato-publicada-el": "10 marzo 2021"}