{"url": "https://www.madrid.org/cs/Satellite?c=CM_ConvocaPrestac_FA&cid=1354801736326&definicion=Contratos+Publicos&language=es&op2=PCON&pagename=PortalContratacion%2FPage%2FPCON_contratosPublicos&tipoServicio=CM_ConvocaPrestac_FA", "titulo": "Tabl\u00f3n de anuncios Servicio de Mantenimiento de Diversas instalaciones T\u00e9cnicas y Elementos constructivos correspondientes al Centro de Reuniones de Santillana", "status": "En tramitaci\u00f3n", "tipo-publicacion": "Tabl\u00f3n de anuncios electr\u00f3nico", "objeto-del-contrato": "Tabl\u00f3n de anuncios Servicio de Mantenimiento de Diversas instalaciones T\u00e9cnicas y Elementos constructivos correspondientes al Centro de Reuniones de Santillana", "codigo-cpv": "50000000-5", "compra-publica-innovadora": "No", "numero-de-expediente": "2019/07", "referencia": "3260520", "tipo-de-contrato": "Servicios", "entidad-adjudicadora": "", "codigo-nuts": "ES300", "procedimiento-adjudicacion": "Abierto", "presupuesto-base-licitacion-(sin-impuestos)": "355.468,98 euros", "duracion-del-contrato": "4 A\u00f1os", "puntos-de-informacion": "Obtenci\u00f3n de documentaci\u00f3n e informaci\u00f3n:\n- Canal de Isabel II. Plaza del Descubridor Diego de Ord\u00e1s, 3, 3\u00aa planta. 28003. Madrid. Tel\u00e9fono: 91 545 12 34.\n- Oficinas de Atenci\u00f3n al Ciudadano.\n* Presentaci\u00f3n de ofertas o de solicitudes de participaci\u00f3n:\n- Canal de Isabel II. Plaza del Descubridor Diego de Ord\u00e1s, 3, 3\u00aa planta. 28003. Madrid. Hasta d\u00eda 18 de octubre de 2019 hasta 14:00 horas\n* Apertura de ofertas:\n- Canal de Isabel II. Plaza del Descubridor Diego de Ord\u00e1s, 3, 3\u00aa planta. 28003. Madrid. D\u00eda 31 de octubre de 2019, a las 10:00 horas.", "defectos-u-omisiones-de-la-documentacion-publicados-el": "(Publicado el 25 octubre 2019 14:02)"}