{"url": "https://www.madrid.org/cs/Satellite?c=CM_ConvocaPrestac_FA&cid=1354786833734&definicion=Contratos+Publicos&language=es&op2=PCON&pagename=PortalContratacion%2FPage%2FPCON_contratosPublicos&tipoServicio=CM_ConvocaPrestac_FA", "titulo": "Servicios de Realizaci\u00f3n de Cortafuegos Mediante el Desbroce de Bandas en la Finca Soto el Espinillo propiedad de Obras de Madrid. Gesti\u00f3n de Obras e Infraestructuras, S.A.", "status": "En tramitaci\u00f3n", "tipo-publicacion": "Tabl\u00f3n de anuncios electr\u00f3nico", "objeto-del-contrato": "a. Tipo: Servicios\nb. Descripci\u00f3n: Prestaci\u00f3n de los servicios necesarios para la realizaci\u00f3n de cortafuegos mediante el desbroce de bandas de 5 m de ancho en la finca Soto el Espinillo propiedad de OBRAS DE MADRID. GESTI\u00d3N DE OBRAS E INFRAESTRUCTURAS, S.A., ubicada en Alcal\u00e1 de Henares.\nc. Divisi\u00f3n por lotes y n\u00famero: Se considera que no procede dividir en lotes de conformidad con el art\u00edculo 99.3 b) LCSP la actividad objeto del contrato, toda vez que se trata de un servicio \u00fanico, a realizar en una sola parcela, no siendo por tanto posible dividir la contrataci\u00f3n.\nd. Plazo de ejecuci\u00f3n: el plazo para la realizaci\u00f3n de los trabajos es de 15 d\u00edas contados a partir del d\u00eda siguiente de la formalizaci\u00f3n del contrato.\ne. CPV (Referencia de Nomenclatura): 77312000-0 Servicios de desbrozo.", "codigo-cpv": "77312000-0", "numero-de-expediente": "14/2019", "referencia": "3234248", "tipo-de-contrato": "Servicios", "entidad-adjudicadora": "", "codigo-nuts": "ES300", "procedimiento-adjudicacion": "Abierto simplificado", "presupuesto-base-licitacion-(sin-impuestos)": "10.670,4 euros", "duracion-del-contrato": "15 D\u00edas", "puntos-de-informacion": "*Entidad adjudicadora: Obras de Madrid. Gesti\u00f3n de Obras e Infraestructuras, S.A. CIF A79932927 - calle Alcal\u00e1, 21 - 4\u00aa planta - 28014 Madrid - Tel. 915240436; Fax. 915770150 - correos electr\u00f3nicos: jacintomellado@obrasdemadrid.com y  (consultas t\u00e9cnicas) y ecampos@obrasdemadrid.com (consultas administrativas *Documentaci\u00f3n: Perfil del contratante http:/www.madrid.org/contratospublicos - Tel.915753415; Fax. 915770150\n*Presentaci\u00f3n de ofertas: hasta el 16 de agosto de 2019 a las 14:00 hs. en Calle Alcal\u00e1, 21 - 1\u00aa planta - 28014 Madrid *Apertura de ofertas: el d\u00eda 21 de agosto de 2019 a las 09:00 hs. en Calle Alcal\u00e1, 21 - 4\u00aa planta - 28014 Madrid"}