{"url": "https://www.madrid.org/cs/Satellite?c=CM_ConvocaPrestac_FA&cid=1354758077172&definicion=Contratos+Publicos&language=es&op2=PCON&pagename=PortalContratacion%2FPage%2FPCON_contratosPublicos&tipoServicio=CM_ConvocaPrestac_FA", "titulo": "Direcci\u00f3n Facultativa y Coordinaci\u00f3n de Seg. y Salud de las Obras \"REMODELACI\u00d3N DEL TRAMO DE LA V\u00cdA COMPLUTENSE COMPRENDIDO ENTRE LA ROTONDA DE LAS 25 VILLAS Y LA ROTONDA DE LA CRUZ VERDE, EN EL MUNICIPIO DE ALCAL\u00c1 DE HENARES (MADRID)\"", "status": "En tramitaci\u00f3n", "tipo-publicacion": "Tabl\u00f3n de anuncios electr\u00f3nico", "objeto-del-contrato": "", "codigo-cpv": "71247000-1", "numero-de-expediente": "CA/0811.005.01/03/S y CA/0811.005.01/04/S", "referencia": "2788255", "tipo-de-contrato": "Servicios", "entidad-adjudicadora": "", "codigo-nuts": "ES300", "procedimiento-adjudicacion": "Abierto simplificado", "presupuesto-base-licitacion-(sin-impuestos)": "16.350,26 euros", "duracion-del-contrato": "8 Meses", "puntos-de-informacion": ""}