{"url": "https://www.madrid.org/cs/Satellite?c=CM_ConvocaPrestac_FA&cid=1354726639987&definicion=Contratos+Publicos&language=es&op2=PCON&pagename=PortalContratacion%2FPage%2FPCON_contratosPublicos&tipoServicio=CM_ConvocaPrestac_FA", "titulo": "Adquisicion de nueve desfibriladores semiautomaticos externos y sus fungibles (electrodos y baterias) vitrinas, se\u00f1aletica y la formacion basica sobre el funcionamiento de los equipos con destino a varias sedes de la Consejer\u00eda de Educacion e Investigaci\u00f3n", "status": "En tramitaci\u00f3n", "tipo-publicacion": "Tabl\u00f3n de anuncios electr\u00f3nico", "objeto-del-contrato": "", "codigo-cpv": "33100000-1", "numero-de-expediente": "A/SUM-008191/2018 (C-321M/004-18)", "referencia": "2496521", "tipo-de-contrato": "Servicios", "entidad-adjudicadora": "", "codigo-nuts": "ES300", "procedimiento-adjudicacion": "Abierto", "presupuesto-base-licitacion-(sin-impuestos)": "14.876,01 euros", "duracion-del-contrato": "102 D\u00edas", "puntos-de-informacion": "Obtenci\u00f3n de documentaci\u00f3n e informaci\u00f3n:", "defectos-u-omisiones-de-la-documentacion-publicados-el": "(Publicado el 30 agosto 2018 12:30)", "ofertas-anormales-o-desproporcionadas-publicadas-el": "(Publicado el 30 agosto 2018 12:30)"}