{"url": "https://www.madrid.org/cs/Satellite?c=CM_ConvocaPrestac_FA&cid=1354858110573&definicion=Contratos+Publicos&language=es&op2=PCON&pagename=PortalContratacion%2FPage%2FPCON_contratosPublicos&tipoServicio=CM_ConvocaPrestac_FA", "titulo": "Tabl\u00f3n de anuncios - Servicio para la transici\u00f3n a la vida independiente", "status": "En tramitaci\u00f3n", "tipo-publicacion": "Tabl\u00f3n de anuncios electr\u00f3nico", "objeto-del-contrato": "El objeto del contrato consiste en proporcionar una serie de apoyos (vivienda, orientaci\u00f3n, b\u00fasqueda y mantenimiento de un trabajo, aprendizaje de actitudes y de habilidades) para avanzar en el tr\u00e1nsito hacia una vida independiente. Los destinatarios son personas con discapacidad f\u00edsica y/u org\u00e1nica que, a partir de algunos prerrequisitos personales y socioecon\u00f3micos, desarrollar\u00e1n un programa individualizado de mejora de competencias. Dicho programa se establecer\u00e1 a partir de la evaluaci\u00f3n inicial de la persona, tendr\u00e1 una duraci\u00f3n determinada y perseguir\u00e1 la mejora de los niveles de competencia para la vida independiente de las personas participantes.", "codigo-cpv": "85311200-4", "numero-de-expediente": "195/2020", "referencia": "3881465", "tipo-de-contrato": "Servicios", "entidad-adjudicadora": "", "codigo-nuts": "ES300", "procedimiento-adjudicacion": "Abierto", "duracion-del-contrato": "12 Meses", "empresarios-excluidos-publicados-el": "(Publicado el 12 enero 2021 14:46)"}