{"url": "https://www.madrid.org/cs/Satellite?c=CM_ConvocaPrestac_FA&cid=1354897059057&definicion=Contratos+Publicos&language=es&op2=PCON&pagename=PortalContratacion%2FPage%2FPCON_contratosPublicos&tipoServicio=CM_ConvocaPrestac_FA", "titulo": "Servicio de programa de formaci\u00f3n en idiomas de Metro de Madrid, S.A.", "status": "En tramitaci\u00f3n", "tipo-publicacion": "Tabl\u00f3n de anuncios electr\u00f3nico", "objeto-del-contrato": "Servicio de programa de formaci\u00f3n en idiomas de Metro de Madrid, S.A.", "codigo-cpv": "80580000-3", "numero-de-expediente": "6012100199", "referencia": "4301249", "tipo-de-contrato": "Servicios", "entidad-adjudicadora": "", "codigo-nuts": "ES300", "procedimiento-adjudicacion": "Abierto simplificado", "defectos-u-omisiones-de-la-documentacion-publicados-el": "(Publicado el 24 septiembre 2021 12:15)", "empresarios-excluidos-publicados-el": "(Publicado el 05 octubre 2021 11:45)"}