{"url": "https://www.madrid.org/cs/Satellite?c=CM_ConvocaPrestac_FA&cid=1354884539295&definicion=Contratos+Publicos&language=es&op2=PCON&pagename=PortalContratacion%2FPage%2FPCON_contratosPublicos&tipoServicio=CM_ConvocaPrestac_FA", "titulo": "A/SER-023169/2021: Tabl\u00f3n de anuncios", "status": "En tramitaci\u00f3n", "tipo-publicacion": "Tabl\u00f3n de anuncios electr\u00f3nico", "objeto-del-contrato": "Servicios de direcci\u00f3n facultativa y coordinaci\u00f3n en materia de seguridad y salud de las obras para la reforma y acondicionamiento de la Unidad de Hospitalizacion 6 del Hospital Virgen de la Poveda", "codigo-cpv": "71247000-1, 71317200-5", "numero-de-expediente": "A/SER-023169/2021", "referencia": "4145593", "tipo-de-contrato": "Servicios", "entidad-adjudicadora": "", "codigo-nuts": "ES300", "procedimiento-adjudicacion": "Abierto simplificado", "presupuesto-base-licitacion-(sin-impuestos)": "43.028,07 euros", "duracion-del-contrato": "8 Meses", "puntos-de-informacion": "Obtenci\u00f3n de documentaci\u00f3n e informaci\u00f3n:"}