{"url": "https://www.madrid.org/cs/Satellite?c=CM_ConvocaPrestac_FA&cid=1354891045888&definicion=Contratos+Publicos&language=es&op2=PCON&pagename=PortalContratacion%2FPage%2FPCON_contratosPublicos&tipoServicio=CM_ConvocaPrestac_FA", "titulo": "Servicio de asistencia t\u00e9cnica y mantenimiento de los equipos marca Siemens instalados en el Hospital Universitario de la Princesa", "status": "En tramitaci\u00f3n", "tipo-publicacion": "Tabl\u00f3n de anuncios electr\u00f3nico", "objeto-del-contrato": "Servicio de asistencia t\u00e9cnica y mantenimiento de los equipos de radiolog\u00eda de la marca Siemens instalados en el Hospital Universitario de La Princesa.", "codigo-cpv": "50420000-5", "compra-publica-innovadora": "No", "numero-de-expediente": "P.A. 41/2021 HUP", "referencia": "4186552", "tipo-de-contrato": "Servicios", "entidad-adjudicadora": "", "codigo-nuts": "ES300", "procedimiento-adjudicacion": "Abierto", "presupuesto-base-licitacion-(sin-impuestos)": "159.860 euros", "duracion-del-contrato": "24 Meses", "puntos-de-informacion": "", "defectos-u-omisiones-de-la-documentacion-publicados-el": "(Publicado el 16 septiembre 2021 13:30)"}