{"url": "https://www.madrid.org/cs/Satellite?c=CM_ConvocaPrestac_FA&cid=1354794784584&definicion=Contratos+Publicos&language=es&op2=PCON&pagename=PortalContratacion%2FPage%2FPCON_contratosPublicos&tipoServicio=CM_ConvocaPrestac_FA", "titulo": "Redacci\u00f3n del Proyecto B\u00e1sico y de Ejecuci\u00f3n para las Obras de Construcci\u00f3n del Nuevo CEE de Valdemoro", "status": "Plazo indefinido", "estado-de-la-licitacion": "Abierto", "tipo-resolucion": "Formalizado", "tipo-publicacion": "Contratos adjudicados por procedimientos sin publicidad", "objeto-del-contrato": "Redacci\u00f3n del Proyecto B\u00e1sico y de Ejecuci\u00f3n para las Obras de Construcci\u00f3n del Nuevo CEE de Valdemoro", "codigo-cpv": "71200000-0", "compra-publica-innovadora": "No", "numero-de-expediente": "A/SER-016969/2019", "referencia": "3259179", "tipo-de-contrato": "Servicios", "entidad-adjudicadora": "", "codigo-nuts": "ES300", "procedimiento-adjudicacion": "Negociado sin publicidad", "valor-estimado-sin-i.v.a": "73.344,35 euros", "presupuesto-base-licitacion-(sin-impuestos)": "73.344,35 euros", "presupuesto-base-licitacion.-importe-total": "88.746,66 euros", "duracion-del-contrato": "2 Meses", "adjudicacion-del-contrato-publicada-el": "13 septiembre 2019", "formalizacion-del-contrato-publicada-el": "13 septiembre 2019"}