{"url": "https://www.madrid.org/cs/Satellite?c=CM_ConvocaPrestac_FA&cid=1354724801454&definicion=Contratos+Publicos&language=es&op2=PCON&pagename=PortalContratacion%2FPage%2FPCON_contratosPublicos&tipoServicio=CM_ConvocaPrestac_FA", "titulo": "Plan Funcional, Plan de Espacios, Plan de Dotaci\u00f3n y Estudio Previo Arquitect\u00f3nico que servir\u00e1 de base para la posterior licitaci\u00f3n de un Proyecto de Obra que permita la reforma del todo el Complejo Hospitalario Universitario La Paz", "status": "En tramitaci\u00f3n", "tipo-publicacion": "Tabl\u00f3n de anuncios electr\u00f3nico", "objeto-del-contrato": "", "codigo-cpv": "71000000-8", "numero-de-expediente": "P.A. 14/2018", "referencia": "2496042", "tipo-de-contrato": "Servicios", "entidad-adjudicadora": "", "codigo-nuts": "ES300", "procedimiento-adjudicacion": "Abierto"}