{"url": "https://www.madrid.org/cs/Satellite?c=CM_ConvocaPrestac_FA&cid=1354874570359&definicion=Contratos+Publicos&language=es&op2=PCON&pagename=PortalContratacion%2FPage%2FPCON_contratosPublicos&tipoServicio=CM_ConvocaPrestac_FA", "titulo": "Mantenimiento de jardiner\u00eda en 12 centros adscritos a la Agencia Madrile\u00f1a de Atenci\u00f3n Social (3 lotes)", "status": "En tramitaci\u00f3n", "tipo-publicacion": "Tabl\u00f3n de anuncios electr\u00f3nico", "objeto-del-contrato": "Mantenimiento de jardiner\u00eda en 12 centros adscritos a la Agencia Madrile\u00f1a de Atenci\u00f3n Social (3 lotes)", "codigo-cpv": "77311000-3", "numero-de-expediente": "A/SER-040607/2020", "referencia": "4027013", "tipo-de-contrato": "Servicios", "entidad-adjudicadora": "", "codigo-nuts": "ES300", "procedimiento-adjudicacion": "Abierto", "presupuesto-base-licitacion-(sin-impuestos)": "632.766 euros", "duracion-del-contrato": "24 Meses", "defectos-u-omisiones-de-la-documentacion-publicados-el": "(Publicado el 28 mayo 2021 09:00)", "empresarios-excluidos-publicados-el": "(Publicado el 13 abril 2021 12:50)", "ofertas-anormales-o-desproporcionadas-publicadas-el": "(Publicado el 21 abril 2021 09:50)"}