{"url": "https://www.madrid.org/cs/Satellite?c=CM_ConvocaPrestac_FA&cid=1354812088190&definicion=Contratos+Publicos&language=es&op2=PCON&pagename=PortalContratacion%2FPage%2FPCON_contratosPublicos&tipoServicio=CM_ConvocaPrestac_FA", "titulo": "Servicio de mantenimiento de los equipos productores de fr\u00edo del Hospital Universitario La Paz y Carlos III", "status": "En tramitaci\u00f3n", "tipo-publicacion": "Tabl\u00f3n de anuncios electr\u00f3nico", "objeto-del-contrato": "Servicio de mantenimiento de los equipos productores de fr\u00edo del Hospital Universitario La Paz y Carlos III.", "codigo-cpv": "50730000-1", "numero-de-expediente": "P.A. 31/2019", "referencia": "3411602", "tipo-de-contrato": "Servicios", "entidad-adjudicadora": "", "codigo-nuts": "ES300", "procedimiento-adjudicacion": "Abierto", "duracion-del-contrato": "Meses", "fecha-publicacion-de-la-licitacion-en-el-bocm": "03 diciembre 2019"}