{"url": "https://www.madrid.org/cs/Satellite?c=CM_ConvocaPrestac_FA&cid=1354772003662&definicion=Contratos+Publicos&language=es&op2=PCON&pagename=PortalContratacion%2FPage%2FPCON_contratosPublicos&tipoServicio=CM_ConvocaPrestac_FA", "titulo": "Mantenimiento integral de 47 equipos multifunci\u00f3n de la Consejer\u00eda de Economia, Empleo y Hacienda", "status": "En tramitaci\u00f3n", "tipo-publicacion": "Tabl\u00f3n de anuncios electr\u00f3nico", "objeto-del-contrato": "Mantenimiento integral de 47 equipos multifunci\u00f3n de la Consejer\u00eda de Econom\u00eda, Empleo y Hacienda", "compra-publica-innovadora": "No", "numero-de-expediente": "A/SER-006462/2019", "referencia": "2923052", "tipo-de-contrato": "Servicios", "entidad-adjudicadora": "", "codigo-nuts": "ES300", "procedimiento-adjudicacion": "Abierto simplificado", "puntos-de-informacion": ""}