{"url": "https://www.madrid.org/cs/Satellite?c=CM_ConvocaPrestac_FA&cid=1354895167961&definicion=Contratos+Publicos&language=es&op2=PCON&pagename=PortalContratacion%2FPage%2FPCON_contratosPublicos&tipoServicio=CM_ConvocaPrestac_FA", "titulo": "Conservaci\u00f3n y mantenimiento de edificios, instalaciones y equipos elevadores existentes en los inmuebles sede de \u00f3rganos judiciales, fiscales y servicios de los mismos adscritos a la Consejer\u00eda de Presidencia, Justicia e Interior de la Comunidad de Madrid", "status": "Plazo indefinido", "tipo-publicacion": "Tabl\u00f3n de anuncios electr\u00f3nico", "objeto-del-contrato": "Conservaci\u00f3n y mantenimiento de edificios, instalaciones y equipos elevadores existentes en los inmuebles sede de \u00f3rganos judiciales, fiscales y servicios de los mismos adscritos a la Consejer\u00eda de Presidencia, Justicia e Interior de la Comunidad de Madrid.", "numero-de-expediente": "A/SER-016285/2020", "referencia": "4293890", "tipo-de-contrato": "Servicios", "entidad-adjudicadora": "", "codigo-nuts": "ES300", "procedimiento-adjudicacion": "Abierto", "defectos-u-omisiones-de-la-documentacion-publicados-el": "(Publicado el 09 septiembre 2021 14:00)", "ofertas-anormales-o-desproporcionadas-publicadas-el": "(Publicado el 05 octubre 2021 11:00)"}