{"url": "https://www.madrid.org/cs/Satellite?c=CM_ConvocaPrestac_FA&cid=1354890817847&definicion=Contratos+Publicos&language=es&op2=PCON&pagename=PortalContratacion%2FPage%2FPCON_contratosPublicos&tipoServicio=CM_ConvocaPrestac_FA", "titulo": "P.A. (A.M.) 3/2021. Servicios de Asistencia T\u00e9cnica para trabajos de consultor\u00eda relativos a arquitectura e ingenier\u00eda.", "status": "En tramitaci\u00f3n", "tipo-publicacion": "Tabl\u00f3n de anuncios electr\u00f3nico", "objeto-del-contrato": "Servicios de Asistencia T\u00e9cnica para trabajos de consultor\u00eda relativos a arquitectura e ingenier\u00eda.", "codigo-cpv": "71000000-8", "compra-publica-innovadora": "No", "numero-de-expediente": "P.A. (A.M.) 3/2021.", "referencia": "4185191", "tipo-de-contrato": "Servicios", "entidad-adjudicadora": "", "codigo-nuts": "ES300", "procedimiento-adjudicacion": "Abierto", "fecha-publicacion-de-la-licitacion-en-el-bocm": "21 junio 2021"}