{"url": "https://www.madrid.org/cs/Satellite?c=CM_ConvocaPrestac_FA&cid=1354776509221&definicion=Contratos+Publicos&language=es&op2=PCON&pagename=PortalContratacion%2FPage%2FPCON_contratosPublicos&tipoServicio=CM_ConvocaPrestac_FA", "titulo": "Control de calidad de las obras de 2 vppa en el municipio de La Hiruela; 4 vppa y local en Cinco Villas, municipio de Puentes Viejas; 2 vppa en el municipio de Madarcos; 4 vppa en el municipio de Robregordo y 15 vppa, trasteros y plazas de aparcamiento \u2013 parcela 30 \u2013 UE 15 \u2013 Patones", "status": "Plazo indefinido", "tipo-publicacion": "Tabl\u00f3n de anuncios electr\u00f3nico", "numero-de-expediente": "A/SER-007751/2019", "referencia": "3138401", "tipo-de-contrato": "Servicios", "entidad-adjudicadora": "", "codigo-nuts": "ES300", "procedimiento-adjudicacion": "Abierto simplificado", "defectos-u-omisiones-de-la-documentacion-publicados-el": "(Publicado el 25 julio 2019 12:31)"}