{"url": "https://www.madrid.org/cs/Satellite?c=CM_ConvocaPrestac_FA&cid=1354839059644&definicion=Contratos+Publicos&language=es&op2=PCON&pagename=PortalContratacion%2FPage%2FPCON_contratosPublicos&tipoServicio=CM_ConvocaPrestac_FA", "titulo": "Servicios de operaci\u00f3n y mantenimiento de la estaci\u00f3n de tratamiento de agua potable del tajo de Canal de Isabel II, S.A.", "status": "Plazo indefinido", "tipo-publicacion": "Tabl\u00f3n de anuncios electr\u00f3nico", "numero-de-expediente": "39/2019", "referencia": "3690298", "tipo-de-contrato": "Servicios", "entidad-adjudicadora": "", "codigo-nuts": "ES300", "procedimiento-adjudicacion": "Abierto", "defectos-u-omisiones-de-la-documentacion-publicados-el": "(Publicado el 05 marzo 2021 09:45)", "ofertas-anormales-o-desproporcionadas-publicadas-el": "(Publicado el 05 noviembre 2020 12:01)"}