{"url": "https://www.madrid.org/cs/Satellite?c=CM_ConvocaPrestac_FA&cid=1354862873610&definicion=Contratos+Publicos&language=es&op2=PCON&pagename=PortalContratacion%2FPage%2FPCON_contratosPublicos&tipoServicio=CM_ConvocaPrestac_FA", "titulo": "Soporte al modelo de gesti\u00f3n de proyectos y asesoramiento y apoyo en la transformaci\u00f3n de la gesti\u00f3n y prestaci\u00f3n de servicios a la Comunidad de Madrid acorde a la estrategia de transformaci\u00f3n digital de la agencia. 4 lotes", "status": "En tramitaci\u00f3n", "tipo-publicacion": "Tabl\u00f3n de anuncios electr\u00f3nico", "objeto-del-contrato": "Soporte al modelo de gesti\u00f3n de proyectos y asesoramiento y apoyo en la transformaci\u00f3n de la gesti\u00f3n y prestaci\u00f3n de servicios a la Comunidad de Madrid acorde a la estrategia de transformaci\u00f3n digital de la agencia. 4 lotes", "numero-de-expediente": "ECON/000236/2020", "referencia": "3906666", "tipo-de-contrato": "Servicios", "entidad-adjudicadora": "", "codigo-nuts": "ES300", "procedimiento-adjudicacion": "Abierto", "defectos-u-omisiones-de-la-documentacion-publicados-el": "(Publicado el 24 febrero 2021 16:00)", "ofertas-anormales-o-desproporcionadas-publicadas-el": "(Publicado el 18 junio 2021 13:16)"}