{"url": "https://www.madrid.org/cs/Satellite?c=CM_ConvocaPrestac_FA&cid=1354862869614&definicion=Contratos+Publicos&language=es&op2=PCON&pagename=PortalContratacion%2FPage%2FPCON_contratosPublicos&tipoServicio=CM_ConvocaPrestac_FA", "titulo": "Servicio de asistencia t\u00e9cnica y mantenimiento del Sistema de Alimentaci\u00f3n Ininterrumpida de la marca ABB-NEWAVE del Servicio de Inform\u00e1tica del Hospital U. La Princesa", "status": "En tramitaci\u00f3n", "tipo-publicacion": "Tabl\u00f3n de anuncios electr\u00f3nico", "objeto-del-contrato": "Servicio de Asistencia t\u00e9cnica y mantenimiento del Sistema de Alimentaci\u00f3n Ininterrumpida de la marca ABB-NEWAVE del Servicio de Inform\u00e1tica del Hospital Universitario de\u00a0La Princesa.", "codigo-cpv": "50711000-2", "compra-publica-innovadora": "No", "numero-de-expediente": "P.A.S.A. 19/2021 HUP", "referencia": "3906665", "tipo-de-contrato": "Servicios", "entidad-adjudicadora": "", "codigo-nuts": "ES300", "procedimiento-adjudicacion": "Abierto", "presupuesto-base-licitacion-(sin-impuestos)": "3.041 euros", "duracion-del-contrato": "12 Meses", "defectos-u-omisiones-de-la-documentacion-publicados-el": "(Publicado el 22 enero 2021 11:45)"}