{"url": "https://www.madrid.org/cs/Satellite?c=CM_ConvocaPrestac_FA&cid=1354746145605&definicion=Contratos+Publicos&language=es&op2=PCON&pagename=PortalContratacion%2FPage%2FPCON_contratosPublicos&tipoServicio=CM_ConvocaPrestac_FA", "titulo": "Servicio de recogida, transporte, destrucci\u00f3n  de papel y documentaci\u00f3n confidencial y reciclaje de las distintas sedes adscritas a la Consejer\u00eda de Educaci\u00f3n e Investigaci\u00f3n de la Comunidad de Madrid", "status": "En tramitaci\u00f3n", "tipo-publicacion": "Tabl\u00f3n de anuncios electr\u00f3nico", "objeto-del-contrato": "", "codigo-cpv": "92512100-4", "numero-de-expediente": "A/SER-015639/2018 (C-321M/007-18)", "referencia": "2660405", "tipo-de-contrato": "Servicios", "entidad-adjudicadora": "", "codigo-nuts": "ES300", "procedimiento-adjudicacion": "Abierto", "presupuesto-base-licitacion-(sin-impuestos)": "10.828,4 euros", "duracion-del-contrato": "23 Meses", "puntos-de-informacion": "Obtenci\u00f3n de documentaci\u00f3n e informaci\u00f3n:", "defectos-u-omisiones-de-la-documentacion-publicados-el": "(Publicado el 03 diciembre 2018 14:31)"}