{"url": "https://www.madrid.org/cs/Satellite?c=CM_ConvocaPrestac_FA&cid=1354830536762&definicion=Contratos+Publicos&language=es&op2=PCON&pagename=PortalContratacion%2FPage%2FPCON_contratosPublicos&tipoServicio=CM_ConvocaPrestac_FA", "titulo": "Servicio de prevenci\u00f3n ajeno para las especialidades de seguridad en el trabajo, higiene industrial y ergonomia y psicosociologia en el Hospital Universitario Puerta de Hierro Majadahonda", "status": "Plazo indefinido", "tipo-publicacion": "Tabl\u00f3n de anuncios electr\u00f3nico", "codigo-cpv": "71317210-8", "numero-de-expediente": "GCASE 2020-7", "referencia": "3568506", "tipo-de-contrato": "Servicios", "entidad-adjudicadora": "", "codigo-nuts": "ES300", "procedimiento-adjudicacion": "Abierto", "presupuesto-base-licitacion-(sin-impuestos)": "152.795 euros", "duracion-del-contrato": "24 Meses", "puntos-de-informacion": "Hospital Universitario Puerta de Hierro de Majadahonda. Servicio de Contrataci\u00f3n Administrativa. C/ Joaqu\u00edn Rodrigo, 2. 28222. Majadahonda.Tel\u00e9fono: 91 191 68 37 / 91 191 72 55 / 91 191 74 34 / 91 191 74 00. Telefax: 91 316 28 48.", "defectos-u-omisiones-de-la-documentacion-publicados-el": "(Publicado el 05 junio 2020 09:00)"}