{"url": "https://www.madrid.org/cs/Satellite?c=CM_ConvocaPrestac_FA&cid=1354817727908&definicion=Contratos+Publicos&language=es&op2=PCON&pagename=PortalContratacion%2FPage%2FPCON_contratosPublicos&tipoServicio=CM_ConvocaPrestac_FA", "titulo": "Servicios de traslado sanitario interno en el Hospital Universitario La Paz, Carlos III, Cantoblanco", "status": "En tramitaci\u00f3n", "tipo-publicacion": "Tabl\u00f3n de anuncios electr\u00f3nico", "objeto-del-contrato": "Servicios de traslado sanitario interno en el Hospital Universitario La Paz, Carlos III y Cantoblanco.", "codigo-cpv": "85143000-3", "numero-de-expediente": "P.A. 2/2020", "referencia": "3412789", "tipo-de-contrato": "Servicios", "entidad-adjudicadora": "", "codigo-nuts": "ES300", "procedimiento-adjudicacion": "Abierto", "duracion-del-contrato": "Meses"}