{"url": "https://www.madrid.org/cs/Satellite?c=CM_ConvocaPrestac_FA&cid=1354742218177&definicion=Contratos+Publicos&language=es&op2=PCON&pagename=PortalContratacion%2FPage%2FPCON_contratosPublicos&tipoServicio=CM_ConvocaPrestac_FA", "titulo": "Limpieza para diversas sedes de la Consejer\u00eda de Econom\u00eda ,Empleo y Hacienda.Secci\u00f3n Econom\u00eda y Hacienda", "status": "En tramitaci\u00f3n", "tipo-publicacion": "Tabl\u00f3n de anuncios electr\u00f3nico", "objeto-del-contrato": "Limpieza para diversas sedes de la Consejer\u00eda de Econom\u00eda ,Empleo y Hacienda.Secci\u00f3n Econom\u00eda y Hacienda.", "compra-publica-innovadora": "No", "numero-de-expediente": "A/SER-015973/2018", "referencia": "2655093", "tipo-de-contrato": "Servicios", "entidad-adjudicadora": "", "codigo-nuts": "ES300", "procedimiento-adjudicacion": "Abierto", "puntos-de-informacion": "", "defectos-u-omisiones-de-la-documentacion-publicados-el": "(Publicado el 08 noviembre 2018 11:32)"}