{"url": "https://www.madrid.org/cs/Satellite?c=CM_ConvocaPrestac_FA&cid=1354880916278&definicion=Contratos+Publicos&language=es&op2=PCON&pagename=PortalContratacion%2FPage%2FPCON_contratosPublicos&tipoServicio=CM_ConvocaPrestac_FA", "titulo": "Consultor\u00eda y asistencia t\u00e9cnica y urban\u00edstica para la redacci\u00f3n del proyecto de reparcelaci\u00f3n general y parcial del plan de sectorizaci\u00f3n con ordenaci\u00f3n pormenorizada del parque empresarial \u201cLa Carpetania\u201d (segunda fase), del PGOU de Getafe", "status": "Plazo indefinido", "tipo-publicacion": "Tabl\u00f3n de anuncios electr\u00f3nico", "objeto-del-contrato": "", "compra-publica-innovadora": "No", "numero-de-expediente": "CPT-2020-CS-02", "referencia": "4118549", "tipo-de-contrato": "Servicios", "entidad-adjudicadora": "", "codigo-nuts": "ES300", "procedimiento-adjudicacion": "Abierto simplificado", "puntos-de-informacion": "", "defectos-u-omisiones-de-la-documentacion-publicados-el": "(Publicado el 25 mayo 2021 12:19)", "ofertas-anormales-o-desproporcionadas-publicadas-el": "(Publicado el 09 junio 2021 15:00)"}