{"url": "https://www.madrid.org/cs/Satellite?c=CM_ConvocaPrestac_FA&cid=1354870271196&definicion=Contratos+Publicos&language=es&op2=PCON&pagename=PortalContratacion%2FPage%2FPCON_contratosPublicos&tipoServicio=CM_ConvocaPrestac_FA", "titulo": "P.A. 8/2020 Servicio de mantenimiento de equipos electrom\u00e9dicos del Hospital La Paz, Hospital Cantoblanco, Hospital Carlos II y Centros adscritos", "status": "En tramitaci\u00f3n", "tipo-publicacion": "Tabl\u00f3n de anuncios electr\u00f3nico", "objeto-del-contrato": "Servicio de mantenimiento de equipos electrom\u00e9dicos del Hospital La Paz, Hospital Cantoblanco, Hospital Carlos III y Centros adscritos", "codigo-cpv": "50420000-5", "numero-de-expediente": "P.A. 8/2020", "referencia": "4024968", "tipo-de-contrato": "Servicios", "entidad-adjudicadora": "", "codigo-nuts": "ES300", "procedimiento-adjudicacion": "Abierto", "fecha-publicacion-de-la-licitacion-en-el-bocm": "05 febrero 2021"}