{"url": "https://www.madrid.org/cs/Satellite?c=CM_ConvocaPrestac_FA&cid=1354704946547&definicion=Contratos+Publicos&language=es&op2=PCON&pagename=PortalContratacion%2FPage%2FPCON_contratosPublicos&tipoServicio=CM_ConvocaPrestac_FA", "titulo": "Servicio de transporte de personal de 2 Residencias de Mayores adscritas a la Agencia Madrile\u00f1a de Atenci\u00f3n Social (2 lotes)", "status": "En tramitaci\u00f3n", "tipo-publicacion": "Tabl\u00f3n de anuncios electr\u00f3nico", "objeto-del-contrato": "Servicio de transporte de personal de 2 Residencias", "numero-de-expediente": "A/SER-017014/2017", "referencia": "2182756", "tipo-de-contrato": "Servicios", "entidad-adjudicadora": "", "codigo-nuts": "ES300", "procedimiento-adjudicacion": "Abierto", "defectos-u-omisiones-de-la-documentacion-publicados-el": "(Publicado el 05 abril 2018 09:30)", "empresarios-excluidos-publicados-el": "(Publicado el 12 abril 2018 12:41)", "ofertas-anormales-o-desproporcionadas-publicadas-el": "(Publicado el 12 abril 2018 12:41)"}