{"url": "https://www.madrid.org/cs/Satellite?c=CM_ConvocaPrestac_FA&cid=1354867370565&definicion=Contratos+Publicos&language=es&op2=PCON&pagename=PortalContratacion%2FPage%2FPCON_contratosPublicos&tipoServicio=CM_ConvocaPrestac_FA", "titulo": "Servicio de mantenimiento integral con de los equipos de tratamiento de alta intensidad de IMRT y Arcoterapia en los equipos de radioterapia del Hospital Universitario de Fuenlabrada", "status": "Pendiente apertura plazo", "estado-de-la-licitacion": "Pendiente de apertura de plazo", "tipo-publicacion": "Contratos adjudicados por procedimientos sin publicidad", "objeto-del-contrato": "Servicio de mantenimiento integral con de los equipos de tratamiento de alta intensidad de IMRT y Arcoterapia en los equipos de radioterapia del Hospital Universitario de Fuenlabrada", "codigo-cpv": "50400000-9", "compra-publica-innovadora": "No", "numero-de-expediente": "PNSP S 19-006", "referencia": "3990421", "tipo-de-contrato": "Servicios", "entidad-adjudicadora": "", "codigo-nuts": "ES300", "procedimiento-adjudicacion": "Negociado sin publicidad", "valor-estimado-sin-i.v.a": "313.594,88 euros", "presupuesto-base-licitacion-(sin-impuestos)": "156.797,44 euros", "presupuesto-base-licitacion.-importe-total": "189.724,9 euros", "duracion-del-contrato": "24 Meses", "adjudicacion-del-contrato-publicada-el": "22 febrero 2021"}