{"url": "https://www.madrid.org/cs/Satellite?c=CM_ConvocaPrestac_FA&cid=1354889950352&definicion=Contratos+Publicos&language=es&op2=PCON&pagename=PortalContratacion%2FPage%2FPCON_contratosPublicos&tipoServicio=CM_ConvocaPrestac_FA", "titulo": "Servicios de gesti\u00f3n y eliminaci\u00f3n de residuos sanitarios espec\u00edficos en los Centros Sanitarios del Servicio Madrile\u00f1o", "status": "En tramitaci\u00f3n", "tipo-publicacion": "Tabl\u00f3n de anuncios electr\u00f3nico", "objeto-del-contrato": "Servicios de gesti\u00f3n y eliminaci\u00f3n de residuos sanitarios espec\u00edficos en los Centros Sanitarios del Servicio Madrile\u00f1o", "codigo-cpv": "90520000-8", "compra-publica-innovadora": "No", "numero-de-expediente": "PA SER 04/2021", "referencia": "4172733", "tipo-de-contrato": "Servicios", "entidad-adjudicadora": "", "codigo-nuts": "ES300", "procedimiento-adjudicacion": "Abierto"}