{"url": "https://www.madrid.org/cs/Satellite?c=CM_ConvocaPrestac_FA&cid=1354895839887&definicion=Contratos+Publicos&language=es&op2=PCON&pagename=PortalContratacion%2FPage%2FPCON_contratosPublicos&tipoServicio=CM_ConvocaPrestac_FA", "titulo": "Servicio de limpieza de diversos centros adscritos a la Direccion General deJuventud", "status": "En tramitaci\u00f3n", "tipo-publicacion": "Tabl\u00f3n de anuncios electr\u00f3nico", "objeto-del-contrato": "El presente contrato tiene por objeto el servicio de limpieza en cinco albergues juveniles y otros centros adscritos a la Direcci\u00f3n General de Juventud.", "codigo-cpv": "90911200-8", "compra-publica-innovadora": "No", "numero-de-expediente": "A/SER-028128/2021 (C-232A-005-2021)", "referencia": "4301054", "tipo-de-contrato": "Servicios", "entidad-adjudicadora": "", "codigo-nuts": "ES300", "procedimiento-adjudicacion": "Abierto", "presupuesto-base-licitacion-(sin-impuestos)": "87.733,1 euros", "duracion-del-contrato": "12 Meses", "puntos-de-informacion": "", "defectos-u-omisiones-de-la-documentacion-publicados-el": "(Publicado el 04 octubre 2021 13:15)"}