{"url": "https://www.madrid.org/cs/Satellite?c=CM_ConvocaPrestac_FA&cid=1354896458433&definicion=Contratos+Publicos&language=es&op2=PCON&pagename=PortalContratacion%2FPage%2FPCON_contratosPublicos&tipoServicio=CM_ConvocaPrestac_FA", "titulo": "Servicio de limpieza en 30 centros adscritos a la Agencia Madrile\u00f1a de Atenci\u00f3n Social (4 lotes)", "status": "Plazo indefinido", "tipo-publicacion": "Tabl\u00f3n de anuncios electr\u00f3nico", "objeto-del-contrato": "Servicio de limpieza en 30 centros adscritos a la Agencia Madrile\u00f1a de Atenci\u00f3n Social (4 lotes)", "codigo-cpv": "90911000-6", "numero-de-expediente": "A/SER-024735/2021", "referencia": "4301151", "tipo-de-contrato": "Servicios", "entidad-adjudicadora": "", "codigo-nuts": "ES300", "procedimiento-adjudicacion": "Abierto", "defectos-u-omisiones-de-la-documentacion-publicados-el": "(Publicado el 28 septiembre 2021 11:50)", "empresarios-excluidos-publicados-el": "(Publicado el 28 septiembre 2021 11:50)"}