{"url": "https://www.madrid.org/cs/Satellite?c=CM_ConvocaPrestac_FA&cid=1354871873732&definicion=Contratos+Publicos&language=es&op2=PCON&pagename=PortalContratacion%2FPage%2FPCON_contratosPublicos&tipoServicio=CM_ConvocaPrestac_FA", "titulo": "Servicio de redacci\u00f3n de proyecto, direcci\u00f3n facultativa y coordinaci\u00f3n S. y Salud de obra plantas 8 y 7 del H. Princesa", "status": "En tramitaci\u00f3n", "tipo-publicacion": "Tabl\u00f3n de anuncios electr\u00f3nico", "objeto-del-contrato": "Servicio de redacci\u00f3n del proyecto b\u00e1sico y de ejecuci\u00f3n, Direcci\u00f3n facultativa completa y Coordinaci\u00f3n de Seguridad y Salud en fase de ejecuci\u00f3n de las obras de adaptaci\u00f3n de las Plantas 8 y 7, sectores 3 de hospitalizaci\u00f3n, del Hospital Universitario de la Princesa.", "codigo-cpv": "71242000-6, 71520000-9", "compra-publica-innovadora": "No", "numero-de-expediente": "P.R. 1/2021 HUP", "referencia": "4025281", "tipo-de-contrato": "Servicios", "entidad-adjudicadora": "", "codigo-nuts": "ES300", "procedimiento-adjudicacion": "Restringido", "presupuesto-base-licitacion-(sin-impuestos)": "50.000 euros", "duracion-del-contrato": "12 Meses", "puntos-de-informacion": "", "defectos-u-omisiones-de-la-documentacion-publicados-el": "(Publicado el 16 abril 2021 10:16)", "ofertas-anormales-o-desproporcionadas-publicadas-el": "(Publicado el 29 abril 2021 10:00)"}