{"url": "https://www.madrid.org/cs/Satellite?c=CM_ConvocaPrestac_FA&cid=1354805858520&definicion=Contratos+Publicos&language=es&op2=PCON&pagename=PortalContratacion%2FPage%2FPCON_contratosPublicos&tipoServicio=CM_ConvocaPrestac_FA", "titulo": "Servicio de mantenimiento de la plataforma Suncheck-SNC, Machine-SNC, Routine-SNC patient (Hardware y software asociado al control de calidad de dosimetr\u00eda) instalada en el Servicio de Oncolog\u00eda Radioterpica del HUP", "status": "En tramitaci\u00f3n", "tipo-publicacion": "Tabl\u00f3n de anuncios electr\u00f3nico", "objeto-del-contrato": "Servicio de mantenimiento de la plataforma Suncheck-SNC, Machine-SNC, Routine-SNC patient (Hardware y software asociado al control de calidad de dosimetr\u00eda) instalada en el Servicio de Oncolog\u00eda Radioter\u00e1pica del HUP.", "codigo-cpv": "72200000-7", "numero-de-expediente": "P.A.S. 65/2019 HUP", "referencia": "3304527", "tipo-de-contrato": "Servicios", "entidad-adjudicadora": "", "codigo-nuts": "ES300", "procedimiento-adjudicacion": "Abierto", "presupuesto-base-licitacion-(sin-impuestos)": "67.500 euros", "duracion-del-contrato": "24 Meses", "puntos-de-informacion": "", "defectos-u-omisiones-de-la-documentacion-publicados-el": "(Publicado el 05 diciembre 2019 14:01)"}