{"url": "https://www.madrid.org/cs/Satellite?c=CM_ConvocaPrestac_FA&cid=1354887190067&definicion=Contratos+Publicos&language=es&op2=PCON&pagename=PortalContratacion%2FPage%2FPCON_contratosPublicos&tipoServicio=CM_ConvocaPrestac_FA", "titulo": "Servicio para la gestion de la escuela infantil El Roble de Valdemoro", "status": "En tramitaci\u00f3n", "tipo-publicacion": "Tabl\u00f3n de anuncios electr\u00f3nico", "objeto-del-contrato": "Servicio para la gesti\u00f3n de la escuela infantil El Roble de Valdemoro", "codigo-cpv": "80110000-8", "numero-de-expediente": "A/SER-020597-2021 (322A-010-21)", "referencia": "4149495", "tipo-de-contrato": "Servicios", "entidad-adjudicadora": "", "codigo-nuts": "ES30", "procedimiento-adjudicacion": "Abierto", "presupuesto-base-licitacion-(sin-impuestos)": "941.149,44 euros", "duracion-del-contrato": "3 A\u00f1os", "puntos-de-informacion": "-Consejer\u00eda de Educaci\u00f3n, Universidades, Ciencia y Portavoc\u00eda, Secretar\u00eda General T\u00e9cnica."}