{"url": "https://www.madrid.org/cs/Satellite?c=CM_ConvocaPrestac_FA&cid=1354727299463&definicion=Contratos+Publicos&language=es&op2=PCON&pagename=PortalContratacion%2FPage%2FPCON_contratosPublicos&tipoServicio=CM_ConvocaPrestac_FA", "titulo": "Clasificaci\u00f3n, archivo, grabaci\u00f3n y digitalizaci\u00f3n de expedientes de menores de la Agencia para la Reeducaci\u00f3n y Reinserci\u00f3n del Menor Infractor", "status": "Plazo indefinido", "tipo-publicacion": "Tabl\u00f3n de anuncios electr\u00f3nico", "objeto-del-contrato": "Servicios de interpretaci\u00f3n, clasificaci\u00f3n, grabaci\u00f3n y digitalizaci\u00f3n de los documentos correspondientes a los expedientes de menores atendidos que se encuentran archivados en la sede de los Servicios centrales de esta Agencia.", "numero-de-expediente": "A/SER-012138/2018", "referencia": "2496695", "tipo-de-contrato": "Servicios", "entidad-adjudicadora": "", "codigo-nuts": "ES300", "procedimiento-adjudicacion": "Abierto simplificado"}