{"url": "https://www.madrid.org/cs/Satellite?c=CM_ConvocaPrestac_FA&cid=1354828242392&definicion=Contratos+Publicos&language=es&op2=PCON&pagename=PortalContratacion%2FPage%2FPCON_contratosPublicos&tipoServicio=CM_ConvocaPrestac_FA", "titulo": "servicios de mantenimiento y mejora de las zonas verdes existentes en la \"zona E\" que incluye las siguientes instalaciones: EDAR Algete,  EDAR Casaquemada,  EDAR Arroyo de la Vega y sus entornos", "status": "Plazo indefinido", "tipo-publicacion": "Tabl\u00f3n de anuncios electr\u00f3nico", "objeto-del-contrato": "servicios de mantenimiento y mejora de las zonas verdes existentes en la \"zona E\" que incluye las siguientes instalaciones: EDAR Algete,  EDAR Casaquemada,  EDAR Arroyo de la Vega y sus entornos", "numero-de-expediente": "32/2020", "referencia": "3544050", "tipo-de-contrato": "Servicios", "entidad-adjudicadora": "", "codigo-nuts": "ES300", "procedimiento-adjudicacion": "Abierto simplificado", "ofertas-anormales-o-desproporcionadas-publicadas-el": "(Publicado el 22 mayo 2020 12:46)"}