{"url": "https://www.madrid.org/cs/Satellite?c=CM_ConvocaPrestac_FA&cid=1354872097101&definicion=Contratos+Publicos&language=es&op2=PCON&pagename=PortalContratacion%2FPage%2FPCON_contratosPublicos&tipoServicio=CM_ConvocaPrestac_FA", "titulo": "Servicio de vigilancia, seguridad y mantenimiento de los aparatos, dispositivos y sistemas de seguridad del Hospital Universitario de La Princesa  y centros adscritos", "status": "En tramitaci\u00f3n", "tipo-publicacion": "Tabl\u00f3n de anuncios electr\u00f3nico", "objeto-del-contrato": "Servicio de Vigilancia, Seguridad y Mantenimiento de los aparatos, dispositivos y sistemas de seguridad del Hospital Universitario de La Princesa y sus centros adscritos.", "codigo-cpv": "79714000-2", "compra-publica-innovadora": "No", "numero-de-expediente": "P.A. 20/2021 HUP", "referencia": "4025321", "tipo-de-contrato": "Servicios", "entidad-adjudicadora": "", "codigo-nuts": "ES300", "procedimiento-adjudicacion": "Abierto", "presupuesto-base-licitacion-(sin-impuestos)": "115.465,07 euros", "duracion-del-contrato": "2 Meses", "defectos-u-omisiones-de-la-documentacion-publicados-el": "(Publicado el 04 mayo 2021 09:15)"}