{"url": "https://www.madrid.org/cs/Satellite?c=CM_ConvocaPrestac_FA&cid=1354848740596&definicion=Contratos+Publicos&language=es&op2=PCON&pagename=PortalContratacion%2FPage%2FPCON_contratosPublicos&tipoServicio=CM_ConvocaPrestac_FA", "titulo": "Concesi\u00f3n de servicios de instalaci\u00f3n y explotaci\u00f3n, mediante concesi\u00f3n de servicios de la telefon\u00eda y televisores de habitaciones de pacientes en el Hospital Universitario La Paz-Carlos III-Cantoblanco.", "status": "En tramitaci\u00f3n", "tipo-publicacion": "Tabl\u00f3n de anuncios electr\u00f3nico", "objeto-del-contrato": "Concesi\u00f3n de servicios de instalaci\u00f3n y explotaci\u00f3n, mediante concesi\u00f3n de servicios de la telefon\u00eda y televisores de habitaciones de pacientes en el Hospital Universitario La Paz-Carlos III-Cantoblanco.", "codigo-cpv": "64228100-1, 64200000-8", "compra-publica-innovadora": "No", "numero-de-expediente": "P.A. 9/2020", "referencia": "3770188", "tipo-de-contrato": "Servicios", "entidad-adjudicadora": "", "codigo-nuts": "ES300", "procedimiento-adjudicacion": "Abierto"}