{"url": "https://www.madrid.org/cs/Satellite?c=CM_ConvocaPrestac_FA&cid=1354779859505&definicion=Contratos+Publicos&language=es&op2=PCON&pagename=PortalContratacion%2FPage%2FPCON_contratosPublicos&tipoServicio=CM_ConvocaPrestac_FA", "titulo": "Coordinaci\u00f3n, transporte, montaje, decoraci\u00f3n, mantenimiento y desmontaje de un mercado de alimentos de Madrid en la Plaza de Toros de las Ventas. A\u00f1o 2019.", "status": "En tramitaci\u00f3n", "tipo-publicacion": "Tabl\u00f3n de anuncios electr\u00f3nico", "objeto-del-contrato": "Coordinaci\u00f3n, transporte, montaje, decoraci\u00f3n, mantenimiento y desmontaje de un mercado de alimentos de Madrid en la Plaza de Toros de las Ventas. A\u00f1o 2019.", "codigo-cpv": "79950000-8", "numero-de-expediente": "A/SER-011535/2019 (12-D/19)", "referencia": "3146382", "tipo-de-contrato": "Servicios", "entidad-adjudicadora": "", "codigo-nuts": "ES300", "procedimiento-adjudicacion": "Abierto", "presupuesto-base-licitacion-(sin-impuestos)": "133.421,45 euros", "duracion-del-contrato": "1,5 Meses", "defectos-u-omisiones-de-la-documentacion-publicados-el": "(Publicado el 15 julio 2019 13:32)", "empresarios-excluidos-publicados-el": "(Publicado el 24 junio 2019 13:33)"}