{"url": "https://www.madrid.org/cs/Satellite?c=CM_ConvocaPrestac_FA&cid=1354817730219&definicion=Contratos+Publicos&language=es&op2=PCON&pagename=PortalContratacion%2FPage%2FPCON_contratosPublicos&tipoServicio=CM_ConvocaPrestac_FA", "titulo": "Dise\u00f1o elaboraci\u00f3n suministro colocaci\u00f3n y mantenimiento de la se\u00f1alizaci\u00f3n provisional y definitiva en las instalaciones del H. U. La Paz-Carlos III-Cantoblanco y en los centros adscritos a su Gerencia", "status": "En tramitaci\u00f3n", "tipo-publicacion": "Tabl\u00f3n de anuncios electr\u00f3nico", "objeto-del-contrato": "Dise\u00f1o, elaboraci\u00f3n, suministro, colocaci\u00f3n y mantenimiento de la se\u00f1alizaci\u00f3n, provisional y definitiva en las instalaciones del H. U. La Paz-Carlos III-Cantoblanco y en los centros adscritos a su Gerencia", "codigo-cpv": "34992200-9", "numero-de-expediente": "P.A.S. 03/2020", "referencia": "3412791", "tipo-de-contrato": "Servicios", "entidad-adjudicadora": "", "codigo-nuts": "ES300", "procedimiento-adjudicacion": "Abierto simplificado"}