{"url": "https://www.madrid.org/cs/Satellite?c=CM_ConvocaPrestac_FA&cid=1354862554819&definicion=Contratos+Publicos&language=es&op2=PCON&pagename=PortalContratacion%2FPage%2FPCON_contratosPublicos&tipoServicio=CM_ConvocaPrestac_FA", "titulo": "Tabl\u00f3n de anuncios del expediente SG-2020-0-00003", "status": "En tramitaci\u00f3n", "tipo-publicacion": "Tabl\u00f3n de anuncios electr\u00f3nico", "objeto-del-contrato": "Servicio de instalaci\u00f3n y mantenimiento de equipos de bioseguridad sanitaria por fr\u00edo y equipos de oxidaci\u00f3n fotocatal\u00edtica en el Hospital Ram\u00f3n y Cajal.", "numero-de-expediente": "SG-2020-0-00003", "referencia": "3906602", "tipo-de-contrato": "Servicios", "entidad-adjudicadora": "", "codigo-nuts": "ES300", "procedimiento-adjudicacion": "Abierto", "puntos-de-informacion": "", "defectos-u-omisiones-de-la-documentacion-publicados-el": "(Publicado el 20 enero 2021 14:21)"}