{"url": "https://www.madrid.org/cs/Satellite?c=CM_ConvocaPrestac_FA&cid=1354783402143&definicion=Contratos+Publicos&language=es&op2=PCON&pagename=PortalContratacion%2FPage%2FPCON_contratosPublicos&tipoServicio=CM_ConvocaPrestac_FA", "titulo": "Servicios de grabaci\u00f3n, digitalizaci\u00f3n, exportaci\u00f3n y tratamiento de las recetas oficiales y los justificantes de dispensaci\u00f3n de receta electr\u00f3nica y sus datos facturados por el Colegio Oficial De Farmac\u00e9uticos de Madrid al Servicio Madrile\u00f1o de Salud", "status": "En tramitaci\u00f3n", "tipo-publicacion": "Tabl\u00f3n de anuncios electr\u00f3nico", "objeto-del-contrato": "Servicios de grabaci\u00f3n, digitalizaci\u00f3n, exportaci\u00f3n y tratamiento de las recetas oficiales y los justificantes de dispensaci\u00f3n de receta electr\u00f3nica y sus datos facturados por el Colegio Oficial De Farmac\u00e9uticos de Madrid al Servicio Madrile\u00f1o de Salud", "codigo-cpv": "72322000-8", "compra-publica-innovadora": "No", "numero-de-expediente": "PA SER 23/2019 (A/SER-006895/2019)", "referencia": "3150317", "tipo-de-contrato": "Servicios", "entidad-adjudicadora": "", "codigo-nuts": "ES300", "procedimiento-adjudicacion": "Abierto", "presupuesto-base-licitacion-(sin-impuestos)": "368.656,53 euros", "duracion-del-contrato": "1 A\u00f1os"}