{"url": "https://www.madrid.org/cs/Satellite?c=CM_ConvocaPrestac_FA&cid=1354778241413&definicion=Contratos+Publicos&language=es&op2=PCON&pagename=PortalContratacion%2FPage%2FPCON_contratosPublicos&tipoServicio=CM_ConvocaPrestac_FA", "titulo": "Contrato de servicios de Direcci\u00f3n Facultativa (Lote 1) y Coordinaci\u00f3n de Seguridad y Salud (Lote 2) de las obras  RENOVACI\u00d3N DE ALUMBRADO P\u00daBLICO EN DIFERENTES ZONAS en San Fernando de Henares (Madrid)", "status": "En tramitaci\u00f3n", "tipo-publicacion": "Tabl\u00f3n de anuncios electr\u00f3nico", "objeto-del-contrato": "Objeto del contrato: Prestaci\u00f3n de los servicios de Direcci\u00f3n Facultativa que se contrate con la empresa ejecutora de las obras con todas las actuaciones accesorias precisas, incluida la redacci\u00f3n del proyecto modificado de obra, si resultase necesaria su modificaci\u00f3n (Lote 1 CA/0811.126.05/02/S) y la Coordinaci\u00f3n de Seguridad y Salud en fase de ejecuci\u00f3n con informe previo a la aprobaci\u00f3n del plan de seguridad y salud (Lote 2 CA/0811.126.05/03/S). Divisi\u00f3n por Lotes: Si (2 Lotes). Lugar de ejecuci\u00f3n: San Fernando de Henares (Madrid). Plazo de ejecuci\u00f3n: Ver pliegos.", "codigo-cpv": "71000000-8, 71317200-5", "numero-de-expediente": "CA/0811.126.05/02/S y CA/0811.126.05/03/S", "referencia": "3145030", "tipo-de-contrato": "Servicios", "entidad-adjudicadora": "", "codigo-nuts": "ES300", "procedimiento-adjudicacion": "Abierto simplificado", "presupuesto-base-licitacion-(sin-impuestos)": "19.736,19 euros", "duracion-del-contrato": "8 Meses", "puntos-de-informacion": "Puntos de Informaci\u00f3n y Entidad adjudicadora: Obras de Madrid. Gesti\u00f3n de Obras e Infraestructuras, S.A. CIF A79932927 - calle Alcal\u00e1, 21 - 4\u00aa planta - 28014 Madrid - Tel. 915240436; Fax. 915770150 - correos electr\u00f3nicos: icuesta@obrasdemadrid.com y p.rubio@obrasdemadrid.com (consultas t\u00e9cnicas) y md.nogal@obrasdemadrid.com (consultas administrativas). Documentaci\u00f3n: Perfil del contratante http:/www.madrid.org/contratospublicos - Fax. 915770150. Presentaci\u00f3n de ofertas: hasta las 14:00 del 27/06/2019 en Calle Alcal\u00e1, 21 - 1\u00aa planta - 28014 Madrid. Apertura de ofertas: A las 09:30 horas del d\u00eda 02/07/2019 en Calle Alcal\u00e1, 21 - 4\u00aa planta - 28014 Madrid."}