{"url": "https://www.madrid.org/cs/Satellite?c=CM_ConvocaPrestac_FA&cid=1354809618153&definicion=Contratos+Publicos&language=es&op2=PCON&pagename=PortalContratacion%2FPage%2FPCON_contratosPublicos&tipoServicio=CM_ConvocaPrestac_FA", "titulo": "Servicios de seguridad y vigilancia en diferentes inmuebles de la Consejer\u00eda de Educaci\u00f3n y Juventud de la Comunidad de Madrid, dividido en dos lotes", "status": "En tramitaci\u00f3n", "tipo-publicacion": "Tabl\u00f3n de anuncios electr\u00f3nico", "objeto-del-contrato": "Servicios de seguridad y vigilancia en diferentes inmuebles de la Consejer\u00eda de Educaci\u00f3n y Juventud de la Comunidad de Madrid, dividido en dos lotes", "codigo-cpv": "79710000-4", "numero-de-expediente": "A/SER-031157/2019 (C-322B/003-19)", "referencia": "3407171", "tipo-de-contrato": "Servicios", "entidad-adjudicadora": "", "codigo-nuts": "ES300", "procedimiento-adjudicacion": "Abierto", "presupuesto-base-licitacion-(sin-impuestos)": "744.867,35 euros", "duracion-del-contrato": "9 Meses", "fecha-publicacion-de-la-licitacion-en-el-bocm": "30 diciembre 2019", "puntos-de-informacion": "Obtenci\u00f3n de documentaci\u00f3n e informaci\u00f3n:"}