{"url": "https://www.madrid.org/cs/Satellite?c=CM_ConvocaPrestac_FA&cid=1354800963707&definicion=Contratos+Publicos&language=es&op2=PCON&pagename=PortalContratacion%2FPage%2FPCON_contratosPublicos&tipoServicio=CM_ConvocaPrestac_FA", "titulo": "Servicio de mantenimiento de los equipos de la marca General Electric instalados en el Hospital U. de la Princesa (equipos ecograf\u00eda, PACS/RIS, anestesia, radiolog\u00eda, reanimaci\u00f3n y medicina nuclear)", "status": "En tramitaci\u00f3n", "tipo-publicacion": "Tabl\u00f3n de anuncios electr\u00f3nico", "objeto-del-contrato": "Servicio de mantenimiento de los equipos de la marca General Electric instalados en el Hospital Universitario de la Princesa (equipos ecograf\u00eda, PACS/RIS, anestesia, radiolog\u00eda, reanimaci\u00f3n y medicina nuclear).", "codigo-cpv": "50421200-4", "numero-de-expediente": "P.A. 55/2019 HUP", "referencia": "3260389", "tipo-de-contrato": "Servicios", "entidad-adjudicadora": "", "codigo-nuts": "ES300", "procedimiento-adjudicacion": "Abierto", "presupuesto-base-licitacion-(sin-impuestos)": "911.091,78 euros", "duracion-del-contrato": "20 Meses", "puntos-de-informacion": "", "defectos-u-omisiones-de-la-documentacion-publicados-el": "(Publicado el 28 noviembre 2019 12:15)"}