{"url": "https://www.madrid.org/cs/Satellite?c=CM_ConvocaPrestac_FA&cid=1354852169817&definicion=Contratos+Publicos&language=es&op2=PCON&pagename=PortalContratacion%2FPage%2FPCON_contratosPublicos&tipoServicio=CM_ConvocaPrestac_FA", "titulo": "Tabl\u00f3n Anuncios MJA PAPC 2021-8-2", "status": "Plazo indefinido", "tipo-publicacion": "Tabl\u00f3n de anuncios electr\u00f3nico", "objeto-del-contrato": "Servicio de Conservaci\u00f3n de Zonas Ajardinadas e Instalaciones Afines Del Hospital Universitario de Getafe", "codigo-cpv": "77311000-3", "compra-publica-innovadora": "No", "numero-de-expediente": "PAPC 2021-8-2", "referencia": "3771387", "tipo-de-contrato": "Servicios", "entidad-adjudicadora": "", "codigo-nuts": "ES300", "procedimiento-adjudicacion": "Abierto", "presupuesto-base-licitacion-(sin-impuestos)": "162.869,33 euros", "duracion-del-contrato": "24 Meses", "puntos-de-informacion": "*Obtenci\u00f3n de documentaci\u00f3n e informaci\u00f3n:", "empresarios-excluidos-publicados-el": "(Publicado el 02 diciembre 2020 11:46)"}