{"url": "https://www.madrid.org/cs/Satellite?c=CM_ConvocaPrestac_FA&cid=1354886547080&definicion=Contratos+Publicos&language=es&op2=PCON&pagename=PortalContratacion%2FPage%2FPCON_contratosPublicos&tipoServicio=CM_ConvocaPrestac_FA", "titulo": "Tabl\u00f3n Redacci\u00f3n de Proyecto B\u00e1sico y Ejecuci\u00f3n del C.S. Tener\u00eda-Pinto", "status": "En tramitaci\u00f3n", "tipo-publicacion": "Tabl\u00f3n de anuncios electr\u00f3nico", "objeto-del-contrato": "Redacci\u00f3n de Proyecto B\u00e1sico y de Ejecuci\u00f3n del C.S. Tener\u00eda-Pinto", "codigo-cpv": "71242000-6", "compra-publica-innovadora": "No", "numero-de-expediente": "A/SER-013501/2021", "referencia": "4149388", "tipo-de-contrato": "Servicios", "entidad-adjudicadora": "", "codigo-nuts": "ES300", "procedimiento-adjudicacion": "Abierto simplificado", "presupuesto-base-licitacion-(sin-impuestos)": "68.926,49 euros", "duracion-del-contrato": "135 D\u00edas", "ofertas-anormales-o-desproporcionadas-publicadas-el": "(Publicado el 24 junio 2021 14:30)"}