{"url": "https://www.madrid.org/cs/Satellite?c=CM_ConvocaPrestac_FA&cid=1354869291762&definicion=Contratos+Publicos&language=es&op2=PCON&pagename=PortalContratacion%2FPage%2FPCON_contratosPublicos&tipoServicio=CM_ConvocaPrestac_FA", "titulo": "Tabl\u00f3n electr\u00f3nico Suministro de Cat\u00e9teres Gu\u00eda para Angioplastia para la Unidad de Hemodin\u00e1mica del Hospital Universitario 12 de Octubre", "status": "En tramitaci\u00f3n", "tipo-publicacion": "Tabl\u00f3n de anuncios electr\u00f3nico", "objeto-del-contrato": "Suministro de Cat\u00e9teres Gu\u00eda para Angioplastia para la Unidad de Hemodin\u00e1mica del Hospital Universitario 12 de Octubre", "compra-publica-innovadora": "No", "numero-de-expediente": "2021-0-20", "referencia": "4024740", "tipo-de-contrato": "Servicios", "entidad-adjudicadora": "", "codigo-nuts": "ES300", "procedimiento-adjudicacion": "Abierto", "puntos-de-informacion": ""}