{"url": "https://www.madrid.org/cs/Satellite?c=CM_ConvocaPrestac_FA&cid=1354851227632&definicion=Contratos+Publicos&language=es&op2=PCON&pagename=PortalContratacion%2FPage%2FPCON_contratosPublicos&tipoServicio=CM_ConvocaPrestac_FA", "titulo": "12/2020 Tabl\u00f3n de anuncios", "status": "Plazo indefinido", "tipo-publicacion": "Tabl\u00f3n de anuncios electr\u00f3nico", "referencia": "3770701", "tipo-de-contrato": "Servicios", "entidad-adjudicadora": "", "codigo-nuts": "ES300", "procedimiento-adjudicacion": "Abierto", "ofertas-anormales-o-desproporcionadas-publicadas-el": "(Publicado el 27 octubre 2020 14:30)", "otras-informaciones-publicadas-el": "(Publicado el 23 octubre 2020 15:00)"}