{"url": "https://www.madrid.org/cs/Satellite?c=CM_ConvocaPrestac_FA&cid=1354870699398&definicion=Contratos+Publicos&language=es&op2=PCON&pagename=PortalContratacion%2FPage%2FPCON_contratosPublicos&tipoServicio=CM_ConvocaPrestac_FA", "titulo": "TABLON ELECTRONICO Servicio direcci\u00f3n obra, direcci\u00f3n de ejecuci\u00f3n y coordinaci\u00f3n en materia de seguridad y salud de las obras de reforma del AUDITORIO del edificio de la Residencia General del Hospital Universitario 12 de Octubre", "status": "En tramitaci\u00f3n", "tipo-publicacion": "Tabl\u00f3n de anuncios electr\u00f3nico", "objeto-del-contrato": "Servicio direcci\u00f3n obra, direcci\u00f3n de ejecuci\u00f3n y coordinaci\u00f3n en materia de seguridad y salud de las obras de reforma del AUDITORIO del edificio de la Residencia General del Hospital Universitario 12 de Octubre", "compra-publica-innovadora": "No", "numero-de-expediente": "2021-0-42", "referencia": "4025038", "tipo-de-contrato": "Servicios", "entidad-adjudicadora": "", "codigo-nuts": "ES300", "procedimiento-adjudicacion": "Abierto", "puntos-de-informacion": ""}