{"url": "https://www.madrid.org/cs/Satellite?c=CM_ConvocaPrestac_FA&cid=1354885370664&definicion=Contratos+Publicos&language=es&op2=PCON&pagename=PortalContratacion%2FPage%2FPCON_contratosPublicos&tipoServicio=CM_ConvocaPrestac_FA", "titulo": "TABLON ELECTRONICO Servicio de Consultor\u00eda y asistencia t\u00e9cnica para trabajos de apoyo en el seguimiento de ejecuci\u00f3n de la obra del nuevo Bloque T\u00e9cnico y de Hospitalizaci\u00f3n del Hospital Universitario 12 de Octubre", "status": "En tramitaci\u00f3n", "tipo-publicacion": "Tabl\u00f3n de anuncios electr\u00f3nico", "objeto-del-contrato": "Servicio de Consultor\u00eda y asistencia t\u00e9cnica para trabajos de apoyo en el seguimiento de ejecuci\u00f3n de la obra del nuevo Bloque T\u00e9cnico y de Hospitalizaci\u00f3n del Hospital Universitario 12 de Octubre", "compra-publica-innovadora": "No", "numero-de-expediente": "2021-0-109", "referencia": "4149201", "tipo-de-contrato": "Servicios", "entidad-adjudicadora": "", "codigo-nuts": "ES300", "procedimiento-adjudicacion": "Abierto", "puntos-de-informacion": ""}