{"url": "https://www.madrid.org/cs/Satellite?c=CM_ConvocaPrestac_FA&cid=1354868731494&definicion=Contratos+Publicos&language=es&op2=PCON&pagename=PortalContratacion%2FPage%2FPCON_contratosPublicos&tipoServicio=CM_ConvocaPrestac_FA", "titulo": "Contrato de mantenimiento soporte tecnico y actualizaciones del sistema de informaci\u00f3n de laboratorio (SIL) para el Hospital Universitario de Fuenlabrada (Modulab GOLD)", "status": "Plazo indefinido", "estado-de-la-licitacion": "Abierto", "tipo-publicacion": "Contratos adjudicados por procedimientos sin publicidad", "objeto-del-contrato": "Contrato de mantenimiento soporte tecnico y actualizaciones del sistema de informaci\u00f3n de laboratorio (SIL) para el Hospital Universitario de Fuenlabrada (Modulab GOLD)", "codigo-cpv": "72200000-7", "compra-publica-innovadora": "No", "numero-de-expediente": "PNSP S 21-01", "referencia": "4024645", "tipo-de-contrato": "Servicios", "entidad-adjudicadora": "", "codigo-nuts": "ES300", "procedimiento-adjudicacion": "Negociado sin publicidad", "valor-estimado-sin-i.v.a": "618.800 euros", "presupuesto-base-licitacion-(sin-impuestos)": "371.280 euros", "presupuesto-base-licitacion.-importe-total": "449.248,8 euros", "duracion-del-contrato": "36 Meses", "adjudicacion-del-contrato-publicada-el": "02 marzo 2021", "formalizacion-del-contrato-publicada-el": "15 abril 2021", "formalizacion-del-contrato-publicada-en-bocm-el": "29 abril 2021"}