{"url": "https://www.madrid.org/cs/Satellite?c=CM_ConvocaPrestac_FA&cid=1354786851844&definicion=Contratos+Publicos&language=es&op2=PCON&pagename=PortalContratacion%2FPage%2FPCON_contratosPublicos&tipoServicio=CM_ConvocaPrestac_FA", "titulo": "Retirada, transporte y destrucci\u00f3n de papel y documentaci\u00f3n (de car\u00e1cter confidencial) de la Consejer\u00eda de Econom\u00eda, Empleo y Hacienda de la Comunidad de Madrid, dividido en 2 lotes", "status": "En tramitaci\u00f3n", "tipo-publicacion": "Tabl\u00f3n de anuncios electr\u00f3nico", "objeto-del-contrato": "Retirada, transporte y destrucci\u00f3n de papel y documentaci\u00f3n (de car\u00e1cter confidencial) de la Consejer\u00eda de Econom\u00eda, Empleo y Hacienda de la Comunidad de Madrid, dividido en 2 lotes", "compra-publica-innovadora": "No", "numero-de-expediente": "C-923M/003-19 (A/SER-016744/2019)", "referencia": "3234249", "tipo-de-contrato": "Servicios", "entidad-adjudicadora": "", "codigo-nuts": "ES30", "procedimiento-adjudicacion": "Abierto", "puntos-de-informacion": "\u00c1rea de Contrataci\u00f3n: C/ Alcal\u00e1, 4 - Segunda Planta. Madrid 28014", "defectos-u-omisiones-de-la-documentacion-publicados-el": "(Publicado el 17 septiembre 2019 10:32)", "empresarios-excluidos-publicados-el": "(Publicado el 24 septiembre 2019 14:07)"}