{"url": "https://www.madrid.org/cs/Satellite?c=CM_ConvocaPrestac_FA&cid=1354868048972&definicion=Contratos+Publicos&language=es&op2=PCON&pagename=PortalContratacion%2FPage%2FPCON_contratosPublicos&tipoServicio=CM_ConvocaPrestac_FA", "titulo": "Tabl\u00f3n Servicio de desbroce y limpieza de parcelas de la Gerencia Asistencial de Atenci\u00f3n Primaria del Servicio Madrile\u00f1o de Salud", "status": "En tramitaci\u00f3n", "tipo-publicacion": "Tabl\u00f3n de anuncios electr\u00f3nico", "objeto-del-contrato": "Servicio de desbroce y limpieza de parcelas de la Gerencia Asistencial de Atenci\u00f3n Primaria del Servicio Madrile\u00f1o de Salud", "codigo-cpv": "77312000-0", "numero-de-expediente": "A/SER-003271/2021", "referencia": "4011738", "tipo-de-contrato": "Servicios", "entidad-adjudicadora": "", "codigo-nuts": "ES300", "procedimiento-adjudicacion": "Abierto simplificado", "puntos-de-informacion": "", "ofertas-anormales-o-desproporcionadas-publicadas-el": "(Publicado el 26 febrero 2021 09:31)"}