{"url": "https://www.madrid.org/cs/Satellite?c=CM_ConvocaPrestac_FA&cid=1354840310688&definicion=Contratos+Publicos&language=es&op2=PCON&pagename=PortalContratacion%2FPage%2FPCON_contratosPublicos&tipoServicio=CM_ConvocaPrestac_FA", "titulo": "Servicio de hosteler\u00eda y limpieza en ocho Residencias de Menores adscritas a la Agencia Madrile\u00f1a de Atenci\u00f3n Social", "status": "Plazo indefinido", "tipo-publicacion": "Tabl\u00f3n de anuncios electr\u00f3nico", "objeto-del-contrato": "Servicio de hosteler\u00eda y limpieza en ocho Residencias de Menores adscritas a la Agencia Madrile\u00f1a de Atenci\u00f3n Social", "codigo-cpv": "55100000-1", "numero-de-expediente": "A/SER-004857/2020", "referencia": "3715235", "tipo-de-contrato": "Servicios", "entidad-adjudicadora": "", "codigo-nuts": "ES300", "procedimiento-adjudicacion": "Abierto", "defectos-u-omisiones-de-la-documentacion-publicados-el": "(Publicado el 31 julio 2020 09:30)", "empresarios-excluidos-publicados-el": "(Publicado el 07 agosto 2020 13:00)"}