{"url": "https://www.madrid.org/cs/Satellite?c=CM_ConvocaPrestac_FA&cid=1354898161685&definicion=Contratos+Publicos&language=es&op2=PCON&pagename=PortalContratacion%2FPage%2FPCON_contratosPublicos&tipoServicio=CM_ConvocaPrestac_FA", "titulo": "Servicio de mantenimiento integral y conservaci\u00f3n de aparatos elevadores y escaleras mec\u00e1nicas del Hospital Universitario Fundaci\u00f3n Alcorc\u00f3n a adjudicar por procedimiento abierto con pluralidad de criterios. Exp. SARA-SER 032/21", "status": "Plazo indefinido", "tipo-publicacion": "Tabl\u00f3n de anuncios electr\u00f3nico", "objeto-del-contrato": "Servicio de mantenimiento integral y conservaci\u00f3n de aparatos elevadores y escaleras mec\u00e1nicas del Hospital Universitario Fundaci\u00f3n Alcorc\u00f3n a adjudicar por procedimiento abierto con pluralidad de criterios", "codigo-cpv": "50740000-4, 50750000-7", "compra-publica-innovadora": "No", "numero-de-expediente": "SARA-SER 032/21", "referencia": "4301513", "tipo-de-contrato": "Servicios", "entidad-adjudicadora": "", "codigo-nuts": "ES300", "procedimiento-adjudicacion": "Abierto", "presupuesto-base-licitacion-(sin-impuestos)": "316.388,69 euros", "duracion-del-contrato": "36 Meses", "puntos-de-informacion": "", "ofertas-anormales-o-desproporcionadas-publicadas-el": "(Publicado el 04 octubre 2021 10:30)"}