{"url": "https://www.madrid.org/cs/Satellite?c=CM_ConvocaPrestac_FA&cid=1354894121889&definicion=Contratos+Publicos&language=es&op2=PCON&pagename=PortalContratacion%2FPage%2FPCON_contratosPublicos&tipoServicio=CM_ConvocaPrestac_FA", "titulo": "Servicio de transporte de usuarios del centro de d\u00eda de la Residencia de Mayores Adolfo Su\u00e1rez, adscrita a la Agencia Madrile\u00f1a de Atenci\u00f3n Social", "status": "En tramitaci\u00f3n", "tipo-publicacion": "Tabl\u00f3n de anuncios electr\u00f3nico", "objeto-del-contrato": "Servicio de transporte de usuarios del centro de d\u00eda de la Residencia de Mayores Adolfo Su\u00e1rez, adscrita a la Agencia Madrile\u00f1a de Atenci\u00f3n Social", "codigo-cpv": "60140000-1", "numero-de-expediente": "A/SER-014705/2021", "referencia": "4232223", "tipo-de-contrato": "Servicios", "entidad-adjudicadora": "", "codigo-nuts": "ES300", "procedimiento-adjudicacion": "Abierto", "presupuesto-base-licitacion-(sin-impuestos)": "310.392,86 euros", "duracion-del-contrato": "24 Meses", "empresarios-excluidos-publicados-el": "(Publicado el 31 agosto 2021 12:00)", "ofertas-anormales-o-desproporcionadas-publicadas-el": "(Publicado el 02 septiembre 2021 13:00)"}