{"url": "https://www.madrid.org/cs/Satellite?c=CM_ConvocaPrestac_FA&cid=1354887716805&definicion=Contratos+Publicos&language=es&op2=PCON&pagename=PortalContratacion%2FPage%2FPCON_contratosPublicos&tipoServicio=CM_ConvocaPrestac_FA", "titulo": "Servicio de limpieza de 19 Bases Operativas de los Recursos Asistenciales M\u00f3viles adscritos a la Gerencia del SUMMA 112", "status": "En tramitaci\u00f3n", "tipo-publicacion": "Tabl\u00f3n de anuncios electr\u00f3nico", "objeto-del-contrato": "Servicio de limpieza de 19 Bases Operativas de los Recursos Asistenciales M\u00f3viles adscritos a la Gerencia del SUMMA 112", "codigo-cpv": "90910000-9", "compra-publica-innovadora": "No", "numero-de-expediente": "PA/SE/02/21.", "referencia": "4150633", "tipo-de-contrato": "Servicios", "entidad-adjudicadora": "", "codigo-nuts": "ES300", "procedimiento-adjudicacion": "Abierto", "presupuesto-base-licitacion-(sin-impuestos)": "640.851,33 euros", "duracion-del-contrato": "36 Meses", "puntos-de-informacion": "*Obtenci\u00f3n de documentaci\u00f3n e informaci\u00f3n:", "empresarios-excluidos-publicados-el": "(Publicado el 28 septiembre 2021 13:30)"}