{"url": "https://www.madrid.org/cs/Satellite?c=CM_ConvocaPrestac_FA&cid=1354846697299&definicion=Contratos+Publicos&language=es&op2=PCON&pagename=PortalContratacion%2FPage%2FPCON_contratosPublicos&tipoServicio=CM_ConvocaPrestac_FA", "titulo": "Gesti\u00f3n de servicios de car\u00e1cter cultural para la programaci\u00f3n, organizaci\u00f3n y ejecuci\u00f3n del conjunto de actividades encuadradas en \"la Noche de los Libros 2021\u201d.", "status": "En tramitaci\u00f3n", "tipo-publicacion": "Tabl\u00f3n de anuncios electr\u00f3nico", "objeto-del-contrato": "Gesti\u00f3n de servicios de car\u00e1cter cultural para la programaci\u00f3n, organizaci\u00f3n y ejecuci\u00f3n del conjunto de actividades encuadradas en \"la Noche de los Libros 2021\u201d.", "numero-de-expediente": "C-332B/005-20 (A/SER-016301/2020)", "referencia": "3748978", "tipo-de-contrato": "Servicios", "entidad-adjudicadora": "", "codigo-nuts": "ES30", "procedimiento-adjudicacion": "Abierto", "defectos-u-omisiones-de-la-documentacion-publicados-el": "(Publicado el 22 septiembre 2020 15:30)"}