{"url": "https://www.madrid.org/cs/Satellite?c=CM_ConvocaPrestac_FA&cid=1354888576723&definicion=Contratos+Publicos&language=es&op2=PCON&pagename=PortalContratacion%2FPage%2FPCON_contratosPublicos&tipoServicio=CM_ConvocaPrestac_FA", "titulo": "TABLON ELECTRONICO Servicio de soporte y apoyo a las cirug\u00edas de Traumatolog\u00eda mediante motores quir\u00fargicos y su fungible asociado para el Hospital Universitario 12 de Octubre", "status": "En tramitaci\u00f3n", "tipo-publicacion": "Tabl\u00f3n de anuncios electr\u00f3nico", "objeto-del-contrato": "Servicio de soporte y apoyo a las cirug\u00edas de Traumatolog\u00eda mediante motores quir\u00fargicos y su fungible asociado para el Hospital Universitario 12 de Octubre", "compra-publica-innovadora": "No", "numero-de-expediente": "2021-0-80", "referencia": "4166518", "tipo-de-contrato": "Servicios", "entidad-adjudicadora": "", "codigo-nuts": "ES300", "procedimiento-adjudicacion": "Abierto", "puntos-de-informacion": ""}