{"url": "https://www.madrid.org/cs/Satellite?c=CM_ConvocaPrestac_FA&cid=1354876843964&definicion=Contratos+Publicos&language=es&op2=PCON&pagename=PortalContratacion%2FPage%2FPCON_contratosPublicos&tipoServicio=CM_ConvocaPrestac_FA", "titulo": "Servicios de asistencia t\u00e9cnica para la elaboraci\u00f3n de la informaci\u00f3n y documentaci\u00f3n sobre entidades y operaciones vinculadas del grupo Canal de Isabel II", "status": "Plazo indefinido", "tipo-publicacion": "Tabl\u00f3n de anuncios electr\u00f3nico", "objeto-del-contrato": "Servicios de asistencia t\u00e9cnica para la elaboraci\u00f3n de la informaci\u00f3n y documentaci\u00f3n sobre entidades y operaciones vinculadas del grupo Canal de Isabel II", "numero-de-expediente": "227/2020", "referencia": "4051382", "tipo-de-contrato": "Servicios", "entidad-adjudicadora": "", "codigo-nuts": "ES300", "procedimiento-adjudicacion": "Abierto", "defectos-u-omisiones-de-la-documentacion-publicados-el": "(Publicado el 02 julio 2021 14:45)", "ofertas-anormales-o-desproporcionadas-publicadas-el": "(Publicado el 30 septiembre 2021 13:30)"}