{"url": "https://www.madrid.org/cs/Satellite?c=CM_ConvocaPrestac_FA&cid=1354898348884&definicion=Contratos+Publicos&language=es&op2=PCON&pagename=PortalContratacion%2FPage%2FPCON_contratosPublicos&tipoServicio=CM_ConvocaPrestac_FA", "titulo": "Servicio m\u00e9dico para la realizaci\u00f3n de una Campa\u00f1a de prevenci\u00f3n de c\u00e1ncer ginecol\u00f3gico y de mama en trabajadoras de Metro de Madrid", "status": "En tramitaci\u00f3n", "tipo-publicacion": "Tabl\u00f3n de anuncios electr\u00f3nico", "objeto-del-contrato": "Servicio m\u00e9dico para la realizaci\u00f3n de una Campa\u00f1a de prevenci\u00f3n de c\u00e1ncer ginecol\u00f3gico y de mama en trabajadoras de Metro de Madrid", "codigo-cpv": "85121200-5, 85141000-9", "numero-de-expediente": "6012100215", "referencia": "4301569", "tipo-de-contrato": "Servicios", "entidad-adjudicadora": "", "codigo-nuts": "ES300", "procedimiento-adjudicacion": "Abierto simplificado", "empresarios-excluidos-publicados-el": "(Publicado el 05 octubre 2021 10:30)"}