{"url": "https://www.madrid.org/cs/Satellite?c=CM_ConvocaPrestac_FA&cid=1354873913173&definicion=Contratos+Publicos&language=es&op2=PCON&pagename=PortalContratacion%2FPage%2FPCON_contratosPublicos&tipoServicio=CM_ConvocaPrestac_FA", "titulo": "Tabl\u00f3n electr\u00f3nicoServicio de anal\u00edtica del equipo de producci\u00f3n de agua por \u00f3smosis inversa para di\u00e1lisis y dos desinfecciones mensuales de dos equipos CWP de la Unidad de Di\u00e1lisis del Hospital Universitario 12 de Octubre", "status": "En tramitaci\u00f3n", "tipo-publicacion": "Tabl\u00f3n de anuncios electr\u00f3nico", "objeto-del-contrato": "Servicio de anal\u00edtica del equipo de producci\u00f3n de agua por \u00f3smosis inversa para di\u00e1lisis y dos desinfecciones mensuales de dos equipos CWP de la Unidad de Di\u00e1lisis del Hospital Universitario 12 de Octubre", "compra-publica-innovadora": "No", "numero-de-expediente": "2021-0-16", "referencia": "4025700", "tipo-de-contrato": "Servicios", "entidad-adjudicadora": "", "codigo-nuts": "ES300", "procedimiento-adjudicacion": "Abierto", "puntos-de-informacion": ""}