{"url": "https://www.madrid.org/cs/Satellite?c=CM_ConvocaPrestac_FA&cid=1354759451637&definicion=Contratos+Publicos&language=es&op2=PCON&pagename=PortalContratacion%2FPage%2FPCON_contratosPublicos&tipoServicio=CM_ConvocaPrestac_FA", "titulo": "Acuerdo marco de atenci\u00f3n a personas adultas con discapacidad f\u00edsica en centro residencial con atenci\u00f3n diurna", "status": "En tramitaci\u00f3n", "tipo-publicacion": "Tabl\u00f3n de anuncios electr\u00f3nico", "objeto-del-contrato": "El acuerdo marco tiene por objeto la determinaci\u00f3n de las condiciones de la gesti\u00f3n del servicio de atenci\u00f3n a personas adultas con discapacidad f\u00edsica (mayores de 18 a\u00f1os y menores de 65) en centro residencial con atenci\u00f3n diurna. Se entiende por centro residencial con atenci\u00f3n diurna el equipamiento especializado de car\u00e1cter socio-rehabilitador que ofrece alojamiento, manutenci\u00f3n y atenci\u00f3n diurna destinada a proporcionar atenci\u00f3n rehabilitadora, asistencia especializada, habilitaci\u00f3n personal y social, y cuidados personales, as\u00ed como realizar actividades de ocio y normal convivencia a fin de conseguir el mantenimiento, adquisici\u00f3n y desarrollo de sus capacidades y posibilidades de desarrollo personal, e inclusi\u00f3n social y familiar.", "numero-de-expediente": "AM-002/2019", "referencia": "2788599", "tipo-de-contrato": "Servicios", "entidad-adjudicadora": "", "codigo-nuts": "ES300", "procedimiento-adjudicacion": "Abierto"}