{"url": "https://www.madrid.org/cs/Satellite?c=CM_ConvocaPrestac_FA&cid=1354754281293&definicion=Contratos+Publicos&language=es&op2=PCON&pagename=PortalContratacion%2FPage%2FPCON_contratosPublicos&tipoServicio=CM_ConvocaPrestac_FA", "titulo": "Implementaci\u00f3n de la estrategia denominada \"Comercios M\u00e1gicos\" para la promoci\u00f3n del comercio de la Comunidad de Madrid", "status": "En tramitaci\u00f3n", "tipo-publicacion": "Tabl\u00f3n de anuncios electr\u00f3nico", "objeto-del-contrato": "Implementaci\u00f3n de la estrategia denominada \"Comercios M\u00e1gicos\" para la promoci\u00f3n del comercio de la Comunidad de Madrid", "compra-publica-innovadora": "No", "numero-de-expediente": "A/SER-021910/2018", "referencia": "2787441", "tipo-de-contrato": "Servicios", "entidad-adjudicadora": "", "codigo-nuts": "ES300", "procedimiento-adjudicacion": "Abierto", "puntos-de-informacion": ""}