{"url": "https://www.madrid.org/cs/Satellite?c=CM_ConvocaPrestac_FA&cid=1354776803218&definicion=Contratos+Publicos&language=es&op2=PCON&pagename=PortalContratacion%2FPage%2FPCON_contratosPublicos&tipoServicio=CM_ConvocaPrestac_FA", "titulo": "Direcci\u00f3n Facultativa (Lote 1) y Coordinaci\u00f3n de Seguridad y Salud (Lote 2) de las obras de Ordenaci\u00f3n de bordes de la variante de acceso a la avenida doctor Manuel Jarabo en el municipio de San Mart\u00edn de la Vega (Madrid)", "status": "En tramitaci\u00f3n", "tipo-publicacion": "Tabl\u00f3n de anuncios electr\u00f3nico", "codigo-cpv": "71000000-8, 71317200-5", "numero-de-expediente": "CA/0811.128.07/02/S y CA/0811.128.07/03/S", "referencia": "3139035", "tipo-de-contrato": "Servicios", "entidad-adjudicadora": "", "codigo-nuts": "ES300", "procedimiento-adjudicacion": "Abierto simplificado", "presupuesto-base-licitacion-(sin-impuestos)": "3.554,45 euros", "duracion-del-contrato": "5,5 Meses", "defectos-u-omisiones-de-la-documentacion-publicados-el": "(Publicado el 17 junio 2019 08:01)"}