{"url": "https://www.madrid.org/cs/Satellite?c=CM_ConvocaPrestac_FA&cid=1354790110431&definicion=Contratos+Publicos&language=es&op2=PCON&pagename=PortalContratacion%2FPage%2FPCON_contratosPublicos&tipoServicio=CM_ConvocaPrestac_FA", "titulo": "Servicios redacci\u00f3n proyecto b\u00e1sico y de ejecuci\u00f3n de obras de adaptaci\u00f3n del C.E.Hnos.Garc\u00eda Noblejas S\u00ba oftalmolog\u00eda", "status": "En tramitaci\u00f3n", "tipo-publicacion": "Tabl\u00f3n de anuncios electr\u00f3nico", "objeto-del-contrato": "Servicios para la redacci\u00f3n del proyecto b\u00e1sico y de ejecuci\u00f3n, direcci\u00f3n facultativa completa y coordinaci\u00f3n de seguridad y salud en fase de ejecuci\u00f3n de las obras de adaptaci\u00f3n del Centro de Especialidades Hnos. Garc\u00eda Noblejas (dependiente del Hospital Universitario de La Princesa) para la ubicaci\u00f3n del nuevo servicio de oftalmolog\u00eda y la actualizaci\u00f3n y adecuaci\u00f3n de otras instalaciones en el edificio", "numero-de-expediente": "P.A.S. 44/2019 HUP", "referencia": "3258434", "tipo-de-contrato": "Servicios", "entidad-adjudicadora": "", "codigo-nuts": "ES300", "procedimiento-adjudicacion": "Abierto simplificado", "duracion-del-contrato": "4 Meses", "defectos-u-omisiones-de-la-documentacion-publicados-el": "(Publicado el 26 septiembre 2019 14:01)"}