{"url": "https://www.madrid.org/cs/Satellite?c=CM_ConvocaPrestac_FA&cid=1354796137350&definicion=Contratos+Publicos&language=es&op2=PCON&pagename=PortalContratacion%2FPage%2FPCON_contratosPublicos&tipoServicio=CM_ConvocaPrestac_FA", "titulo": "Contrato de servicios de la tala de 129 \u00e1rboles en los Sotos Hist\u00f3ricos de Aranjuez", "status": "En tramitaci\u00f3n", "tipo-publicacion": "Tabl\u00f3n de anuncios electr\u00f3nico", "objeto-del-contrato": "El objeto del presente contrato consiste en la tala sin destoconado de 129 \u00e1rboles situados en la Calle de la Princesa de los Sotos Hist\u00f3ricos de Aranjuez y la retirada de sus restos a vertedero.", "codigo-cpv": "77211400-6", "compra-publica-innovadora": "No", "numero-de-expediente": "A/SER-016591/2019", "referencia": "3259449", "tipo-de-contrato": "Servicios", "entidad-adjudicadora": "", "codigo-nuts": "ES300", "procedimiento-adjudicacion": "Abierto simplificado", "puntos-de-informacion": "", "defectos-u-omisiones-de-la-documentacion-publicados-el": "(Publicado el 24 septiembre 2019 11:31)", "empresarios-excluidos-publicados-el": "(Publicado el 24 septiembre 2019 11:31)", "ofertas-anormales-o-desproporcionadas-publicadas-el": "(Publicado el 24 septiembre 2019 11:31)"}