{"url": "https://www.madrid.org/cs/Satellite?c=CM_ConvocaPrestac_FA&cid=1354829365072&definicion=Contratos+Publicos&language=es&op2=PCON&pagename=PortalContratacion%2FPage%2FPCON_contratosPublicos&tipoServicio=CM_ConvocaPrestac_FA", "titulo": "Seguro de da\u00f1os materiales en 16 Residencias Infantiles y una Residencia Maternal, adscritas a la Agencia Madrile\u00f1a de Atenci\u00f3n Social", "status": "Plazo indefinido", "tipo-publicacion": "Tabl\u00f3n de anuncios electr\u00f3nico", "objeto-del-contrato": "Seguro de da\u00f1os materiales en 16 Residencias Infantiles y una Residencia Maternal, adscritas a la Agencia Madrile\u00f1a de Atenci\u00f3n Social", "codigo-cpv": "66515000-3", "numero-de-expediente": "P/SER-030517/2019", "referencia": "3546735", "tipo-de-contrato": "Servicios", "entidad-adjudicadora": "", "codigo-nuts": "ES300", "procedimiento-adjudicacion": "Abierto", "empresarios-excluidos-publicados-el": "(Publicado el 29 mayo 2020 10:30)"}