{"url": "https://www.madrid.org/cs/Satellite?c=CM_ConvocaPrestac_FA&cid=1354892331855&definicion=Contratos+Publicos&language=es&op2=PCON&pagename=PortalContratacion%2FPage%2FPCON_contratosPublicos&tipoServicio=CM_ConvocaPrestac_FA", "titulo": "Gesti\u00f3n de un centro de crisis 24 horas para mujeres v\u00edctimas de violencia sexual de la Comunidad de Madrid", "status": "En tramitaci\u00f3n", "tipo-publicacion": "Tabl\u00f3n de anuncios electr\u00f3nico", "objeto-del-contrato": "Gesti\u00f3n de un centro de crisis 24 horas de atenci\u00f3n integral para mujeres v\u00edctimas de violencia sexual (acoso, agresiones y abusos sexuales contra la mujer y acoso sexual en el \u00e1mbito laboral), en el que se prestar\u00e1n servicios de atenci\u00f3n jur\u00eddica y asistencia letrada, psicol\u00f3gica y social a mujeres v\u00edctimas de violencia sexual y a sus familiares, en su caso, durante las 24 horas del d\u00eda, los 365 d\u00edas del a\u00f1o.", "codigo-cpv": "85312000-9", "compra-publica-innovadora": "No", "numero-de-expediente": "052/2021 (A/SER-037504/2020)", "referencia": "4220836", "tipo-de-contrato": "Servicios", "entidad-adjudicadora": "", "codigo-nuts": "ES300", "procedimiento-adjudicacion": "Abierto", "duracion-del-contrato": "2 A\u00f1os"}