{"url": "https://www.madrid.org/cs/Satellite?c=CM_ConvocaPrestac_FA&cid=1354702723609&definicion=Contratos+Publicos&language=es&op2=PCON&pagename=PortalContratacion%2FPage%2FPCON_contratosPublicos&tipoServicio=CM_ConvocaPrestac_FA", "titulo": "Servicio de limpieza en diversos centros juveniles de la Direcci\u00f3n General de Juventud y Deporte de la Consejer\u00eda de Cultura, Turismo y Deportes", "status": "En tramitaci\u00f3n", "tipo-publicacion": "Tabl\u00f3n de anuncios electr\u00f3nico", "objeto-del-contrato": "Servicio de limpieza en diversos centros juveniles de la Direcci\u00f3n General de Juventud y Deporte de la Consejer\u00eda de Cultura, Turismo y Deportes.", "compra-publica-innovadora": "No", "numero-de-expediente": "C-232A/001-18 (A/SER-002941/2018)", "referencia": "2182263", "tipo-de-contrato": "Servicios", "entidad-adjudicadora": "", "codigo-nuts": "ES300", "procedimiento-adjudicacion": "Abierto", "puntos-de-informacion": "", "defectos-u-omisiones-de-la-documentacion-publicados-el": "(Publicado el 21 marzo 2018 13:32)"}