{"url": "https://www.madrid.org/cs/Satellite?c=CM_ConvocaPrestac_FA&cid=1354772888485&definicion=Contratos+Publicos&language=es&op2=PCON&pagename=PortalContratacion%2FPage%2FPCON_contratosPublicos&tipoServicio=CM_ConvocaPrestac_FA", "titulo": "Evaluaci\u00f3n del nivel de adopci\u00f3n de tecnolog\u00edas de la informaci\u00f3n en la historia cl\u00ednica, en los hospitales del Servicio Madrile\u00f1o de Salud (SERMAS)\u201d", "status": "En tramitaci\u00f3n", "tipo-publicacion": "Tabl\u00f3n de anuncios electr\u00f3nico", "objeto-del-contrato": "Evaluaci\u00f3n del nivel de adopci\u00f3n de tecnolog\u00edas de la informaci\u00f3n en la historia cl\u00ednica, en los hospitales del Servicio Madrile\u00f1o de Salud (SERMAS)", "codigo-cpv": "72100000-6", "numero-de-expediente": "PA SER-12/2019INF (A/SER-005208/2019)", "referencia": "2983980", "tipo-de-contrato": "Servicios", "entidad-adjudicadora": "", "codigo-nuts": "ES300", "procedimiento-adjudicacion": "Abierto simplificado"}