{"url": "https://www.madrid.org/cs/Satellite?c=CM_ConvocaPrestac_FA&cid=1354717378814&definicion=Contratos+Publicos&language=es&op2=PCON&pagename=PortalContratacion%2FPage%2FPCON_contratosPublicos&tipoServicio=CM_ConvocaPrestac_FA", "titulo": "GESTI\u00d3N DE  TARJETAS PARA EL PAGO DE LAS BECAS DE ESCOLARIZACI\u00d3N EN CENTROS PRIVADOS EN EL PRIMER CICLO DE EDUCACION INFANTIL", "status": "En tramitaci\u00f3n", "tipo-publicacion": "Tabl\u00f3n de anuncios electr\u00f3nico", "objeto-del-contrato": "Gesti\u00f3n de tarjetas para el pago de las becas de escolarizaci\u00f3n en centros privados en el primer ciclo de educaci\u00f3n infantil", "codigo-cpv": "75121000-0", "numero-de-expediente": "A/SER-008412/2018 (C-323M/005-18 )", "referencia": "2424990", "tipo-de-contrato": "Servicios", "entidad-adjudicadora": "", "codigo-nuts": "ES300", "procedimiento-adjudicacion": "Abierto", "presupuesto-base-licitacion-(sin-impuestos)": "150.000 euros", "duracion-del-contrato": "12 Meses", "puntos-de-informacion": "Obtenci\u00f3n de documentaci\u00f3n e informaci\u00f3n:"}