{"url": "https://www.madrid.org/cs/Satellite?c=CM_ConvocaPrestac_FA&cid=1354897854402&definicion=Contratos+Publicos&language=es&op2=PCON&pagename=PortalContratacion%2FPage%2FPCON_contratosPublicos&tipoServicio=CM_ConvocaPrestac_FA", "titulo": "Acuerdo Marco para los servicios de asistencia t\u00e9cnica asociado a las inversiones RAMS del material m\u00f3vil de Metro de Madrid", "status": "En tramitaci\u00f3n", "tipo-publicacion": "Tabl\u00f3n de anuncios electr\u00f3nico", "objeto-del-contrato": "Acuerdo Marco para los servicios de asistencia t\u00e9cnica asociado a las inversiones RAMS del material m\u00f3vil de Metro de Madrid", "codigo-cpv": "71311230-2", "numero-de-expediente": "6012100151", "referencia": "4301444", "tipo-de-contrato": "Servicios", "entidad-adjudicadora": "", "codigo-nuts": "ES300", "procedimiento-adjudicacion": "Abierto", "presupuesto-base-licitacion-(sin-impuestos)": "0 euros", "empresarios-excluidos-publicados-el": "(Publicado el 30 septiembre 2021 13:45)"}