{"url": "https://www.madrid.org/cs/Satellite?c=CM_ConvocaPrestac_FA&cid=1354819374350&definicion=Contratos+Publicos&language=es&op2=PCON&pagename=PortalContratacion%2FPage%2FPCON_contratosPublicos&tipoServicio=CM_ConvocaPrestac_FA", "titulo": "Redacci\u00f3n de estudios complementarios hidrol\u00f3gicos, hidr\u00e1ulicos y los proyectos autorizaci\u00f3n y construcci\u00f3n de obras en el dominio publico y zona de polic\u00eda del Arroyo Butarque por las obras del Plan Parcial 2/centro del plan de sectorizaci\u00f3n \u201cAutov\u00eda de Toledo Norte\u201d, en Legan\u00e9s, (Madrid)", "status": "Plazo indefinido", "tipo-publicacion": "Tabl\u00f3n de anuncios electr\u00f3nico", "objeto-del-contrato": "", "numero-de-expediente": "CS-01-2018", "referencia": "3413149", "tipo-de-contrato": "Servicios", "entidad-adjudicadora": "", "codigo-nuts": "ES300", "procedimiento-adjudicacion": "Abierto simplificado", "puntos-de-informacion": "", "defectos-u-omisiones-de-la-documentacion-publicados-el": "(Publicado el 27 julio 2020 13:45)", "empresarios-excluidos-publicados-el": "(Publicado el 03 julio 2020 15:30)", "otras-informaciones-publicadas-el": "(Publicado el 27 julio 2020 13:45)"}