{"url": "https://www.madrid.org/cs/Satellite?c=CM_ConvocaPrestac_FA&cid=1354819743968&definicion=Contratos+Publicos&language=es&op2=PCON&pagename=PortalContratacion%2FPage%2FPCON_contratosPublicos&tipoServicio=CM_ConvocaPrestac_FA", "titulo": "Direcci\u00f3n Facultativa de las obras de 4 VPPA y trasteros en el  Municipio de Horcajo de la Sierra-Aoslos; 4 VPPA en el  Municipio de Puebla de la  Sierra; 10 VPPA, trasteros y garajes en el Municipio de Berzosa de Lozoya.", "status": "Plazo indefinido", "tipo-publicacion": "Tabl\u00f3n de anuncios electr\u00f3nico", "objeto-del-contrato": "Direcci\u00f3n Facultativa de las obras de 4 VPPA y trasteros en el Municipio de Horcajo de la Sierra-Aoslos; 4 VPPA en el Municipio de Puebla de la Sierra; 10 VPPA, trasteros y garajes en el Municipio de Berzosa de Lozoya.", "codigo-cpv": "71310000-4", "numero-de-expediente": "A/SER-022075/2019", "referencia": "3413229", "tipo-de-contrato": "Servicios", "entidad-adjudicadora": "", "codigo-nuts": "ES300", "procedimiento-adjudicacion": "Abierto", "presupuesto-base-licitacion-(sin-impuestos)": "229.038,08 euros", "duracion-del-contrato": "20 Meses", "defectos-u-omisiones-de-la-documentacion-publicados-el": "(Publicado el 28 julio 2020 12:45)", "ofertas-anormales-o-desproporcionadas-publicadas-el": "(Publicado el 09 julio 2020 10:15)"}