{"url": "https://www.madrid.org/cs/Satellite?c=CM_ConvocaPrestac_FA&cid=1354796901072&definicion=Contratos+Publicos&language=es&op2=PCON&pagename=PortalContratacion%2FPage%2FPCON_contratosPublicos&tipoServicio=CM_ConvocaPrestac_FA", "titulo": "Implantaci\u00f3n de una soluci\u00f3n de identificaci\u00f3n, localizaci\u00f3n y trazabilidad en tiempo real, en el Bloque Quir\u00fargico del HULP", "status": "En tramitaci\u00f3n", "tipo-publicacion": "Tabl\u00f3n de anuncios electr\u00f3nico", "objeto-del-contrato": "Implantaci\u00f3n de una soluci\u00f3n de identificaci\u00f3n, localizaci\u00f3n y trazabilidad en tiempo real, en el Bloque Quir\u00fargico del Hospital Universitario La Paz.", "codigo-cpv": "72263000-6, 72267100-0", "numero-de-expediente": "P.A. 38/2019", "referencia": "3259599", "tipo-de-contrato": "Servicios", "entidad-adjudicadora": "", "codigo-nuts": "ES300", "procedimiento-adjudicacion": "Abierto", "duracion-del-contrato": "48 Meses"}