{"url": "https://www.madrid.org/cs/Satellite?c=CM_ConvocaPrestac_FA&cid=1354742271243&definicion=Contratos+Publicos&language=es&op2=PCON&pagename=PortalContratacion%2FPage%2FPCON_contratosPublicos&tipoServicio=CM_ConvocaPrestac_FA", "titulo": "Servicio de transporte y mensajer\u00eda para el Hospital El Escorial", "status": "En tramitaci\u00f3n", "tipo-publicacion": "Tabl\u00f3n de anuncios electr\u00f3nico", "objeto-del-contrato": "Servicio de transporte y mensajer\u00eda para el Hospital El Escorial", "codigo-cpv": "60100000-9", "compra-publica-innovadora": "No", "numero-de-expediente": "PAS SER-08/2018 HESC", "referencia": "2655097", "tipo-de-contrato": "Servicios", "entidad-adjudicadora": "", "codigo-nuts": "ES300", "procedimiento-adjudicacion": "Abierto simplificado", "puntos-de-informacion": "", "empresarios-excluidos-publicados-el": "(Publicado el 24 octubre 2018 13:02)"}