{"url": "https://www.madrid.org/cs/Satellite?c=CM_ConvocaPrestac_FA&cid=1354724662662&definicion=Contratos+Publicos&language=es&op2=PCON&pagename=PortalContratacion%2FPage%2FPCON_contratosPublicos&tipoServicio=CM_ConvocaPrestac_FA", "titulo": "Servicio de aseguramiento de los riesgos de da\u00f1os materiales y de responsabilidad civil patrimonial/general por uso y explotaci\u00f3n de los bienes inmuebles adscritos a la Consejer\u00eda de Econom\u00eda, Empleo y Hacienda de la Comunidad de Madrid (2 lotes).", "status": "En tramitaci\u00f3n", "tipo-publicacion": "Tabl\u00f3n de anuncios electr\u00f3nico", "objeto-del-contrato": "Servicio de aseguramiento de los riesgos de da\u00f1os materiales y de responsabilidad civil patrimonial/general por uso y explotaci\u00f3n de los bienes inmuebles adscritos a la Consejer\u00eda de Econom\u00eda, Empleo y Hacienda de la Comunidad de Madrid (2 lotes).", "compra-publica-innovadora": "No", "numero-de-expediente": "P/SER-010343/2018", "referencia": "2495996", "tipo-de-contrato": "Servicios", "entidad-adjudicadora": "", "codigo-nuts": "ES300", "procedimiento-adjudicacion": "Abierto", "duracion-del-contrato": "A\u00f1os", "puntos-de-informacion": "", "empresarios-excluidos-publicados-el": "(Publicado el 02 agosto 2018 12:31)"}