{"url": "https://www.madrid.org/cs/Satellite?c=CM_ConvocaPrestac_FA&cid=1354816542885&definicion=Contratos+Publicos&language=es&op2=PCON&pagename=PortalContratacion%2FPage%2FPCON_contratosPublicos&tipoServicio=CM_ConvocaPrestac_FA", "titulo": "Servicio de transporte de trabajadores del H. U. La Paz-Carlos III-Cantoblanco y de personas autorizadas por la Direcci\u00f3n", "status": "En tramitaci\u00f3n", "tipo-publicacion": "Tabl\u00f3n de anuncios electr\u00f3nico", "objeto-del-contrato": "Servicio de transporte de trabajadores del H. U. La Paz-Carlos III-Cantoblanco y de personas autorizadas por la Direcci\u00f3n", "codigo-cpv": "60140000-1", "compra-publica-innovadora": "No", "numero-de-expediente": "P.A. 01/2020", "referencia": "3412505", "tipo-de-contrato": "Servicios", "entidad-adjudicadora": "", "codigo-nuts": "ES300", "procedimiento-adjudicacion": "Abierto"}