{"url": "https://www.madrid.org/cs/Satellite?c=CM_ConvocaPrestac_FA&cid=1354888034627&definicion=Contratos+Publicos&language=es&op2=PCON&pagename=PortalContratacion%2FPage%2FPCON_contratosPublicos&tipoServicio=CM_ConvocaPrestac_FA", "titulo": "A/SER-012090/2020 Desarrollo, Implantaci\u00f3n, y Mantenimiento de un Planificador de Transportes Multimodal para el Consorcio Regional de Transportes de Madrid", "status": "En tramitaci\u00f3n", "tipo-publicacion": "Tabl\u00f3n de anuncios electr\u00f3nico", "objeto-del-contrato": "", "codigo-cpv": "72230000-6, 72267100-0, 71311200-3", "numero-de-expediente": "A/SER-012090/2020", "referencia": "4166464", "tipo-de-contrato": "Servicios", "entidad-adjudicadora": "", "codigo-nuts": "ES300", "procedimiento-adjudicacion": "Abierto", "presupuesto-base-licitacion-(sin-impuestos)": "1.137.240 euros", "duracion-del-contrato": "36 Meses", "puntos-de-informacion": ""}