{"url": "https://www.madrid.org/cs/Satellite?c=CM_ConvocaPrestac_FA&cid=1354846268340&definicion=Contratos+Publicos&language=es&op2=PCON&pagename=PortalContratacion%2FPage%2FPCON_contratosPublicos&tipoServicio=CM_ConvocaPrestac_FA", "titulo": "SERVICIO DE ELABORACI\u00d3N DE ESTUDIOS ADICIONALES, REVISI\u00d3N T\u00c9CNICA Y MODELADO DE LAS ESTACIONES DE LOS PROYECTOS DE AMPLIACI\u00d3N DE LAS L\u00cdNEAS 3, 5 Y 11 DEL METRO DE MADRID, TRAMOS: L\u00cdNEA 3: CONEXI\u00d3N DE VILLAVERDE ALTO CON COCHERA DE VILLAVERDE - ESTACI\u00d3N DE EL CASAR (GETAFE); L\u00cdNEA 5: ALAMEDA DE OSUNA - AEROPUERTO T1-T2-T3; L\u00cdNEA 11: PLAZA EL\u00cdPTICA \u2013 CONDE DE CASAL", "status": "Plazo indefinido", "tipo-publicacion": "Tabl\u00f3n de anuncios electr\u00f3nico", "objeto-del-contrato": "SERVICIO DE ELABORACI\u00d3N DE ESTUDIOS ADICIONALES, REVISI\u00d3N T\u00c9CNICA Y MODELADO DE LAS ESTACIONES DE LOS PROYECTOS DE AMPLIACI\u00d3N DE LAS L\u00cdNEAS 3, 5 Y 11 DEL METRO DE MADRID, TRAMOS: L\u00cdNEA 3: CONEXI\u00d3N DE VILLAVERDE ALTO CON COCHERA DE VILLAVERDE - ESTACI\u00d3N DE EL CASAR (GETAFE); L\u00cdNEA 5: ALAMEDA DE OSUNA - AEROPUERTO T1-T2-T3; L\u00cdNEA 11: PLAZA EL\u00cdPTICA \u2013 CONDE DE CASAL", "numero-de-expediente": "A/SER-001643/2020", "referencia": "3748905", "tipo-de-contrato": "Servicios", "entidad-adjudicadora": "", "codigo-nuts": "ES300", "procedimiento-adjudicacion": "Abierto", "defectos-u-omisiones-de-la-documentacion-publicados-el": "(Publicado el 19 octubre 2020 12:15)", "ofertas-anormales-o-desproporcionadas-publicadas-el": "(Publicado el 18 septiembre 2020 14:45)"}