{"url": "https://www.madrid.org/cs/Satellite?c=CM_ConvocaPrestac_FA&cid=1354888906153&definicion=Contratos+Publicos&language=es&op2=PCON&pagename=PortalContratacion%2FPage%2FPCON_contratosPublicos&tipoServicio=CM_ConvocaPrestac_FA", "titulo": "Servicio de limpieza de los dep\u00f3sitos y cochera Puerta de Arganda de Metro de Madrid", "status": "En tramitaci\u00f3n", "tipo-publicacion": "Tabl\u00f3n de anuncios electr\u00f3nico", "objeto-del-contrato": "Servicio de limpieza de los dep\u00f3sitos y cochera Puerta de Arganda de Metro de Madrid", "codigo-cpv": "90900000-6, 33700000-7, 33760000-5", "numero-de-expediente": "6012100165", "referencia": "4166557", "tipo-de-contrato": "Servicios", "entidad-adjudicadora": "", "codigo-nuts": "ES300", "procedimiento-adjudicacion": "Abierto", "defectos-u-omisiones-de-la-documentacion-publicados-el": "(Publicado el 06 octubre 2021 11:16)", "empresarios-excluidos-publicados-el": "(Publicado el 03 septiembre 2021 10:30)"}