{"url": "https://www.madrid.org/cs/Satellite?c=CM_ConvocaPrestac_FA&cid=1354895388256&definicion=Contratos+Publicos&language=es&op2=PCON&pagename=PortalContratacion%2FPage%2FPCON_contratosPublicos&tipoServicio=CM_ConvocaPrestac_FA", "titulo": "Retirada y transporte de documentaci\u00f3n entre diferentes sedes de la Consejer\u00eda de Econom\u00eda, Empleo y Competitividad de la Comunidad de Madrid dividido en 2 lotes (actualmente Consejer\u00eda de Econom\u00eda, Hacienda y Empleo)", "status": "Plazo indefinido", "tipo-publicacion": "Tabl\u00f3n de anuncios electr\u00f3nico", "objeto-del-contrato": "Retirada y transporte de documentaci\u00f3n entre diferentes sedes de la Consejer\u00eda de Econom\u00eda, Empleo y Competitividad de la Comunidad de Madrid dividido en 2 lotes (actualmente Consejer\u00eda de Econom\u00eda, Hacienda y Empleo)", "compra-publica-innovadora": "No", "numero-de-expediente": "C-923N/005-21  (A/SER-023599/2021)", "referencia": "4300953", "tipo-de-contrato": "Servicios", "entidad-adjudicadora": "", "codigo-nuts": "ES300", "procedimiento-adjudicacion": "Abierto", "duracion-del-contrato": "Meses", "puntos-de-informacion": "", "defectos-u-omisiones-de-la-documentacion-publicados-el": "(Publicado el 13 septiembre 2021 15:15)", "empresarios-excluidos-publicados-el": "(Publicado el 13 septiembre 2021 15:15)", "ofertas-anormales-o-desproporcionadas-publicadas-el": "(Publicado el 21 septiembre 2021 10:00)"}