{"url": "https://www.madrid.org/cs/Satellite?c=CM_ConvocaPrestac_FA&cid=1354862480631&definicion=Contratos+Publicos&language=es&op2=PCON&pagename=PortalContratacion%2FPage%2FPCON_contratosPublicos&tipoServicio=CM_ConvocaPrestac_FA", "titulo": "Servicio de prevenci\u00f3n ajeno", "status": "En tramitaci\u00f3n", "tipo-publicacion": "Tabl\u00f3n de anuncios electr\u00f3nico", "objeto-del-contrato": "Servicio de Prevenci\u00f3n Ajeno para Canal de Comunicaciones Unidas, S.A. en las especialidades preventivas de Seguridad en el Trabajo, Higiene Industrial, Ergonom\u00eda y Psicosociolog\u00eda Aplicada y Vigilancia M\u00e9dica de la Salud.", "codigo-cpv": "71317000-3", "numero-de-expediente": "03/2020", "referencia": "3906587", "tipo-de-contrato": "Servicios", "entidad-adjudicadora": "", "codigo-nuts": "ES300", "procedimiento-adjudicacion": "Abierto simplificado", "presupuesto-base-licitacion-(sin-impuestos)": "56.000 euros", "duracion-del-contrato": "4 A\u00f1os", "puntos-de-informacion": "Obtenci\u00f3n de documentaci\u00f3n e informaci\u00f3n: Canal de Comunicaciones Unidas, S.A.U. Direcci\u00f3n Financiera y de RR.HH. C/ Bravo Murillo, 178, Edificio Tecnus, planta baja. 28020. Madrid. Tel\u00e9fono: 91 545 11 13. Telefax: 91 545 14 95. - Correo electr\u00f3nico: contratacion@canaldecomunicaciones.es * Presentaci\u00f3n de documentaci\u00f3n: Canal de Comunicaciones Unidas, S.A.U. \u00c1rea de Contrataci\u00f3n. C/ Bravo Murillo, 178, Edificio Tecnus, planta baja. 28020. Madrid. * Apertura de sobres \u00fanicos: Canal de Comunicaciones Unidas, Bravo Murillo, 178, Edificio Tecnus, planta baja, Madrid, 28020 el 17 de diciembre a las 10 horas.", "defectos-u-omisiones-de-la-documentacion-publicados-el": "(Publicado el 22 enero 2021 08:15)", "ofertas-anormales-o-desproporcionadas-publicadas-el": "(Publicado el 22 enero 2021 08:15)"}