{"url": "https://www.madrid.org/cs/Satellite?c=CM_ConvocaPrestac_FA&cid=1354863557085&definicion=Contratos+Publicos&language=es&op2=PCON&pagename=PortalContratacion%2FPage%2FPCON_contratosPublicos&tipoServicio=CM_ConvocaPrestac_FA", "titulo": "Servicios de gesti\u00f3n de marketing digital para la promoci\u00f3n tur\u00edstica de la Comunidad de Madrid", "status": "En tramitaci\u00f3n", "tipo-publicacion": "Tabl\u00f3n de anuncios electr\u00f3nico", "objeto-del-contrato": "Servicios de gesti\u00f3n de marketing digital para la promoci\u00f3n tur\u00edstica de la Comunidad de Madrid.", "codigo-cpv": "72000000-5", "compra-publica-innovadora": "No", "numero-de-expediente": "C-432A/010-20 (A/SER-033180/2020)", "referencia": "3920302", "tipo-de-contrato": "Servicios", "entidad-adjudicadora": "", "codigo-nuts": "ES30", "procedimiento-adjudicacion": "Abierto", "duracion-del-contrato": "11 Meses", "puntos-de-informacion": "", "defectos-u-omisiones-de-la-documentacion-publicados-el": "(Publicado el 27 enero 2021 16:30)"}