{"url": "https://www.madrid.org/cs/Satellite?c=CM_ConvocaPrestac_FA&cid=1354809317137&definicion=Contratos+Publicos&language=es&op2=PCON&pagename=PortalContratacion%2FPage%2FPCON_contratosPublicos&tipoServicio=CM_ConvocaPrestac_FA", "titulo": "A/SER-022907/2019 Residuos - Tabl\u00f3n de anuncios", "status": "En tramitaci\u00f3n", "tipo-publicacion": "Tabl\u00f3n de anuncios electr\u00f3nico", "objeto-del-contrato": "Servicio de recogida intrahospitalaria de las diferentes clases de residuos en el Hospital General Universitario Gregorio Mara\u00f1\u00f3n.", "numero-de-expediente": "A/SER-022907/2019", "referencia": "3358282", "tipo-de-contrato": "Servicios", "entidad-adjudicadora": "", "codigo-nuts": "ES300", "procedimiento-adjudicacion": "Abierto", "otras-informaciones-publicadas-el": "(Publicado el 29 enero 2020 14:31)"}