{"url": "https://www.madrid.org/cs/Satellite?c=CM_ConvocaPrestac_FA&cid=1354852711483&definicion=Contratos+Publicos&language=es&op2=PCON&pagename=PortalContratacion%2FPage%2FPCON_contratosPublicos&tipoServicio=CM_ConvocaPrestac_FA", "titulo": "Mantenimiento y soporte del sistema de gesti\u00f3n de centros de transfusi\u00f3n sangu\u00ednea (ePROGESA) para centros dependientes de la Consejer\u00eda de Sanidad de la Comunidad de Madrid", "status": "En tramitaci\u00f3n", "tipo-publicacion": "Tabl\u00f3n de anuncios electr\u00f3nico", "objeto-del-contrato": "Mantenimiento y soporte del sistema de gesti\u00f3n de centros de transfusi\u00f3n sangu\u00ednea (ePROGESA) para centros dependientes de la Consejer\u00eda de Sanidad de la Comunidad de Madrid.", "codigo-cpv": "72267000-4", "compra-publica-innovadora": "No", "numero-de-expediente": "PAS SER-21/2020 (A/SER-021971/2020)", "referencia": "3772418", "tipo-de-contrato": "Servicios", "entidad-adjudicadora": "", "codigo-nuts": "ES300", "procedimiento-adjudicacion": "Abierto simplificado", "presupuesto-base-licitacion-(sin-impuestos)": "66.424,44 euros", "duracion-del-contrato": "4 Meses"}