{"url": "https://www.madrid.org/cs/Satellite?c=CM_ConvocaPrestac_FA&cid=1354759789079&definicion=Contratos+Publicos&language=es&op2=PCON&pagename=PortalContratacion%2FPage%2FPCON_contratosPublicos&tipoServicio=CM_ConvocaPrestac_FA", "titulo": "Servicio para la conservacion de viviendas locales y edificios del patrimonio de la agencia de Vivienda Social", "status": "Plazo indefinido", "tipo-publicacion": "Tabl\u00f3n de anuncios electr\u00f3nico", "numero-de-expediente": "A/SER-021185/2018", "referencia": "2788676", "tipo-de-contrato": "Servicios", "entidad-adjudicadora": "", "codigo-nuts": "ES300", "defectos-u-omisiones-de-la-documentacion-publicados-el": "(Publicado el 21 marzo 2019 13:32)", "empresarios-excluidos-publicados-el": "(Publicado el 28 febrero 2019 15:01)", "otras-informaciones-publicadas-el": "(Publicado el 28 marzo 2019 13:00)"}