{"url": "https://www.madrid.org/cs/Satellite?c=CM_ConvocaPrestac_FA&cid=1354803267015&definicion=Contratos+Publicos&language=es&op2=PCON&pagename=PortalContratacion%2FPage%2FPCON_contratosPublicos&tipoServicio=CM_ConvocaPrestac_FA", "titulo": "Asesoramiento T\u00e9cnico y Apoyo en el Soporte y Mantenimiento Integral de los Sistemas Inform\u00e1ticos de la Empresa P\u00fablica Obras de Madrid. Gesti\u00f3n de Obras e Infraestructuras, S.A.", "status": "En tramitaci\u00f3n", "tipo-publicacion": "Tabl\u00f3n de anuncios electr\u00f3nico", "codigo-cpv": "72000000-5, 48820000-2", "numero-de-expediente": "22/2019", "referencia": "3260804", "tipo-de-contrato": "Servicios", "entidad-adjudicadora": "", "codigo-nuts": "ES300", "procedimiento-adjudicacion": "Abierto simplificado", "presupuesto-base-licitacion-(sin-impuestos)": "9.000 euros", "duracion-del-contrato": "1 A\u00f1os", "defectos-u-omisiones-de-la-documentacion-publicados-el": "(Publicado el 21 noviembre 2019 08:00)"}