{"url": "https://www.madrid.org/cs/Satellite?c=CM_ConvocaPrestac_FA&cid=1354707611536&definicion=Contratos+Publicos&language=es&op2=PCON&pagename=PortalContratacion%2FPage%2FPCON_contratosPublicos&tipoServicio=CM_ConvocaPrestac_FA", "titulo": "mantenimiento se\u00f1ales semaf\u00f3ricas y luminosas ctras. 2018-21", "status": "En tramitaci\u00f3n", "tipo-publicacion": "Tabl\u00f3n de anuncios electr\u00f3nico", "objeto-del-contrato": "MANTENIMIENTO DE LAS INSTALACIONES SEMAF\u00d3RICAS Y LUMINOSAS, DEL ALUMBRADO EXTERIOR Y DEL EQUIPAMIENTO DE CONTROL DE LA RED DE CARRETERAS DE LA COMUNIDAD DE MADRID. A\u00d1OS, 2018-2021.", "numero-de-expediente": "A/SER-001166/2018", "referencia": "2239568", "tipo-de-contrato": "Servicios", "entidad-adjudicadora": "", "codigo-nuts": "ES300", "puntos-de-informacion": "", "defectos-u-omisiones-de-la-documentacion-publicados-el": "(Publicado el 19 abril 2018 13:32)"}