{"url": "https://www.madrid.org/cs/Satellite?c=CM_ConvocaPrestac_FA&cid=1354786826167&definicion=Contratos+Publicos&language=es&op2=PCON&pagename=PortalContratacion%2FPage%2FPCON_contratosPublicos&tipoServicio=CM_ConvocaPrestac_FA", "titulo": "Servicios inform\u00e1ticos especializados en el mantenimiento y evoluci\u00f3n de los sistemas de informaci\u00f3n corporativos de gesti\u00f3n de RRHH (SIRIUS) y auxiliares, gesti\u00f3n tributaria y de lucha contra el fraude tributario (3 lotes)", "status": "En tramitaci\u00f3n", "tipo-publicacion": "Tabl\u00f3n de anuncios electr\u00f3nico", "objeto-del-contrato": "Servicios inform\u00e1ticos especializados en el mantenimiento y evoluci\u00f3n de los sistemas de informaci\u00f3n corporativos de gesti\u00f3n de RRHH (SIRIUS) y auxiliares, gesti\u00f3n tributaria y de lucha contra el fraude tributario (3 lotes)", "codigo-cpv": "72212900-8, 72261000-2, 72262000-9, 72267000-4, 72420000-0", "referencia": "3234244", "tipo-de-contrato": "Servicios", "entidad-adjudicadora": "", "codigo-nuts": "ES300", "procedimiento-adjudicacion": "Abierto", "defectos-u-omisiones-de-la-documentacion-publicados-el": "(Publicado el 12 noviembre 2019 11:30)", "empresarios-excluidos-publicados-el": "(Publicado el 30 septiembre 2019 12:02)"}