{"url": "https://www.madrid.org/cs/Satellite?c=CM_ConvocaPrestac_FA&cid=1354743278484&definicion=Contratos+Publicos&language=es&op2=PCON&pagename=PortalContratacion%2FPage%2FPCON_contratosPublicos&tipoServicio=CM_ConvocaPrestac_FA", "titulo": "Limpieza en diversas sedes de la Consejer\u00eda de Econom\u00eda, Empleo y Hacienda de la Comunidad de Madrid", "status": "En tramitaci\u00f3n", "tipo-publicacion": "Tabl\u00f3n de anuncios electr\u00f3nico", "objeto-del-contrato": "", "compra-publica-innovadora": "No", "numero-de-expediente": "C-923M/013-18 (A/SER-018891/2018)", "referencia": "2655314", "tipo-de-contrato": "Servicios", "entidad-adjudicadora": "", "codigo-nuts": "ES30", "procedimiento-adjudicacion": "Abierto", "puntos-de-informacion": "", "defectos-u-omisiones-de-la-documentacion-publicados-el": "(Publicado el 19 noviembre 2018 09:31)"}