{"url": "https://www.madrid.org/cs/Satellite?c=CM_ConvocaPrestac_FA&cid=1354754967825&definicion=Contratos+Publicos&language=es&op2=PCON&pagename=PortalContratacion%2FPage%2FPCON_contratosPublicos&tipoServicio=CM_ConvocaPrestac_FA", "titulo": "Restauraci\u00f3n y atenci\u00f3n en comedores RM Goya  adscrita a la Agencia Madrile\u00f1a de Atenci\u00f3n Social", "status": "Plazo indefinido", "tipo-publicacion": "Tabl\u00f3n de anuncios electr\u00f3nico", "objeto-del-contrato": "Servicio integral de restauraci\u00f3n y atenci\u00f3n en comedores en la Residencia de Mayores Goya adscrita a la Agencia Madrile\u00f1a de Atenci\u00f3n Social", "codigo-cpv": "55300000-3", "numero-de-expediente": "A/SER-021303/2018", "referencia": "2787556", "tipo-de-contrato": "Servicios", "entidad-adjudicadora": "", "codigo-nuts": "ES300", "procedimiento-adjudicacion": "Abierto", "defectos-u-omisiones-de-la-documentacion-publicados-el": "(Publicado el 17 enero 2019 12:00)", "empresarios-excluidos-publicados-el": "(Publicado el 22 enero 2019 10:30)", "ofertas-anormales-o-desproporcionadas-publicadas-el": "(Publicado el 22 enero 2019 14:30)"}