{"url": "https://www.madrid.org/cs/Satellite?c=CM_ConvocaPrestac_FA&cid=1354712702564&definicion=Contratos+Publicos&language=es&op2=PCON&pagename=PortalContratacion%2FPage%2FPCON_contratosPublicos&tipoServicio=CM_ConvocaPrestac_FA", "titulo": "Colaboraci\u00f3n con la Consejer\u00eda de Educaci\u00f3n e Investigaci\u00f3n en la gesti\u00f3n de la convocatoria de becas de formacion profesional, grado superior para el curso 2018/2019", "status": "En tramitaci\u00f3n", "tipo-publicacion": "Tabl\u00f3n de anuncios electr\u00f3nico", "objeto-del-contrato": "", "codigo-cpv": "75121000-0", "numero-de-expediente": "A/SER-007358/2018 (C-323M/004-18)", "referencia": "2375701", "tipo-de-contrato": "Servicios", "entidad-adjudicadora": "", "codigo-nuts": "ES300", "procedimiento-adjudicacion": "Abierto", "presupuesto-base-licitacion-(sin-impuestos)": "26.318 euros", "duracion-del-contrato": "6 Meses", "puntos-de-informacion": "Obtenci\u00f3n de documentaci\u00f3n e informaci\u00f3n:"}