{"url": "https://www.madrid.org/cs/Satellite?c=CM_ConvocaPrestac_FA&cid=1354855823094&definicion=Contratos+Publicos&language=es&op2=PCON&pagename=PortalContratacion%2FPage%2FPCON_contratosPublicos&tipoServicio=CM_ConvocaPrestac_FA", "titulo": "Actualizaci\u00f3n de proyecto b\u00e1sico y trabajos complementarios, redacci\u00f3n de proyecto de ejecuci\u00f3n de edificio de 240 VPPA, locales comerciales, trasteros y garaje en la parcela RC-II.5, urbanizaci\u00f3n de las parcelas EL-1 y D-13, y direcci\u00f3n facultativa de las obras, dentro del plan parcial UDE oeste-norte de Valdemoro (Madrid).", "status": "Plazo indefinido", "tipo-publicacion": "Tabl\u00f3n de anuncios electr\u00f3nico", "objeto-del-contrato": "Actualizaci\u00f3n de proyecto b\u00e1sico y trabajos complementarios, redacci\u00f3n de proyecto de ejecuci\u00f3n de edificio de 240 VPPA, locales comerciales, trasteros y garaje en la parcela RC-II.5, urbanizaci\u00f3n de las parcelas el-1 y D-13, y direcci\u00f3n facultativa de las obras, dentro del plan parcial UDE este-norte de Valdemoro (Madrid).", "numero-de-expediente": "A/SER-025860/2020", "referencia": "3861553", "tipo-de-contrato": "Servicios", "entidad-adjudicadora": "", "codigo-nuts": "ES300", "procedimiento-adjudicacion": "Abierto", "defectos-u-omisiones-de-la-documentacion-publicados-el": "(Publicado el 28 abril 2021 12:30)", "ofertas-anormales-o-desproporcionadas-publicadas-el": "(Publicado el 10 marzo 2021 10:00)"}