{"url": "https://www.madrid.org/cs/Satellite?c=CM_ConvocaPrestac_FA&cid=1354762904449&definicion=Contratos+Publicos&language=es&op2=PCON&pagename=PortalContratacion%2FPage%2FPCON_contratosPublicos&tipoServicio=CM_ConvocaPrestac_FA", "titulo": "Servicio de mantenimiento de los equipos de protecci\u00f3n y antiexplosi\u00f3n SERGI", "status": "En tramitaci\u00f3n", "tipo-publicacion": "Tabl\u00f3n de anuncios electr\u00f3nico", "objeto-del-contrato": "Servicio de mantenimiento de los equipos de protecci\u00f3n y antiexplosi\u00f3n SERGI", "codigo-cpv": "50413200-5, 44480000-8", "compra-publica-innovadora": "No", "numero-de-expediente": "6011900064", "referencia": "2789322", "tipo-de-contrato": "Servicios", "entidad-adjudicadora": "", "codigo-nuts": "ES300", "procedimiento-adjudicacion": "Abierto simplificado", "defectos-u-omisiones-de-la-documentacion-publicados-el": "(Publicado el 07 marzo 2019 14:01)", "empresarios-excluidos-publicados-el": "(Publicado el 20 marzo 2019 14:48)"}