{"url": "https://www.madrid.org/cs/Satellite?c=CM_ConvocaPrestac_FA&cid=1354886005399&definicion=Contratos+Publicos&language=es&op2=PCON&pagename=PortalContratacion%2FPage%2FPCON_contratosPublicos&tipoServicio=CM_ConvocaPrestac_FA", "titulo": "Servicio para la gesti\u00f3n de la Escuela Infantil La Princesa de Alcorc\u00f3n", "status": "Plazo indefinido", "tipo-publicacion": "Tabl\u00f3n de anuncios electr\u00f3nico", "objeto-del-contrato": "Servicio para la gesti\u00f3n de la Escuela Infantil La Princesa de Alcorc\u00f3n", "codigo-cpv": "80110000-8", "numero-de-expediente": "A/SER-018134-2021 (322A-009-21)", "referencia": "4149276", "tipo-de-contrato": "Servicios", "entidad-adjudicadora": "", "codigo-nuts": "ES300", "procedimiento-adjudicacion": "Abierto", "presupuesto-base-licitacion-(sin-impuestos)": "1.748.134,08 euros", "duracion-del-contrato": "3 A\u00f1os", "defectos-u-omisiones-de-la-documentacion-publicados-el": "(Publicado el 12 julio 2021 18:15)", "ofertas-anormales-o-desproporcionadas-publicadas-el": "(Publicado el 26 julio 2021 22:04)"}