{"url": "https://www.madrid.org/cs/Satellite?c=CM_ConvocaPrestac_FA&cid=1354829984132&definicion=Contratos+Publicos&language=es&op2=PCON&pagename=PortalContratacion%2FPage%2FPCON_contratosPublicos&tipoServicio=CM_ConvocaPrestac_FA", "titulo": "Servicio de socorrismo y mantenimiento de piscinas en cinco centros de menores adscritos a la Agencia Madrile\u00f1a de Atenci\u00f3n Social para el a\u00f1o 2020 (2 lotes)", "status": "Plazo indefinido", "tipo-publicacion": "Tabl\u00f3n de anuncios electr\u00f3nico", "objeto-del-contrato": "Servicio de socorrismo y mantenimiento de piscinas en cinco centros de menores adscritos a la Agencia Madrile\u00f1a de Atenci\u00f3n Social para el 2020 (2 lotes)", "codigo-cpv": "92000000-1", "numero-de-expediente": "A/SER-007725/2020", "referencia": "3561985", "tipo-de-contrato": "Servicios", "entidad-adjudicadora": "", "codigo-nuts": "ES300", "procedimiento-adjudicacion": "Abierto simplificado", "defectos-u-omisiones-de-la-documentacion-publicados-el": "(Publicado el 02 junio 2020 15:00)", "empresarios-excluidos-publicados-el": "(Publicado el 11 junio 2020 14:30)"}