{"url": "https://www.madrid.org/cs/Satellite?c=CM_ConvocaPrestac_FA&cid=1354748681751&definicion=Contratos+Publicos&language=es&op2=PCON&pagename=PortalContratacion%2FPage%2FPCON_contratosPublicos&tipoServicio=CM_ConvocaPrestac_FA", "titulo": "Atenci\u00f3n residencial y de centro de d\u00eda a personas adultas con discapacidad intelectual, gravemente afectadas, en el centro Sagrado Coraz\u00f3n de Jes\u00fas de M\u00e1laga", "status": "En tramitaci\u00f3n", "tipo-publicacion": "Tabl\u00f3n de anuncios electr\u00f3nico", "objeto-del-contrato": "Garantizar la continuidad asistencial de personas adultas con discapacidad intelectual, gravemente afectadas, a trav\u00e9s de 9 plazas de residencia con centro de d\u00eda, en el centro Sagrado Coraz\u00f3n de Jes\u00fas de M\u00e1laga, que se pondr\u00e1n a disposici\u00f3n de la Administraci\u00f3n, el d\u00eda 1 de enero de 2019. Si se produjese la baja de alg\u00fan usuario en la plaza que ocupa, se amortizar\u00e1 autom\u00e1ticamente, reduci\u00e9ndose el n\u00famero de plazas contratadas a medida que se vayan produciendo las bajas.", "numero-de-expediente": "038/2019", "referencia": "2757511", "tipo-de-contrato": "Servicios", "entidad-adjudicadora": "", "codigo-nuts": "ES300", "procedimiento-adjudicacion": "Negociado con publicidad"}