{"url": "https://www.madrid.org/cs/Satellite?c=CM_ConvocaPrestac_FA&cid=1354888577709&definicion=Contratos+Publicos&language=es&op2=PCON&pagename=PortalContratacion%2FPage%2FPCON_contratosPublicos&tipoServicio=CM_ConvocaPrestac_FA", "titulo": "TABLON ELECTRONICO Servicio de ejecuci\u00f3n de tareas avanzadas de apoyo para el desarrollo y mantenimiento de los procedimientos de explotaci\u00f3n y visualizaci\u00f3n de los sistemas de informaci\u00f3n del Hospital Universitario 12 de Octubre", "status": "En tramitaci\u00f3n", "tipo-publicacion": "Tabl\u00f3n de anuncios electr\u00f3nico", "objeto-del-contrato": "Servicio de ejecuci\u00f3n de tareas avanzadas de apoyo para el desarrollo y mantenimiento de los procedimientos de explotaci\u00f3n y visualizaci\u00f3n de los sistemas de informaci\u00f3n del Hospital Universitario 12 de Octubre", "compra-publica-innovadora": "No", "numero-de-expediente": "2021-0-85", "referencia": "4166519", "tipo-de-contrato": "Servicios", "entidad-adjudicadora": "", "codigo-nuts": "ES300", "procedimiento-adjudicacion": "Abierto", "puntos-de-informacion": ""}