{"url": "https://www.madrid.org/cs/Satellite?c=CM_ConvocaPrestac_FA&cid=1354758080487&definicion=Contratos+Publicos&language=es&op2=PCON&pagename=PortalContratacion%2FPage%2FPCON_contratosPublicos&tipoServicio=CM_ConvocaPrestac_FA", "titulo": "Direcci\u00f3n Facultativa y Coordinaci\u00f3n de Seg. y Salud de la obra de Alumbrado Exterior en Velilla de San Antonio", "status": "En tramitaci\u00f3n", "tipo-publicacion": "Tabl\u00f3n de anuncios electr\u00f3nico", "objeto-del-contrato": "Contrato de Servicios de Direcci\u00f3n Facultativa\u00a0 (Lote 1) y Coordinaci\u00f3n de Seguridad y Salud (Lote 2) de las obra \"Sustituci\u00f3n del alumbrado exterior por tecnolog\u00eda Led en el Municipio de Velilla de San Antonio (Madrid\"\" actuaci\u00f3n incluida en el Programa Regional de Inversiones y Servicios de Madrid, PRISMA 2008-2011.", "codigo-cpv": "71247000-1", "numero-de-expediente": "CA/0811.162.10/02/S Y 03/S", "referencia": "2788256", "tipo-de-contrato": "Servicios", "entidad-adjudicadora": "", "codigo-nuts": "ES300", "procedimiento-adjudicacion": "Abierto simplificado", "presupuesto-base-licitacion-(sin-impuestos)": "41.693,93 euros", "duracion-del-contrato": "9 Meses", "puntos-de-informacion": "Obras de Madrid. Gesti\u00f3n de Obras e Infraestructuras, S.A. NIF A79932927, calle Alcal\u00e1, 21 - 4\u00aa planta - 28014 Madrid. Tel. 915240436; Fax: 915770150."}