{"url": "https://www.madrid.org/cs/Satellite?c=CM_ConvocaPrestac_FA&cid=1354725252266&definicion=Contratos+Publicos&language=es&op2=PCON&pagename=PortalContratacion%2FPage%2FPCON_contratosPublicos&tipoServicio=CM_ConvocaPrestac_FA", "titulo": "Coordinaci\u00f3n, transporte, montaje, decoraci\u00f3n, mantenimiento, desmontaje de un mercado de alimentos en la Plaza de Toros de Las Ventas. A\u00f1o 2018.", "status": "En tramitaci\u00f3n", "tipo-publicacion": "Tabl\u00f3n de anuncios electr\u00f3nico", "objeto-del-contrato": "Coordinaci\u00f3n, transporte, montaje, decoraci\u00f3n, mantenimiento\u00a0y desmontaje de un mercado de alimentos en la Plaza de Toros de Las Ventas. A\u00f1o 2018.", "codigo-cpv": "79950000-8", "numero-de-expediente": "A/SER-006154/2018 (12-E/18)", "referencia": "2496143", "tipo-de-contrato": "Servicios", "entidad-adjudicadora": "", "codigo-nuts": "ES300", "procedimiento-adjudicacion": "Abierto", "presupuesto-base-licitacion-(sin-impuestos)": "121.725 euros", "duracion-del-contrato": "1,5 Meses", "puntos-de-informacion": "", "defectos-u-omisiones-de-la-documentacion-publicados-el": "(Publicado el 16 julio 2018 12:01)", "empresarios-excluidos-publicados-el": "(Publicado el 20 julio 2018 17:00)"}