{"url": "https://www.madrid.org/cs/Satellite?c=CM_ConvocaPrestac_FA&cid=1354756450363&definicion=Contratos+Publicos&language=es&op2=PCON&pagename=PortalContratacion%2FPage%2FPCON_contratosPublicos&tipoServicio=CM_ConvocaPrestac_FA", "titulo": "Servicio de consultor\u00eda de an\u00e1lisis y mediaci\u00f3n para el control de ruido y vibraci\u00f3n.", "status": "En tramitaci\u00f3n", "tipo-publicacion": "Tabl\u00f3n de anuncios electr\u00f3nico", "objeto-del-contrato": "Servicio de consultor\u00eda de an\u00e1lisis y mediaci\u00f3n para el control de ruido y vibraci\u00f3n", "numero-de-expediente": "6011800295", "referencia": "2787877", "tipo-de-contrato": "Servicios", "entidad-adjudicadora": "", "codigo-nuts": "ES300", "procedimiento-adjudicacion": "Abierto", "defectos-u-omisiones-de-la-documentacion-publicados-el": "(Publicado el 16 mayo 2019 09:33)", "empresarios-excluidos-publicados-el": "(Publicado el 28 marzo 2019 12:06)", "ofertas-anormales-o-desproporcionadas-publicadas-el": "(Publicado el 04 marzo 2019 13:52)"}