{"url": "https://www.madrid.org/cs/Satellite?c=CM_ConvocaPrestac_FA&cid=1354858111890&definicion=Contratos+Publicos&language=es&op2=PCON&pagename=PortalContratacion%2FPage%2FPCON_contratosPublicos&tipoServicio=CM_ConvocaPrestac_FA", "titulo": "Mantenimiento K\u00e1rdex y Pyxis", "status": "En tramitaci\u00f3n", "estado-de-la-licitacion": "Pendiente adjudicaci\u00f3n", "tipo-publicacion": "Contratos adjudicados por procedimientos sin publicidad", "objeto-del-contrato": "Contrato de mantenimiento integral de los sistemas automatizados de gesti\u00f3n, actualizaci\u00f3n de software, almacenamiento y dispensaci\u00f3n de k\u00e1rdex y pyxis", "codigo-cpv": "50421000-2", "compra-publica-innovadora": "No", "numero-de-expediente": "GPNSE2000008", "referencia": "3881466", "tipo-de-contrato": "Servicios", "entidad-adjudicadora": "", "codigo-nuts": "ES300", "procedimiento-adjudicacion": "Negociado sin publicidad", "valor-estimado-sin-i.v.a": "458.249,2 euros", "presupuesto-base-licitacion-(sin-impuestos)": "305.499,47 euros", "presupuesto-base-licitacion.-importe-total": "369.654,35 euros", "duracion-del-contrato": "24 Meses"}