{"url": "https://www.madrid.org/cs/Satellite?c=CM_ConvocaPrestac_FA&cid=1354807080041&definicion=Contratos+Publicos&language=es&op2=PCON&pagename=PortalContratacion%2FPage%2FPCON_contratosPublicos&tipoServicio=CM_ConvocaPrestac_FA", "titulo": "Contrato mixto de arrendamiento y mantenimiento de m\u00e1quinas multifunci\u00f3n en el Hospital Universitario 12 de octubre y centros adscritos", "status": "Plazo indefinido", "tipo-publicacion": "Tabl\u00f3n de anuncios electr\u00f3nico", "objeto-del-contrato": "Contrato mixto de arrendamiento y mantenimiento de m\u00e1quinas multifunci\u00f3n en el Hospital Universitario 12 de octubre y centros adscritos", "compra-publica-innovadora": "No", "numero-de-expediente": "2019-0-115", "referencia": "3349636", "tipo-de-contrato": "Servicios", "entidad-adjudicadora": "", "codigo-nuts": "ES300", "procedimiento-adjudicacion": "Abierto", "puntos-de-informacion": ""}