{"url": "https://www.madrid.org/cs/Satellite?c=CM_ConvocaPrestac_FA&cid=1354887295912&definicion=Contratos+Publicos&language=es&op2=PCON&pagename=PortalContratacion%2FPage%2FPCON_contratosPublicos&tipoServicio=CM_ConvocaPrestac_FA", "titulo": "Servicio de atenci\u00f3n residencial y de centro de d\u00eda a personas adultas con discapacidad intelectual, gravemente afectadas, en el centro Villa Santa Teresa de Gotarrendura (\u00c1vila)", "status": "En tramitaci\u00f3n", "tipo-publicacion": "Tabl\u00f3n de anuncios electr\u00f3nico", "objeto-del-contrato": "Garantizar la continuidad asistencial de personas adultas con discapacidad intelectual, gravemente afectadas, a trav\u00e9s de 1 plaza de residencia con centro de d\u00eda, en el Centro Villa Santa Teresa de Gotarrendura (\u00c1vila)", "codigo-cpv": "85311000-2", "numero-de-expediente": "111/2021", "referencia": "4149518", "tipo-de-contrato": "Servicios", "entidad-adjudicadora": "", "codigo-nuts": "ES300", "procedimiento-adjudicacion": "Licitaci\u00f3n con negociaci\u00f3n"}