{"url": "https://www.madrid.org/cs/Satellite?c=CM_ConvocaPrestac_FA&cid=1354873930621&definicion=Contratos+Publicos&language=es&op2=PCON&pagename=PortalContratacion%2FPage%2FPCON_contratosPublicos&tipoServicio=CM_ConvocaPrestac_FA", "titulo": "Servicio de mantenimiento de zonas ajardinadas e instalaciones afines en el Hospital Universitario La Paz y Centros dependientes", "status": "En tramitaci\u00f3n", "tipo-publicacion": "Tabl\u00f3n de anuncios electr\u00f3nico", "objeto-del-contrato": "Servicio de mantenimiento de zonas ajardinadas e instalaciones afines en el Hospital Universitario La Paz y Centros dependientes", "codigo-cpv": "77311000-3", "compra-publica-innovadora": "No", "numero-de-expediente": "P.A. 19/2020", "referencia": "4025710", "tipo-de-contrato": "Servicios", "entidad-adjudicadora": "", "codigo-nuts": "ES300", "procedimiento-adjudicacion": "Abierto", "fecha-publicacion-de-la-licitacion-en-el-bocm": "22 marzo 2021"}