{"url": "https://www.madrid.org/cs/Satellite?c=CM_ConvocaPrestac_FA&cid=1354887193006&definicion=Contratos+Publicos&language=es&op2=PCON&pagename=PortalContratacion%2FPage%2FPCON_contratosPublicos&tipoServicio=CM_ConvocaPrestac_FA", "titulo": "Servicio para la gest\u00f3n de la escuela infantil El Pozo del T\u00edo Raimundo de Madrid", "status": "En tramitaci\u00f3n", "tipo-publicacion": "Tabl\u00f3n de anuncios electr\u00f3nico", "objeto-del-contrato": "Servicios para la gesti\u00f3n de la escuela infantil El Pozo del T\u00edo Raimundo de Madrid.", "codigo-cpv": "80110000-8", "numero-de-expediente": "A/SER-022090/2021 (322A-017-21)", "referencia": "4149497", "tipo-de-contrato": "Servicios", "entidad-adjudicadora": "", "codigo-nuts": "ES300", "procedimiento-adjudicacion": "Abierto", "presupuesto-base-licitacion-(sin-impuestos)": "634.176,84 euros", "duracion-del-contrato": "5 A\u00f1os", "puntos-de-informacion": "Obtenci\u00f3n de documentaci\u00f3n e informaci\u00f3n:"}