{"url": "https://www.madrid.org/cs/Satellite?c=CM_ConvocaPrestac_FA&cid=1354753945371&definicion=Contratos+Publicos&language=es&op2=PCON&pagename=PortalContratacion%2FPage%2FPCON_contratosPublicos&tipoServicio=CM_ConvocaPrestac_FA", "titulo": "Servicio de montaje y desmontaje de la exposici\u00f3n Autoeclipse, del artista Armando Andrade, que se celebrar\u00e1 en el Centro de Arte Dos de Mayo", "status": "En tramitaci\u00f3n", "tipo-publicacion": "Tabl\u00f3n de anuncios electr\u00f3nico", "codigo-cpv": "79956000-0", "numero-de-expediente": "C-333A/025-18 (A/SER-024012/2018)", "referencia": "2787380", "tipo-de-contrato": "Servicios", "entidad-adjudicadora": "", "codigo-nuts": "ES30", "duracion-del-contrato": "226 D\u00edas", "defectos-u-omisiones-de-la-documentacion-publicados-el": "(Publicado el 10 enero 2019 14:30)"}