{"url": "https://www.madrid.org/cs/Satellite?c=CM_ConvocaPrestac_FA&cid=1354855276890&definicion=Contratos+Publicos&language=es&op2=PCON&pagename=PortalContratacion%2FPage%2FPCON_contratosPublicos&tipoServicio=CM_ConvocaPrestac_FA", "titulo": "Realizaci\u00f3n de auditor\u00edas de calidad y mantenimiento de los sistemas de gesti\u00f3n de calidad en los centros adscritos a la Agencia Madrile\u00f1a de Atenci\u00f3n Social", "status": "Plazo indefinido", "tipo-publicacion": "Tabl\u00f3n de anuncios electr\u00f3nico", "objeto-del-contrato": "Realizaci\u00f3n de auditor\u00edas de calidad y mantenimiento de los sistemas de gesti\u00f3n de calidad en los centros adscritos a la Agencia Madrile\u00f1a de Atenci\u00f3n Social", "codigo-cpv": "72225000-8", "numero-de-expediente": "A/SER-033319/2020", "referencia": "3856544", "tipo-de-contrato": "Servicios", "entidad-adjudicadora": "", "codigo-nuts": "ES300", "procedimiento-adjudicacion": "Abierto", "defectos-u-omisiones-de-la-documentacion-publicados-el": "(Publicado el 25 noviembre 2020 09:00)", "empresarios-excluidos-publicados-el": "(Publicado el 04 diciembre 2020 14:30)", "ofertas-anormales-o-desproporcionadas-publicadas-el": "(Publicado el 15 diciembre 2020 13:30)"}