{"url": "https://www.madrid.org/cs/Satellite?c=CM_ConvocaPrestac_FA&cid=1354816120338&definicion=Contratos+Publicos&language=es&op2=PCON&pagename=PortalContratacion%2FPage%2FPCON_contratosPublicos&tipoServicio=CM_ConvocaPrestac_FA", "titulo": "Servicio de mantenimiento y actualizacion tecnologica de la plataforma software/hardware utilizada en el servicio de extracciones, instalada en el Hospital Universitario de Fuenlabrada", "status": "Plazo indefinido", "estado-de-la-licitacion": "Abierto", "tipo-publicacion": "Contratos adjudicados por procedimientos sin publicidad", "objeto-del-contrato": "", "codigo-cpv": "72260000-5", "compra-publica-innovadora": "No", "numero-de-expediente": "PNSP S 19-005", "referencia": "3412418", "tipo-de-contrato": "Servicios", "entidad-adjudicadora": "", "codigo-nuts": "ES300", "procedimiento-adjudicacion": "Negociado sin publicidad", "valor-estimado-sin-i.v.a": "100.000 euros", "presupuesto-base-licitacion-(sin-impuestos)": "70.000 euros", "presupuesto-base-licitacion.-importe-total": "84.700 euros", "duracion-del-contrato": "24 Meses", "adjudicacion-del-contrato-publicada-el": "06 febrero 2020"}