{"url": "https://www.madrid.org/cs/Satellite?c=CM_ConvocaPrestac_FA&cid=1354853590492&definicion=Contratos+Publicos&language=es&op2=PCON&pagename=PortalContratacion%2FPage%2FPCON_contratosPublicos&tipoServicio=CM_ConvocaPrestac_FA", "titulo": "Mensajer\u00eda para las sedes de la Consejer\u00eda de Hacienda y Funci\u00f3n P\u00fablica", "status": "En tramitaci\u00f3n", "tipo-publicacion": "Tabl\u00f3n de anuncios electr\u00f3nico", "objeto-del-contrato": "Mensajer\u00eda para las sedes de la Consejer\u00eda de Hacienda y Funci\u00f3n P\u00fablica", "compra-publica-innovadora": "No", "numero-de-expediente": "A/SER-021324/2020", "referencia": "3785339", "tipo-de-contrato": "Servicios", "entidad-adjudicadora": "", "codigo-nuts": "ES300", "procedimiento-adjudicacion": "Abierto simplificado", "puntos-de-informacion": "", "defectos-u-omisiones-de-la-documentacion-publicados-el": "(Publicado el 11 noviembre 2020 19:45)"}