{"url": "https://www.madrid.org/cs/Satellite?c=CM_ConvocaPrestac_FA&cid=1354854984070&definicion=Contratos+Publicos&language=es&op2=PCON&pagename=PortalContratacion%2FPage%2FPCON_contratosPublicos&tipoServicio=CM_ConvocaPrestac_FA", "titulo": "Campa\u00f1a de actividades recreativas y de ocio dirigidas a Institutos de Educaci\u00f3n Secundaria, Centros de Educaci\u00f3n Especial y Centros Ocupacionales, de Formaci\u00f3n y Orientaci\u00f3n Laboral en el a\u00f1o 2021 de la Comunidad de Madrid, dividido en cuatro lotes", "status": "En tramitaci\u00f3n", "tipo-publicacion": "Tabl\u00f3n de anuncios electr\u00f3nico", "objeto-del-contrato": "Campa\u00f1a de actividades recreativas y de ocio dirigidas a Institutos de Educaci\u00f3n Secundaria, Centros de Educaci\u00f3n Especial y Centros Ocupacionales, de Formaci\u00f3n y Orientaci\u00f3n Laboral en el a\u00f1o 2021 de la Comunidad de Madrid, dividido en cuatro lotes", "codigo-cpv": "75121000-0", "compra-publica-innovadora": "No", "numero-de-expediente": "A/SER-037950/2020 (C-232A-006-20)", "referencia": "3838202", "tipo-de-contrato": "Servicios", "entidad-adjudicadora": "", "codigo-nuts": "ES300", "procedimiento-adjudicacion": "Abierto", "presupuesto-base-licitacion-(sin-impuestos)": "226.235,8 euros", "duracion-del-contrato": "10 Meses", "defectos-u-omisiones-de-la-documentacion-publicados-el": "(Publicado el 11 enero 2021 14:02)", "ofertas-anormales-o-desproporcionadas-publicadas-el": "(Publicado el 26 enero 2021 11:30)"}