{"url": "https://www.madrid.org/cs/Satellite?c=CM_ConvocaPrestac_FA&cid=1354767979317&definicion=Contratos+Publicos&language=es&op2=PCON&pagename=PortalContratacion%2FPage%2FPCON_contratosPublicos&tipoServicio=CM_ConvocaPrestac_FA", "titulo": "PA S 19-005 tabl\u00f3n de Anuncio", "status": "En tramitaci\u00f3n", "tipo-publicacion": "Tabl\u00f3n de anuncios electr\u00f3nico", "objeto-del-contrato": "", "codigo-cpv": "72000000-5", "compra-publica-innovadora": "No", "numero-de-expediente": "PA S 19-005", "referencia": "2790434", "tipo-de-contrato": "Servicios", "entidad-adjudicadora": "", "codigo-nuts": "ES300", "procedimiento-adjudicacion": "Abierto", "presupuesto-base-licitacion-(sin-impuestos)": "164.425 euros", "duracion-del-contrato": "24 Meses", "puntos-de-informacion": "* Obtenci\u00f3n de documentaci\u00f3n e informaci\u00f3n:", "defectos-u-omisiones-de-la-documentacion-publicados-el": "(Publicado el 08 abril 2019 15:01)"}