{"url": "https://www.madrid.org/cs/Satellite?c=CM_ConvocaPrestac_FA&cid=1354704718352&definicion=Contratos+Publicos&language=es&op2=PCON&pagename=PortalContratacion%2FPage%2FPCON_contratosPublicos&tipoServicio=CM_ConvocaPrestac_FA", "titulo": "Servicio para la redacci\u00f3n del estudio informativo del nuevo acceso de la carretera M-206 a Torrej\u00f3n de Ardoz en los t\u00e9rminos municipales de Torrej\u00f3n de Ardoz y San Fernando de Henares e informe de las alegaciones evacuadas en el tr\u00e1mite de informaci\u00f3n p\u00fablica", "status": "En tramitaci\u00f3n", "tipo-publicacion": "Tabl\u00f3n de anuncios electr\u00f3nico", "objeto-del-contrato": "Servicio para la redacci\u00f3n del estudio informativo del nuevo acceso de la carretera M-206 a Torrej\u00f3n de Ardoz en los t\u00e9rminos municipales de Torrej\u00f3n de Ardoz y San Fernando de Henares e informe de las alegaciones evacuadas en el tr\u00e1mite de informaci\u00f3n p\u00fablica", "numero-de-expediente": "A/SER-001744/2018", "referencia": "2182692", "tipo-de-contrato": "Servicios", "entidad-adjudicadora": "", "codigo-nuts": "ES300", "puntos-de-informacion": "Informaci\u00f3n y presentaci\u00f3n de la documentaci\u00f3n requerida:", "defectos-u-omisiones-de-la-documentacion-publicados-el": "(Publicado el 04 abril 2018 11:01)", "otras-informaciones-publicadas-el": "(Publicado el 19 abril 2018 12:02)"}