{"url": "https://www.madrid.org/cs/Satellite?c=CM_ConvocaPrestac_FA&cid=1354865962109&definicion=Contratos+Publicos&language=es&op2=PCON&pagename=PortalContratacion%2FPage%2FPCON_contratosPublicos&tipoServicio=CM_ConvocaPrestac_FA", "titulo": "Servicios para la realizaci\u00f3n de las pruebas radiodiagn\u00f3sticas en el Hospital Univeristario La Paz", "status": "En tramitaci\u00f3n", "tipo-publicacion": "Tabl\u00f3n de anuncios electr\u00f3nico", "objeto-del-contrato": "Servicios para la realizaci\u00f3n\u00a0de las pruebas radiodiagn\u00f3sticas en el Hospital Univeristario La Paz", "codigo-cpv": "85112200-9", "compra-publica-innovadora": "No", "numero-de-expediente": "P.A. (AM) 20/2020", "referencia": "3975187", "tipo-de-contrato": "Servicios", "entidad-adjudicadora": "", "codigo-nuts": "ES300", "procedimiento-adjudicacion": "Abierto", "fecha-publicacion-de-la-licitacion-en-el-bocm": "29 diciembre 2020", "puntos-de-informacion": ""}