{"url": "https://www.madrid.org/cs/Satellite?c=CM_ConvocaPrestac_FA&cid=1354894755179&definicion=Contratos+Publicos&language=es&op2=PCON&pagename=PortalContratacion%2FPage%2FPCON_contratosPublicos&tipoServicio=CM_ConvocaPrestac_FA", "titulo": "Mantenimiento de los edificios, locales e instalaciones de la Consejer\u00eda de Familia, Juventud y Pol\u00edtica Social a\u00f1os 2021-2023", "status": "En tramitaci\u00f3n", "tipo-publicacion": "Tabl\u00f3n de anuncios electr\u00f3nico", "objeto-del-contrato": "Servicio de mantenimiento integral que garantice la correcta conservaci\u00f3n y funcionalidad de los edificios, instalaciones y equipos de la Consejer\u00eda de Familia, Juventud y Pol\u00edtica Social, de tal manera que quede asegurada la continuidad de los servicios que se prestan a la sociedad madrile\u00f1a; la seguridad de los empleados p\u00fablicos y trabajadores que desarrollan su actividad en las diferentes dependencias, as\u00ed como la de los ciudadanos que acceden a ellas; y una mejor eficiencia energ\u00e9tica, en aras de conseguir una utilizaci\u00f3n m\u00e1s responsable y comprometida con el medio ambiente, todo ello bajo la observancia y estricto cumplimiento de la normativa que le sea de aplicaci\u00f3n en cada caso.", "numero-de-expediente": "113/2021", "referencia": "4292324", "tipo-de-contrato": "Servicios", "entidad-adjudicadora": "", "codigo-nuts": "ES300", "procedimiento-adjudicacion": "Abierto"}