{"url": "https://www.madrid.org/cs/Satellite?c=CM_ConvocaPrestac_FA&cid=1354737015634&definicion=Contratos+Publicos&language=es&op2=PCON&pagename=PortalContratacion%2FPage%2FPCON_contratosPublicos&tipoServicio=CM_ConvocaPrestac_FA", "titulo": "Atenci\u00f3n residencial y de centro de d\u00eda a personas adultas con discapacidad intelectual, gravemente afectadas, en el centro residencial \u201cBenita Gil\u201d de Vi\u00f1uelas (Guadalajara)", "status": "En tramitaci\u00f3n", "tipo-publicacion": "Tabl\u00f3n de anuncios electr\u00f3nico", "objeto-del-contrato": "", "numero-de-expediente": "005/2019", "referencia": "2654085", "tipo-de-contrato": "Servicios", "entidad-adjudicadora": "", "codigo-nuts": "ES300", "procedimiento-adjudicacion": "Negociado con publicidad", "defectos-u-omisiones-de-la-documentacion-publicados-el": "(Publicado el 14 enero 2019 10:32)"}