{"url": "https://www.madrid.org/cs/Satellite?c=CM_ConvocaPrestac_FA&cid=1354720694208&definicion=Contratos+Publicos&language=es&op2=PCON&pagename=PortalContratacion%2FPage%2FPCON_contratosPublicos&tipoServicio=CM_ConvocaPrestac_FA", "titulo": "Vigilancia y Seguridad en la Direcci\u00f3n de \u00c1rea Territorial de Madrid-Oeste, dependencia administrativa de la Consejer\u00eda de Educaci\u00f3n e Investigaci\u00f3n de la Comunidad de Madrid", "status": "En tramitaci\u00f3n", "tipo-publicacion": "Tabl\u00f3n de anuncios electr\u00f3nico", "objeto-del-contrato": "Vigilancia y Seguridad en la Direcci\u00f3n de \u00c1rea Territorial de Madrid-Oeste, dependencia administrativa de la Consejer\u00eda de Educaci\u00f3n e Investigaci\u00f3n de la Comunidad de Madrid", "codigo-cpv": "79710000-4", "numero-de-expediente": "A/SER-005994/2017", "referencia": "2456309", "tipo-de-contrato": "Servicios", "entidad-adjudicadora": "", "codigo-nuts": "ES300", "procedimiento-adjudicacion": "Abierto simplificado", "presupuesto-base-licitacion-(sin-impuestos)": "75.538,92 euros", "duracion-del-contrato": "16 Meses", "defectos-u-omisiones-de-la-documentacion-publicados-el": "(Publicado el 20 junio 2018 14:02)"}