{"url": "https://www.madrid.org/cs/Satellite?c=CM_ConvocaPrestac_FA&cid=1354888427579&definicion=Contratos+Publicos&language=es&op2=PCON&pagename=PortalContratacion%2FPage%2FPCON_contratosPublicos&tipoServicio=CM_ConvocaPrestac_FA", "titulo": "A/SER-026693/2021 Trabajos de Campo de Toma de Datos de la Explotaci\u00f3n de las Distintas Redes de Transporte de la Comunidad de Madrid (2021)", "status": "En tramitaci\u00f3n", "tipo-publicacion": "Tabl\u00f3n de anuncios electr\u00f3nico", "objeto-del-contrato": "", "codigo-cpv": "71311200-3", "numero-de-expediente": "A/SER-026693/2021", "referencia": "4166501", "tipo-de-contrato": "Servicios", "entidad-adjudicadora": "", "codigo-nuts": "ES300", "procedimiento-adjudicacion": "Abierto simplificado", "presupuesto-base-licitacion-(sin-impuestos)": "78.869,7 euros", "duracion-del-contrato": "5 Meses", "puntos-de-informacion": ""}