{"url": "https://www.madrid.org/cs/Satellite?c=CM_ConvocaPrestac_FA&cid=1354759764424&definicion=Contratos+Publicos&language=es&op2=PCON&pagename=PortalContratacion%2FPage%2FPCON_contratosPublicos&tipoServicio=CM_ConvocaPrestac_FA", "titulo": "Servicio de inspecci\u00f3n anual obligatoria y reposici\u00f3n de elementos auxiliares de elevaci\u00f3n pertenecientes al AMMM", "status": "En tramitaci\u00f3n", "tipo-publicacion": "Tabl\u00f3n de anuncios electr\u00f3nico", "objeto-del-contrato": "", "codigo-cpv": "50530000-9, 42410000-3, 42419900-5", "numero-de-expediente": "6011900037", "referencia": "2788662", "tipo-de-contrato": "Servicios", "entidad-adjudicadora": "", "codigo-nuts": "ES300", "procedimiento-adjudicacion": "Abierto", "defectos-u-omisiones-de-la-documentacion-publicados-el": "(Publicado el 18 febrero 2019 10:30)", "empresarios-excluidos-publicados-el": "(Publicado el 19 febrero 2019 11:31)"}