{"url": "https://www.madrid.org/cs/Satellite?c=CM_ConvocaPrestac_FA&cid=1354792311970&definicion=Contratos+Publicos&language=es&op2=PCON&pagename=PortalContratacion%2FPage%2FPCON_contratosPublicos&tipoServicio=CM_ConvocaPrestac_FA", "titulo": "Mantenimiento integral de los equipos del sistema de gesti\u00f3n de flotas del Cuerpo de Bomberos de la Comunidad de Madrid", "status": "En tramitaci\u00f3n", "tipo-publicacion": "Tabl\u00f3n de anuncios electr\u00f3nico", "objeto-del-contrato": "Mantenimiento integral de los equipos del sistema de gesti\u00f3n de flotas del Cuerpo de Bomberos de la Comunidad de Madrid", "codigo-cpv": "50610000-4", "numero-de-expediente": "A/SER-011267/2019", "referencia": "3258800", "tipo-de-contrato": "Servicios", "entidad-adjudicadora": "", "codigo-nuts": "ES300", "procedimiento-adjudicacion": "Abierto", "defectos-u-omisiones-de-la-documentacion-publicados-el": "(Publicado el 03 septiembre 2019 14:31)"}