{"url": "https://www.madrid.org/cs/Satellite?c=CM_ConvocaPrestac_FA&cid=1354752284305&definicion=Contratos+Publicos&language=es&op2=PCON&pagename=PortalContratacion%2FPage%2FPCON_contratosPublicos&tipoServicio=CM_ConvocaPrestac_FA", "titulo": "Impartici\u00f3n de la formaci\u00f3n en prevenci\u00f3n de riesgos laborales recogida en el VI Convenio General del Sector de la Construcci\u00f3n durante el a\u00f1o 2019 (2 lotes)", "status": "En tramitaci\u00f3n", "tipo-publicacion": "Tabl\u00f3n de anuncios electr\u00f3nico", "objeto-del-contrato": "Impartici\u00f3n de la formaci\u00f3n en prevenci\u00f3n de riesgos laborales recogida en el VI Convenio General del Sector de la Construcci\u00f3n durante el a\u00f1o 2019 (2 lotes)", "compra-publica-innovadora": "No", "numero-de-expediente": "C-494M/001-19 (A-SER-022162/2018)", "referencia": "2787087", "tipo-de-contrato": "Servicios", "entidad-adjudicadora": "", "codigo-nuts": "ES300", "procedimiento-adjudicacion": "Abierto", "puntos-de-informacion": "", "defectos-u-omisiones-de-la-documentacion-publicados-el": "(Publicado el 27 marzo 2019 10:02)", "ofertas-anormales-o-desproporcionadas-publicadas-el": "(Publicado el 30 enero 2019 13:02)"}