{"url": "https://www.madrid.org/cs/Satellite?c=CM_ConvocaPrestac_FA&cid=1354897719653&definicion=Contratos+Publicos&language=es&op2=PCON&pagename=PortalContratacion%2FPage%2FPCON_contratosPublicos&tipoServicio=CM_ConvocaPrestac_FA", "titulo": "Elaboraci\u00f3n de un conjunto de fichas de perfiles profesionales del mercado de trabajo de la Comunidad de Madrid, operaci\u00f3n cofinanciada por el Fondo Social Europeo, en el Programa Operativo de la Comunidad de Madrid 2014-2020", "status": "Plazo indefinido", "tipo-publicacion": "Tabl\u00f3n de anuncios electr\u00f3nico", "objeto-del-contrato": "Elaboraci\u00f3n de un conjunto de fichas de perfiles profesionales del mercado de trabajo de la Comunidad de Madrid, operaci\u00f3n cofinanciada por el Fondo Social Europeo, en el Programa Operativo de la Comunidad de Madrid 2014-2020.", "compra-publica-innovadora": "No", "numero-de-expediente": "C-241M/008-21 (A/SER-030195/2021)", "referencia": "4301412", "tipo-de-contrato": "Servicios", "entidad-adjudicadora": "", "codigo-nuts": "ES30", "procedimiento-adjudicacion": "Abierto simplificado", "presupuesto-base-licitacion-(sin-impuestos)": "41.778,88 euros", "duracion-del-contrato": "7 Meses", "puntos-de-informacion": "- \u00c1rea de Contrataci\u00f3n de la Secretar\u00eda General T\u00e9cnica. Consejer\u00eda de Econom\u00eda, Hacienda y Empleo. Comunidad de\u00a0Madrid."}