{"url": "https://www.madrid.org/cs/Satellite?c=CM_ConvocaPrestac_FA&cid=1354880306038&definicion=Contratos+Publicos&language=es&op2=PCON&pagename=PortalContratacion%2FPage%2FPCON_contratosPublicos&tipoServicio=CM_ConvocaPrestac_FA", "titulo": "Serviciosde traslado, dep\u00f3sito, custodia y consulta de portaobjetos, bloques de tejido incluidos en parafina e informes del servicio de anatom\u00eda patol\u00f3gica del Hospital Universitario La Paz-Carlos III-Cantoblanco", "status": "En tramitaci\u00f3n", "tipo-publicacion": "Tabl\u00f3n de anuncios electr\u00f3nico", "objeto-del-contrato": "Servicios de traslado, dep\u00f3sito, custodia y consulta de portaobjetos, bloques de tejido incluidos en parafina e informes del servicio de anatom\u00eda patol\u00f3gica del Hospital Universitario La Paz-Carlos III-Cantoblanco", "codigo-cpv": "60000000-8", "compra-publica-innovadora": "No", "numero-de-expediente": "P.A.S. 16/2021", "referencia": "4102869", "tipo-de-contrato": "Servicios", "entidad-adjudicadora": "", "codigo-nuts": "ES300", "procedimiento-adjudicacion": "Abierto simplificado"}