{"url": "https://www.madrid.org/cs/Satellite?c=CM_ConvocaPrestac_FA&cid=1354786926595&definicion=Contratos+Publicos&language=es&op2=PCON&pagename=PortalContratacion%2FPage%2FPCON_contratosPublicos&tipoServicio=CM_ConvocaPrestac_FA", "titulo": "21/2019 Tabl\u00f3n Anuncios Evaluaci\u00f3n asistencia sanitaria", "status": "En tramitaci\u00f3n", "tipo-publicacion": "Tabl\u00f3n de anuncios electr\u00f3nico", "numero-de-expediente": "21/2019 (A/SER-015702/2019)", "referencia": "3234278", "tipo-de-contrato": "Servicios", "entidad-adjudicadora": "", "codigo-nuts": "ES300", "defectos-u-omisiones-de-la-documentacion-publicados-el": "(Publicado el 02 septiembre 2019 13:01)"}