{"url": "https://www.madrid.org/cs/Satellite?c=CM_ConvocaPrestac_FA&cid=1354804368330&definicion=Contratos+Publicos&language=es&op2=PCON&pagename=PortalContratacion%2FPage%2FPCON_contratosPublicos&tipoServicio=CM_ConvocaPrestac_FA", "titulo": "Pruebas diagn\u00f3sticas PET-TAC con sedaci\u00f3n para pacientes adultos, pedi\u00e1tricos y lactantes para el H.U.La Paz", "status": "En tramitaci\u00f3n", "tipo-publicacion": "Tabl\u00f3n de anuncios electr\u00f3nico", "objeto-del-contrato": "Pruebas diagn\u00f3sticas PET-TAC con sedaci\u00f3n para pacientes adultos, pedi\u00e1tricos y lactantes", "codigo-cpv": "85112200-9", "compra-publica-innovadora": "No", "numero-de-expediente": "P.A.S. 47/2019.", "referencia": "3261196", "tipo-de-contrato": "Servicios", "entidad-adjudicadora": "", "codigo-nuts": "ES300", "procedimiento-adjudicacion": "Abierto simplificado"}