{"url": "https://www.madrid.org/cs/Satellite?c=CM_ConvocaPrestac_FA&cid=1354857530115&definicion=Contratos+Publicos&language=es&op2=PCON&pagename=PortalContratacion%2FPage%2FPCON_contratosPublicos&tipoServicio=CM_ConvocaPrestac_FA", "titulo": "Asistencia y defensa jur\u00eddica a menores tutelados por la Comisi\u00f3n de Tutela del Menor de la Comunidad de Madrid en el \u00e1mbito penal especifico de la Ley Org\u00e1nica 5/2000 de responsabilidad penal del menor (LORPM)", "status": "En tramitaci\u00f3n", "tipo-publicacion": "Tabl\u00f3n de anuncios electr\u00f3nico", "objeto-del-contrato": "Tiene por objeto la contrataci\u00f3n del servicio de asistencia y defensa letrada a los menores tutelados por la Comunidad de Madrid, que se encuentren detenidos o a disposici\u00f3n judicial, conforme la obligaci\u00f3n legal establecida por el art\u00edculo 74 de la Ley 6/1995, de 28 de marzo, de Garant\u00edas de los Derechos de la Infancia y la Adolescencia", "compra-publica-innovadora": "No", "numero-de-expediente": "014/2021", "referencia": "3877819", "tipo-de-contrato": "Servicios", "entidad-adjudicadora": "", "codigo-nuts": "ES300", "procedimiento-adjudicacion": "Abierto"}