{"url": "https://www.madrid.org/cs/Satellite?c=CM_ConvocaPrestac_FA&cid=1354880989773&definicion=Contratos+Publicos&language=es&op2=PCON&pagename=PortalContratacion%2FPage%2FPCON_contratosPublicos&tipoServicio=CM_ConvocaPrestac_FA", "titulo": "Tabl\u00f3n electr\u00f3nico Servicio de Direcci\u00f3n de obra, Direcci\u00f3n de ejecuci\u00f3n de obra y coordinaci\u00f3n de seguridad y salud de las obras de construcci\u00f3n y reforma del nuevo bloque t\u00e9cnico y de hospitalizaci\u00f3n del Hospital Universitario 12 de Octubre", "status": "En tramitaci\u00f3n", "tipo-publicacion": "Tabl\u00f3n de anuncios electr\u00f3nico", "objeto-del-contrato": "Servicio de Direcci\u00f3n de obra, Direcci\u00f3n de ejecuci\u00f3n de obra y coordinaci\u00f3n de seguridad y salud de las obras de construcci\u00f3n y reforma del nuevo bloque t\u00e9cnico y de hospitalizaci\u00f3n del Hospital Universitario 12 de Octubre", "compra-publica-innovadora": "No", "numero-de-expediente": "2021-0-41", "referencia": "4118568", "tipo-de-contrato": "Servicios", "entidad-adjudicadora": "", "codigo-nuts": "ES300", "procedimiento-adjudicacion": "Abierto", "puntos-de-informacion": ""}