{"url": "https://www.madrid.org/cs/Satellite?c=CM_ConvocaPrestac_FA&cid=1354809236707&definicion=Contratos+Publicos&language=es&op2=PCON&pagename=PortalContratacion%2FPage%2FPCON_contratosPublicos&tipoServicio=CM_ConvocaPrestac_FA", "titulo": "Servicios de mantenimiento y reparaci\u00f3n de equipos de medida en continuo del proyecto MINERVA y EVAs marca S:CAN Iberia Sistemas de Mediciones", "status": "En tramitaci\u00f3n", "estado-de-la-licitacion": "Pendiente adjudicaci\u00f3n", "tipo-publicacion": "Contratos adjudicados por procedimientos sin publicidad", "objeto-del-contrato": "Servicios de mantenimiento y reparaci\u00f3n de equipos de medida en continuo del proyecto MINERVA y EVAs marca S:CAN Iberia Sistemas de Mediciones", "codigo-cpv": "38430000-8", "numero-de-expediente": "99/2019", "referencia": "3354023", "tipo-de-contrato": "Servicios", "entidad-adjudicadora": "", "codigo-nuts": "ES300", "procedimiento-adjudicacion": "Negociado sin publicidad", "valor-estimado-sin-i.v.a": "897.000 euros", "presupuesto-base-licitacion-(sin-impuestos)": "897.000 euros", "presupuesto-base-licitacion.-importe-total": "1.085.370 euros", "duracion-del-contrato": "2 A\u00f1os"}