{"url": "https://www.madrid.org/cs/Satellite?c=CM_ConvocaPrestac_FA&cid=1354887026039&definicion=Contratos+Publicos&language=es&op2=PCON&pagename=PortalContratacion%2FPage%2FPCON_contratosPublicos&tipoServicio=CM_ConvocaPrestac_FA", "titulo": "Servicios para la gesti\u00f3n de la escuela infantil El Arlequ\u00edn de Rivas Vaciamadrid", "status": "En tramitaci\u00f3n", "tipo-publicacion": "Tabl\u00f3n de anuncios electr\u00f3nico", "objeto-del-contrato": "Servicios para la gesti\u00f3n de la escuela infantil\u00a0 El Arlequ\u00edn de Rivas Vaciamadrid", "codigo-cpv": "80110000-8", "numero-de-expediente": "A/SER-018119/2021 (322A-007-21)", "referencia": "4149482", "tipo-de-contrato": "Servicios", "entidad-adjudicadora": "", "codigo-nuts": "ES30", "procedimiento-adjudicacion": "Abierto", "presupuesto-base-licitacion-(sin-impuestos)": "1.844.608,26 euros", "duracion-del-contrato": "3 A\u00f1os", "defectos-u-omisiones-de-la-documentacion-publicados-el": "(Publicado el 19 julio 2021 16:00)", "ofertas-anormales-o-desproporcionadas-publicadas-el": "(Publicado el 29 julio 2021 13:00)"}