{"url": "https://www.madrid.org/cs/Satellite?c=CM_ConvocaPrestac_FA&cid=1354795380456&definicion=Contratos+Publicos&language=es&op2=PCON&pagename=PortalContratacion%2FPage%2FPCON_contratosPublicos&tipoServicio=CM_ConvocaPrestac_FA", "titulo": "Servicios para el montaje y desmontaje de la exposici\u00f3n \"De Palacio Arzobispal a casa de los arque\u00f3logos\" en el Museo Arqueol\u00f3gico Regional de la Comunidad de Madrid", "status": "En tramitaci\u00f3n", "tipo-publicacion": "Tabl\u00f3n de anuncios electr\u00f3nico", "codigo-cpv": "79956000-0", "compra-publica-innovadora": "No", "numero-de-expediente": "C-333A/014-19  (A/SER-016735/2019)", "referencia": "3259293", "tipo-de-contrato": "Servicios", "entidad-adjudicadora": "", "codigo-nuts": "ES300", "procedimiento-adjudicacion": "Abierto simplificado", "duracion-del-contrato": "204 D\u00edas", "defectos-u-omisiones-de-la-documentacion-publicados-el": "(Publicado el 18 septiembre 2019 15:15)"}