{"url": "https://www.madrid.org/cs/Satellite?c=CM_ConvocaPrestac_FA&cid=1354840387794&definicion=Contratos+Publicos&language=es&op2=PCON&pagename=PortalContratacion%2FPage%2FPCON_contratosPublicos&tipoServicio=CM_ConvocaPrestac_FA", "titulo": "Programa de terapia asistida con perros para personas con discpacidad intelectual en trece centros adscritos a la Agencia Madrile\u00f1a de Atenci\u00f3n Social", "status": "Plazo indefinido", "tipo-publicacion": "Tabl\u00f3n de anuncios electr\u00f3nico", "objeto-del-contrato": "Programa de terapia asistida con perros para personas con discapacidad intelectual en trece Centros adscritos a la Agencia Madrile\u00f1a de Atenci\u00f3n\u00a0Social", "codigo-cpv": "85320000-8", "numero-de-expediente": "A/SER-012821/2020", "referencia": "3715250", "tipo-de-contrato": "Servicios", "entidad-adjudicadora": "", "codigo-nuts": "ES300", "procedimiento-adjudicacion": "Abierto simplificado", "presupuesto-base-licitacion-(sin-impuestos)": "44.928 euros", "duracion-del-contrato": "12 Meses", "puntos-de-informacion": "", "empresarios-excluidos-publicados-el": "(Publicado el 31 julio 2020 12:30)"}