{"url": "https://www.madrid.org/cs/Satellite?c=CM_ConvocaPrestac_FA&cid=1354851605185&definicion=Contratos+Publicos&language=es&op2=PCON&pagename=PortalContratacion%2FPage%2FPCON_contratosPublicos&tipoServicio=CM_ConvocaPrestac_FA", "titulo": "Servicios de atenci\u00f3n educativa a los alumnos con necesidades educativas especiales asociadas a discapacidad auditiva, escolarizados en centros docentes sostenidos con fondos p\u00fablicos mediante la prestaci\u00f3n del servicio por parte de asesores sordos/especialistas en lengua de signos", "status": "En tramitaci\u00f3n", "tipo-publicacion": "Tabl\u00f3n de anuncios electr\u00f3nico", "objeto-del-contrato": "Servicios de atenci\u00f3n educativa a los alumnos con necesidades educativas especiales asociadas a discapacidad auditiva, escolarizados en centros docentes sostenidos con fondos p\u00fablicos mediante la prestaci\u00f3n del servicio por parte de asesores sordos/especialistas en lengua de signos", "codigo-cpv": "80340000-9", "compra-publica-innovadora": "No", "numero-de-expediente": "A/SER-033336/2020 (C-322A-010-20)", "referencia": "3771041", "tipo-de-contrato": "Servicios", "entidad-adjudicadora": "", "codigo-nuts": "ES300", "procedimiento-adjudicacion": "Abierto", "presupuesto-base-licitacion-(sin-impuestos)": "227.162,73 euros", "duracion-del-contrato": "11 Meses", "puntos-de-informacion": ""}