{"url": "https://www.madrid.org/cs/Satellite?c=CM_ConvocaPrestac_FA&cid=1354774926424&definicion=Contratos+Publicos&language=es&op2=PCON&pagename=PortalContratacion%2FPage%2FPCON_contratosPublicos&tipoServicio=CM_ConvocaPrestac_FA", "titulo": "Contrato privado de servicios de P\u00f3lizas de Seguros del IMIDRA 2019-2020 (3 lotes)", "status": "Plazo indefinido", "tipo-publicacion": "Tabl\u00f3n de anuncios electr\u00f3nico", "objeto-del-contrato": "Contrataci\u00f3n de las p\u00f3lizas de seguros de responsabilidad civil/patrimonial, da\u00f1os materiales y autom\u00f3viles del IMIDRA 2019-2020 (3 lotes)", "compra-publica-innovadora": "No", "numero-de-expediente": "P/SER-007962/2019", "referencia": "2989540", "tipo-de-contrato": "Servicios", "entidad-adjudicadora": "", "codigo-nuts": "ES300", "procedimiento-adjudicacion": "Abierto", "puntos-de-informacion": "", "defectos-u-omisiones-de-la-documentacion-publicados-el": "(Publicado el 28 mayo 2019 10:34)", "empresarios-excluidos-publicados-el": "(Publicado el 28 mayo 2019 10:34)", "ofertas-anormales-o-desproporcionadas-publicadas-el": "06 junio 2019"}