{"url": "https://www.madrid.org/cs/Satellite?c=CM_ConvocaPrestac_FA&cid=1354895636569&definicion=Contratos+Publicos&language=es&op2=PCON&pagename=PortalContratacion%2FPage%2FPCON_contratosPublicos&tipoServicio=CM_ConvocaPrestac_FA", "titulo": "Limpieza en diversas dependencias de la Consejer\u00eda de Medio Ambiente, Ordenaci\u00f3n del Territorio y Sostenibilidad (actualmente, Consejer\u00eda de Medio Ambiente, Vivienda y Agricultura)", "status": "En tramitaci\u00f3n", "tipo-publicacion": "Tabl\u00f3n de anuncios electr\u00f3nico", "objeto-del-contrato": "Limpieza en diversas dependencias de la Consejer\u00eda de Medio Ambiente, Ordenaci\u00f3n del Territorio y Sostenibilidad (actualmente, Consejer\u00eda de Medio Ambiente, Vivienda y Agricultura)", "codigo-cpv": "90911200-8", "compra-publica-innovadora": "No", "numero-de-expediente": "A/SER-010073/2021 (2-C/22)", "referencia": "4301002", "tipo-de-contrato": "Servicios", "entidad-adjudicadora": "", "codigo-nuts": "ES300", "procedimiento-adjudicacion": "Abierto", "presupuesto-base-licitacion-(sin-impuestos)": "1.292.178,34 euros", "duracion-del-contrato": "24 Meses", "puntos-de-informacion": "Obtenci\u00f3n de informaci\u00f3n:"}