{"url": "https://www.madrid.org/cs/Satellite?c=CM_ConvocaPrestac_FA&cid=1354895017186&definicion=Contratos+Publicos&language=es&op2=PCON&pagename=PortalContratacion%2FPage%2FPCON_contratosPublicos&tipoServicio=CM_ConvocaPrestac_FA", "titulo": "Servicio de inspecci\u00f3n, vigilancia y apoyo para los proyectos y obras de instalaciones de ventilaci\u00f3n y climatizaci\u00f3n", "status": "En tramitaci\u00f3n", "tipo-publicacion": "Tabl\u00f3n de anuncios electr\u00f3nico", "objeto-del-contrato": "Servicio de inspecci\u00f3n, vigilancia y apoyo para los proyectos y obras de instalaciones de ventilaci\u00f3n y climatizaci\u00f3n", "codigo-cpv": "71356300-1, 71520000-9, 71631000-0", "numero-de-expediente": "6012100181", "referencia": "4293862", "tipo-de-contrato": "Servicios", "entidad-adjudicadora": "", "codigo-nuts": "ES300", "procedimiento-adjudicacion": "Abierto", "defectos-u-omisiones-de-la-documentacion-publicados-el": "(Publicado el 27 septiembre 2021 11:45)", "empresarios-excluidos-publicados-el": "(Publicado el 08 septiembre 2021 09:45)"}