{"url": "https://www.madrid.org/cs/Satellite?c=CM_ConvocaPrestac_FA&cid=1354853692205&definicion=Contratos+Publicos&language=es&op2=PCON&pagename=PortalContratacion%2FPage%2FPCON_contratosPublicos&tipoServicio=CM_ConvocaPrestac_FA", "titulo": "Gesti\u00f3n del Centro de D\u00eda y Pisos Tutelados para la atenci\u00f3n a personas mayores Mar\u00eda Or\u00fae", "status": "En tramitaci\u00f3n", "tipo-publicacion": "Tabl\u00f3n de anuncios electr\u00f3nico", "objeto-del-contrato": "Servicio para la gesti\u00f3n del centro de d\u00eda y pisos tutelados para la atenci\u00f3n a personas mayores Mar\u00eda Or\u00fae", "codigo-cpv": "85312100-0, 85311000-2", "compra-publica-innovadora": "No", "numero-de-expediente": "189/2020", "referencia": "3785358", "tipo-de-contrato": "Servicios", "entidad-adjudicadora": "", "codigo-nuts": "ES300", "procedimiento-adjudicacion": "Abierto"}