{"url": "https://www.madrid.org/cs/Satellite?c=CM_ConvocaPrestac_FA&cid=1354852239109&definicion=Contratos+Publicos&language=es&op2=PCON&pagename=PortalContratacion%2FPage%2FPCON_contratosPublicos&tipoServicio=CM_ConvocaPrestac_FA", "titulo": "Servicio de Asistencia T\u00e9cnica para la inspecci\u00f3n del estado actual, propuesta de medidas correctoras, emisi\u00f3n de informes y anteproyectos, proyectos b\u00e1sicos y de ejecuci\u00f3n, y direcci\u00f3n facultativa de actuaciones de eficiencia energ\u00e9tica, de seis edificios del patrimonio inmobiliario de la Agencia de Vivienda Social de la Comunidad de Madrid", "status": "Plazo indefinido", "tipo-publicacion": "Tabl\u00f3n de anuncios electr\u00f3nico", "objeto-del-contrato": "", "referencia": "3771434", "tipo-de-contrato": "Servicios", "entidad-adjudicadora": "", "codigo-nuts": "ES300", "procedimiento-adjudicacion": "Abierto", "defectos-u-omisiones-de-la-documentacion-publicados-el": "(Publicado el 06 mayo 2021 13:46)", "ofertas-anormales-o-desproporcionadas-publicadas-el": "(Publicado el 12 marzo 2021 10:31)"}