{"url": "https://www.madrid.org/cs/Satellite?c=CM_ConvocaPrestac_FA&cid=1354886003095&definicion=Contratos+Publicos&language=es&op2=PCON&pagename=PortalContratacion%2FPage%2FPCON_contratosPublicos&tipoServicio=CM_ConvocaPrestac_FA", "titulo": "Servicio para la gesti\u00f3n de la Escuela Infantil Rodari de Alcorc\u00f3n, de Madrid", "status": "Plazo indefinido", "tipo-publicacion": "Tabl\u00f3n de anuncios electr\u00f3nico", "objeto-del-contrato": "Servicio para la gesti\u00f3n de la Escuela Infantil Rodari de Alcorc\u00f3n, de Madrid", "codigo-cpv": "80110000-8", "numero-de-expediente": "A/SER-017789-2021 (322A-003-21)", "referencia": "4149272", "tipo-de-contrato": "Servicios", "entidad-adjudicadora": "", "codigo-nuts": "ES300", "procedimiento-adjudicacion": "Abierto", "presupuesto-base-licitacion-(sin-impuestos)": "653.144,58 euros", "duracion-del-contrato": "3 A\u00f1os", "defectos-u-omisiones-de-la-documentacion-publicados-el": "(Publicado el 12 julio 2021 18:00)"}