{"url": "https://www.madrid.org/cs/Satellite?c=CM_ConvocaPrestac_FA&cid=1354852675231&definicion=Contratos+Publicos&language=es&op2=PCON&pagename=PortalContratacion%2FPage%2FPCON_contratosPublicos&tipoServicio=CM_ConvocaPrestac_FA", "titulo": "Contrato de servicio de apoyo residencial al tratamiento ambulatorio de adictos a drogas en situaci\u00f3n de exclusi\u00f3n (25 plazas)", "status": "En tramitaci\u00f3n", "tipo-publicacion": "Tabl\u00f3n de anuncios electr\u00f3nico", "objeto-del-contrato": "Contrato de servicio de apoyo residencial al tratamiento ambulatorio de adictos a drogas en situaci\u00f3n de exclusi\u00f3n (25 plazas)", "codigo-cpv": "85000000-9", "compra-publica-innovadora": "No", "numero-de-expediente": "PA SER 23/2020", "referencia": "3772412", "tipo-de-contrato": "Servicios", "entidad-adjudicadora": "", "codigo-nuts": "ES300", "procedimiento-adjudicacion": "Abierto", "presupuesto-base-licitacion-(sin-impuestos)": "1.566.032,5 euros", "duracion-del-contrato": "24 Meses"}