{"url": "https://www.madrid.org/cs/Satellite?c=CM_ConvocaPrestac_FA&cid=1354874524985&definicion=Contratos+Publicos&language=es&op2=PCON&pagename=PortalContratacion%2FPage%2FPCON_contratosPublicos&tipoServicio=CM_ConvocaPrestac_FA", "titulo": "Ejecuci\u00f3n a nivel de laboratorio de los programas de vigilancia, control y erradicaci\u00f3n de las enfermedades de los animales", "status": "En tramitaci\u00f3n", "tipo-publicacion": "Tabl\u00f3n de anuncios electr\u00f3nico", "objeto-del-contrato": "Ejecuci\u00f3n a nivel de laboratorio de los programas de vigilancia, control y erradicaci\u00f3n de las enfermedades de los animales.", "codigo-cpv": "85200000-1", "numero-de-expediente": "A/SER-004141/2021 (7-D/21)", "referencia": "4027006", "tipo-de-contrato": "Servicios", "entidad-adjudicadora": "", "codigo-nuts": "ES300", "procedimiento-adjudicacion": "Abierto simplificado", "presupuesto-base-licitacion-(sin-impuestos)": "122.447,21 euros", "duracion-del-contrato": "12 Meses", "puntos-de-informacion": "* Obtenci\u00f3n de informaci\u00f3n: No se atender\u00e1 presencialmente.", "empresarios-excluidos-publicados-el": "(Publicado el 15 abril 2021 13:00)"}