{"url": "https://www.madrid.org/cs/Satellite?c=CM_ConvocaPrestac_FA&cid=1354854660238&definicion=Contratos+Publicos&language=es&op2=PCON&pagename=PortalContratacion%2FPage%2FPCON_contratosPublicos&tipoServicio=CM_ConvocaPrestac_FA", "titulo": "Servicio de Codificaci\u00f3n de episodios asistenciales en el Hospital Universitario Puerta de Hierro de Majadahonda", "status": "En tramitaci\u00f3n", "tipo-publicacion": "Tabl\u00f3n de anuncios electr\u00f3nico", "objeto-del-contrato": "Servicio de Codificaci\u00f3n de episodios asistenciales en el Hospital Universitario Puerta de Hierro de Majadahonda, Madrid", "codigo-cpv": "72310000-1", "numero-de-expediente": "GCASE 2020-66-SIMP", "referencia": "3820074", "tipo-de-contrato": "Servicios", "entidad-adjudicadora": "", "codigo-nuts": "ES300", "procedimiento-adjudicacion": "Abierto", "presupuesto-base-licitacion-(sin-impuestos)": "63.281,77 euros", "duracion-del-contrato": "4 Meses", "puntos-de-informacion": "", "defectos-u-omisiones-de-la-documentacion-publicados-el": "(Publicado el 24 noviembre 2020 11:45)"}