{"url": "https://www.madrid.org/cs/Satellite?c=CM_ConvocaPrestac_FA&cid=1354783309701&definicion=Contratos+Publicos&language=es&op2=PCON&pagename=PortalContratacion%2FPage%2FPCON_contratosPublicos&tipoServicio=CM_ConvocaPrestac_FA", "titulo": "Servicio para la gesti\u00f3n de la Escuela Infantil ARCE de Madrid", "status": "Plazo indefinido", "tipo-publicacion": "Tabl\u00f3n de anuncios electr\u00f3nico", "objeto-del-contrato": "Servicio para la gesti\u00f3n de la Escuela Infantil ARCE de Madrid", "codigo-cpv": "80110000-8", "numero-de-expediente": "A/SER-012007/2019 (C-322A/004-19)", "referencia": "3150305", "tipo-de-contrato": "Servicios", "entidad-adjudicadora": "", "codigo-nuts": "ES300", "procedimiento-adjudicacion": "Abierto", "presupuesto-base-licitacion-(sin-impuestos)": "633.086,52 euros", "duracion-del-contrato": "24 Meses", "defectos-u-omisiones-de-la-documentacion-publicados-el": "(Publicado el 21 octubre 2019 14:33)"}