{"url": "https://www.madrid.org/cs/Satellite?c=CM_ConvocaPrestac_FA&cid=1354857745133&definicion=Contratos+Publicos&language=es&op2=PCON&pagename=PortalContratacion%2FPage%2FPCON_contratosPublicos&tipoServicio=CM_ConvocaPrestac_FA", "titulo": "Apoyo cualificado al seguimiento de las autorizaciones ambientales integradas concedidas y los sistemas de su solicitud en la Comunidad de Madrid, derivados de la aplicaci\u00f3n de la Directiva de Emisiones Industriales y a la exigencia de garant\u00eda financiera 2021 a 2022", "status": "En tramitaci\u00f3n", "tipo-publicacion": "Tabl\u00f3n de anuncios electr\u00f3nico", "objeto-del-contrato": "Apoyo cualificado al seguimiento de las autorizaciones ambientales integradas concedidas y los sistemas de su solicitud en la Comunidad de Madrid, derivados de la aplicaci\u00f3n de la Directiva de Emisiones Industriales y a la exigencia de garant\u00eda financiera 2021 a 2022", "codigo-cpv": "90710000-7", "compra-publica-innovadora": "No", "numero-de-expediente": "A/SER-025059/2020 (2-D/21)", "referencia": "3877864", "tipo-de-contrato": "Servicios", "entidad-adjudicadora": "", "codigo-nuts": "ES300", "procedimiento-adjudicacion": "Abierto", "presupuesto-base-licitacion-(sin-impuestos)": "198.493,3 euros", "duracion-del-contrato": "15 Meses", "puntos-de-informacion": "* Obtenci\u00f3n de informaci\u00f3n: No se atender\u00e1 presencialmente.", "empresarios-excluidos-publicados-el": "(Publicado el 19 enero 2021 11:31)"}