{"url": "https://www.madrid.org/cs/Satellite?c=CM_ConvocaPrestac_FA&cid=1354889059789&definicion=Contratos+Publicos&language=es&op2=PCON&pagename=PortalContratacion%2FPage%2FPCON_contratosPublicos&tipoServicio=CM_ConvocaPrestac_FA", "titulo": "Acuerdo marco para los servicios de producci\u00f3n de actos institucionales y eventos de Metro de Madrid.", "status": "En tramitaci\u00f3n", "tipo-publicacion": "Tabl\u00f3n de anuncios electr\u00f3nico", "objeto-del-contrato": "Acuerdo marco para los servicios de producci\u00f3n de actos institucionales y eventos de Metro de Madrid.", "codigo-cpv": "79950000-8, 79952000-2, 79956000-0", "compra-publica-innovadora": "No", "numero-de-expediente": "6012100182", "referencia": "4166601", "tipo-de-contrato": "Servicios", "entidad-adjudicadora": "", "codigo-nuts": "ES300", "procedimiento-adjudicacion": "Abierto", "defectos-u-omisiones-de-la-documentacion-publicados-el": "(Publicado el 24 septiembre 2021 11:45)", "empresarios-excluidos-publicados-el": "(Publicado el 08 septiembre 2021 10:30)"}