{"url": "https://www.madrid.org/cs/Satellite?c=CM_ConvocaPrestac_FA&cid=1354749779642&definicion=Contratos+Publicos&language=es&op2=PCON&pagename=PortalContratacion%2FPage%2FPCON_contratosPublicos&tipoServicio=CM_ConvocaPrestac_FA", "titulo": "Tabl\u00f3n Direcci\u00f3n facultativa de la obra de construcci\u00f3n del C.S. Ensanche de Vallecas", "status": "En tramitaci\u00f3n", "tipo-publicacion": "Tabl\u00f3n de anuncios electr\u00f3nico", "objeto-del-contrato": "Direcci\u00f3n facultativa de la obra de construcci\u00f3n del Centro\u00a0Salud\u00a0Ensanche de Vallecas", "codigo-cpv": "71247000-1", "compra-publica-innovadora": "No", "numero-de-expediente": "A/SER-022504/2018", "referencia": "2765387", "tipo-de-contrato": "Servicios", "entidad-adjudicadora": "", "codigo-nuts": "ES300", "procedimiento-adjudicacion": "Abierto simplificado", "duracion-del-contrato": "5 Meses", "puntos-de-informacion": "", "ofertas-anormales-o-desproporcionadas-publicadas-el": "(Publicado el 07 diciembre 2018 10:02)"}