{"url": "https://www.madrid.org/cs/Satellite?c=CM_ConvocaPrestac_FA&cid=1354882296657&definicion=Contratos+Publicos&language=es&op2=PCON&pagename=PortalContratacion%2FPage%2FPCON_contratosPublicos&tipoServicio=CM_ConvocaPrestac_FA", "titulo": "Servicios de telecomunicaciones de la Comunidad de Madrid (7 lotes)", "status": "En tramitaci\u00f3n", "tipo-publicacion": "Tabl\u00f3n de anuncios electr\u00f3nico", "objeto-del-contrato": "Servicios de telecomunicaciones de la Comunidad de Madrid (7 lotes)", "numero-de-expediente": "ECON/000293/2020", "referencia": "4118815", "tipo-de-contrato": "Servicios", "entidad-adjudicadora": "", "codigo-nuts": "ES300", "procedimiento-adjudicacion": "Abierto", "defectos-u-omisiones-de-la-documentacion-publicados-el": "(Publicado el 12 julio 2021 18:00)", "ofertas-anormales-o-desproporcionadas-publicadas-el": "(Publicado el 22 septiembre 2021 17:30)"}