{"url": "https://www.madrid.org/cs/Satellite?c=CM_ConvocaPrestac_FA&cid=1354884246597&definicion=Contratos+Publicos&language=es&op2=PCON&pagename=PortalContratacion%2FPage%2FPCON_contratosPublicos&tipoServicio=CM_ConvocaPrestac_FA", "titulo": "Apoyo educativo domicialirio destinado a alumnos escolarizados en r\u00e9gimen privado en 2\u00ba ciclo de Educaci\u00f3n Infantil, Educaci\u00f3n Primaria, Educaci\u00f3n Secundaria Obligatoria y Bachillerato", "status": "En tramitaci\u00f3n", "tipo-publicacion": "Tabl\u00f3n de anuncios electr\u00f3nico", "objeto-del-contrato": "Realizaci\u00f3n de los servicios consistentes en proporcionar la atenci\u00f3n educativa adecuada en el domicilio de los alumnos en convalecencia prolongada, escolarizados en 2\u00ba ciclo de Educaci\u00f3n Infantil, Educaci\u00f3n Secundaria o Bachillerato en r\u00e9gimen privado no concertado, para evitar en desfase escolar que pudiera derivarse de esta situaci\u00f3n.", "codigo-cpv": "80000000-4", "compra-publica-innovadora": "No", "numero-de-expediente": "A/SER-024932/2021 (C-323M-001-2021)", "referencia": "4145541", "tipo-de-contrato": "Servicios", "entidad-adjudicadora": "", "codigo-nuts": "ES300", "procedimiento-adjudicacion": "Abierto", "presupuesto-base-licitacion-(sin-impuestos)": "45.556,06 euros", "duracion-del-contrato": "11 Meses", "puntos-de-informacion": ""}