{"url": "https://www.madrid.org/cs/Satellite?c=CM_ConvocaPrestac_FA&cid=1354762558010&definicion=Contratos+Publicos&language=es&op2=PCON&pagename=PortalContratacion%2FPage%2FPCON_contratosPublicos&tipoServicio=CM_ConvocaPrestac_FA", "titulo": "Servicio de tapicer\u00eda para el Hospital U. la Princesa y sus centros dependientes", "status": "En tramitaci\u00f3n", "tipo-publicacion": "Tabl\u00f3n de anuncios electr\u00f3nico", "objeto-del-contrato": "Servicio de tapicer\u00eda para\u00a0el\u00a0Hospital Universitario de la Princesa, Centro de especialidades Hermanos Garc\u00eda Noblejas, Centro de salud mental Chamart\u00edn y Centro de salud mental Salamanca.", "codigo-cpv": "50850000-8", "numero-de-expediente": "P.A. 14/2019 HUP", "referencia": "2789257", "tipo-de-contrato": "Servicios", "entidad-adjudicadora": "", "codigo-nuts": "ES300", "procedimiento-adjudicacion": "Abierto", "presupuesto-base-licitacion-(sin-impuestos)": "60.000 euros", "duracion-del-contrato": "24 Meses", "puntos-de-informacion": "", "defectos-u-omisiones-de-la-documentacion-publicados-el": "(Publicado el 05 abril 2019 14:30)"}