{"url": "https://www.madrid.org/cs/Satellite?c=CM_ConvocaPrestac_FA&cid=1354742929789&definicion=Contratos+Publicos&language=es&op2=PCON&pagename=PortalContratacion%2FPage%2FPCON_contratosPublicos&tipoServicio=CM_ConvocaPrestac_FA", "titulo": "Gesti\u00f3n integral de un Programa de apoyo a la inserci\u00f3n sociolaboral y de un Grupo educativo adscritos a la Agencia para la Reeducaci\u00f3n y Reinserci\u00f3n del Menor Infractor, para la ejecuci\u00f3n de medidas y otras actuaciones de medio abierto previstas en la Ley Org\u00e1nica reguladora de la Responsabilidad penal de los menores (2 Lotes)", "status": "En tramitaci\u00f3n", "tipo-publicacion": "Tabl\u00f3n de anuncios electr\u00f3nico", "numero-de-expediente": "A/SER-013760/2018", "referencia": "2655236", "tipo-de-contrato": "Servicios", "entidad-adjudicadora": "", "codigo-nuts": "ES300", "procedimiento-adjudicacion": "Abierto", "defectos-u-omisiones-de-la-documentacion-publicados-el": "(Publicado el 29 octubre 2018 11:01)"}