{"url": "https://www.madrid.org/cs/Satellite?c=CM_ConvocaPrestac_FA&cid=1354777040278&definicion=Contratos+Publicos&language=es&op2=PCON&pagename=PortalContratacion%2FPage%2FPCON_contratosPublicos&tipoServicio=CM_ConvocaPrestac_FA", "titulo": "Concurso de proyectos con intervenci\u00f3n de jurado, para la contrataci\u00f3n de servicios de redacci\u00f3n de los proyectos y direcci\u00f3n de las obras de reforma integral del complejo Hospitalario Universitario La Paz", "status": "En tramitaci\u00f3n", "tipo-publicacion": "Tabl\u00f3n de anuncios electr\u00f3nico", "objeto-del-contrato": "", "codigo-cpv": "71000000-8", "compra-publica-innovadora": "No", "numero-de-expediente": "P.5/2019", "referencia": "3143599", "tipo-de-contrato": "Servicios", "entidad-adjudicadora": "", "codigo-nuts": "ES300", "procedimiento-adjudicacion": "Concurso de proyectos", "duracion-del-contrato": "Meses"}