{"url": "https://www.madrid.org/cs/Satellite?c=CM_ConvocaPrestac_FA&cid=1354860961452&definicion=Contratos+Publicos&language=es&op2=PCON&pagename=PortalContratacion%2FPage%2FPCON_contratosPublicos&tipoServicio=CM_ConvocaPrestac_FA", "titulo": "Servicio para la redacci\u00f3n de estrategia de seguridad vial para la Comunidad de Madrid 2021-2030", "status": "Plazo indefinido", "tipo-publicacion": "Tabl\u00f3n de anuncios electr\u00f3nico", "objeto-del-contrato": "Servicio para la redacci\u00f3n de estrategia de seguridad vial para la Comunidad de Madrid 2021-2030", "numero-de-expediente": "A/SER-037579/2020", "referencia": "3891412", "tipo-de-contrato": "Servicios", "entidad-adjudicadora": "", "codigo-nuts": "ES300", "procedimiento-adjudicacion": "Abierto simplificado", "defectos-u-omisiones-de-la-documentacion-publicados-el": "(Publicado el 20 abril 2021 10:16)", "ofertas-anormales-o-desproporcionadas-publicadas-el": "(Publicado el 25 febrero 2021 10:01)"}