{"url": "https://www.madrid.org/cs/Satellite?c=CM_ConvocaPrestac_FA&cid=1354731564020&definicion=Contratos+Publicos&language=es&op2=PCON&pagename=PortalContratacion%2FPage%2FPCON_contratosPublicos&tipoServicio=CM_ConvocaPrestac_FA", "titulo": "Programa de intervenci\u00f3n con mayores en situaci\u00f3n de riesgo mediante la realizaci\u00f3n de talleres en siete Centros de Mayores adscritos a la Agencia Madrile\u00f1a de Atenci\u00f3n Social", "status": "En tramitaci\u00f3n", "tipo-publicacion": "Tabl\u00f3n de anuncios electr\u00f3nico", "objeto-del-contrato": "Programa de intervenci\u00f3n con mayores en situaci\u00f3n de riesgo mediante la realizaci\u00f3n de talleres en siete Centros de Mayores adscritos a la Agencia Madrile\u00f1a de Atenci\u00f3n Social", "numero-de-expediente": "A/SER-006870/2018", "referencia": "2652992", "tipo-de-contrato": "Servicios", "entidad-adjudicadora": "", "codigo-nuts": "ES300", "procedimiento-adjudicacion": "Abierto", "defectos-u-omisiones-de-la-documentacion-publicados-el": "(Publicado el 24 octubre 2018 14:30)", "ofertas-anormales-o-desproporcionadas-publicadas-el": "(Publicado el 18 septiembre 2018 12:30)"}