{"url": "https://www.madrid.org/cs/Satellite?c=CM_ConvocaPrestac_FA&cid=1354758548690&definicion=Contratos+Publicos&language=es&op2=PCON&pagename=PortalContratacion%2FPage%2FPCON_contratosPublicos&tipoServicio=CM_ConvocaPrestac_FA", "titulo": "Mantenimiento y soporte de la aplicaci\u00f3n GACELA HIS para centros dependientes del Servicio Madle\u00f1o de salud de la Consejer\u00eda de Sanidad de la Comunidad de Madrid", "status": "En tramitaci\u00f3n", "tipo-publicacion": "Tabl\u00f3n de anuncios electr\u00f3nico", "objeto-del-contrato": "Mantenimiento y soporte de la aplicaci\u00f3n GACELA HIS para centros dependientes del Servicio Madrile\u00f1o de salud de la Consejer\u00eda de Sanidad de la Comunidad de Madrid", "codigo-cpv": "72267100-0", "compra-publica-innovadora": "No", "numero-de-expediente": "PASA 2/2019-INF (A/SER-000983/2019)", "referencia": "2788403", "tipo-de-contrato": "Servicios", "entidad-adjudicadora": "", "codigo-nuts": "ES300", "procedimiento-adjudicacion": "Abierto simplificado"}