{"url": "https://www.madrid.org/cs/Satellite?c=CM_ConvocaPrestac_FA&cid=1354797384265&definicion=Contratos+Publicos&language=es&op2=PCON&pagename=PortalContratacion%2FPage%2FPCON_contratosPublicos&tipoServicio=CM_ConvocaPrestac_FA", "titulo": "Limpieza en edificios de centros base de atenci\u00f3n a la discapacidad de la Consejer\u00eda de Pol\u00edticas Sociales, Familias, Igualdad y Natalidad de la Comunidad de Madrid", "status": "En tramitaci\u00f3n", "tipo-publicacion": "Tabl\u00f3n de anuncios electr\u00f3nico", "objeto-del-contrato": "El objeto del presente contrato es la prestaci\u00f3n de los servicios que se indican a continuaci\u00f3n, en nueve Centros Base de Atenci\u00f3n a la Discapacidad de la Consejer\u00eda de Pol\u00edticas Sociales, Familias, Igualdad y Natalidad, que se indican en el apartado 1 de la cl\u00e1usula 1 del Pliego de Cl\u00e1usulas Administrativas Particulares:", "codigo-cpv": "90919200-4", "numero-de-expediente": "005/2020", "referencia": "3259686", "tipo-de-contrato": "Servicios", "entidad-adjudicadora": "", "codigo-nuts": "ES300", "procedimiento-adjudicacion": "Abierto", "defectos-u-omisiones-de-la-documentacion-publicados-el": "(Publicado el 18 noviembre 2019 11:02)", "ofertas-anormales-o-desproporcionadas-publicadas-el": "(Publicado el 18 diciembre 2019 11:02)"}