{"url": "https://www.madrid.org/cs/Satellite?c=CM_ConvocaPrestac_FA&cid=1354886073178&definicion=Contratos+Publicos&language=es&op2=PCON&pagename=PortalContratacion%2FPage%2FPCON_contratosPublicos&tipoServicio=CM_ConvocaPrestac_FA", "titulo": "Servicio de vigilancia y seguridad en el Centro de Transfusi\u00f3n de la Comunidad de Madrid", "status": "Plazo indefinido", "tipo-publicacion": "Tabl\u00f3n de anuncios electr\u00f3nico", "objeto-del-contrato": "Servicio de vigilancia y seguridad en el\u00a0Centro de Transfusi\u00f3n de la Comunidad de Madrid", "codigo-cpv": "79710000-4, 79711000-1, 79713000-5, 79714000-2", "compra-publica-innovadora": "No", "numero-de-expediente": "P.A. SER. 022-2021  A/SER-023709/2021", "referencia": "4149305", "tipo-de-contrato": "Servicios", "entidad-adjudicadora": "", "codigo-nuts": "ES300", "procedimiento-adjudicacion": "Abierto simplificado", "duracion-del-contrato": "3 Meses", "puntos-de-informacion": "", "otras-informaciones-publicadas-el": "(Publicado el 22 junio 2021 13:30)"}