{"url": "https://www.madrid.org/cs/Satellite?c=CM_ConvocaPrestac_FA&cid=1354840884933&definicion=Contratos+Publicos&language=es&op2=PCON&pagename=PortalContratacion%2FPage%2FPCON_contratosPublicos&tipoServicio=CM_ConvocaPrestac_FA", "titulo": "P\u00f3liza de seguro de Responsabilidad Civil/Patrimonial del Servicio Madrile\u00f1o de Salud", "status": "En tramitaci\u00f3n", "tipo-publicacion": "Tabl\u00f3n de anuncios electr\u00f3nico", "objeto-del-contrato": "P\u00f3liza de seguro de Responsabilidad Civil/Patrimonial del Servicio Madrile\u00f1o de Salud", "codigo-cpv": "66516000-0", "compra-publica-innovadora": "No", "numero-de-expediente": "PA SER 08/2020", "referencia": "3737986", "tipo-de-contrato": "Servicios", "entidad-adjudicadora": "", "codigo-nuts": "ES300", "procedimiento-adjudicacion": "Abierto", "presupuesto-base-licitacion-(sin-impuestos)": "14.762.317,65 euros", "duracion-del-contrato": "1 A\u00f1os"}