{"url": "https://www.madrid.org/cs/Satellite?c=CM_ConvocaPrestac_FA&cid=1354806313811&definicion=Contratos+Publicos&language=es&op2=PCON&pagename=PortalContratacion%2FPage%2FPCON_contratosPublicos&tipoServicio=CM_ConvocaPrestac_FA", "titulo": "tabl\u00f3n mantenimiento endobase", "status": "Plazo indefinido", "tipo-publicacion": "Tabl\u00f3n de anuncios electr\u00f3nico", "objeto-del-contrato": "mm. sistema inform\u00e1tico de gesti\u00f3n integral de documentaci\u00f3n y captura endobase", "compra-publica-innovadora": "No", "numero-de-expediente": "A/SER-030537/2019", "referencia": "3345102", "tipo-de-contrato": "Servicios", "entidad-adjudicadora": "", "codigo-nuts": "ES300", "procedimiento-adjudicacion": "Abierto simplificado", "presupuesto-base-licitacion-(sin-impuestos)": "8.761,08 euros", "duracion-del-contrato": "12 Meses", "puntos-de-informacion": "unidad de contrataci\u00f3n administrativa", "defectos-u-omisiones-de-la-documentacion-publicados-el": "(Publicado el 22 noviembre 2019 12:45)"}