{"url": "https://www.madrid.org/cs/Satellite?c=CM_ConvocaPrestac_FA&cid=1354892069452&definicion=Contratos+Publicos&language=es&op2=PCON&pagename=PortalContratacion%2FPage%2FPCON_contratosPublicos&tipoServicio=CM_ConvocaPrestac_FA", "titulo": "PAS 2/21 Servicio dise\u00f1o y maquetaci\u00f3n memoria cientifica", "status": "Plazo indefinido", "tipo-publicacion": "Tabl\u00f3n de anuncios electr\u00f3nico", "objeto-del-contrato": "PAS 2/21 Servicio dise\u00f1o y maquetaci\u00f3n memoria cient\u00cdfica", "numero-de-expediente": "PAS 2/21", "referencia": "4192712", "tipo-de-contrato": "Servicios", "entidad-adjudicadora": "Fundaci\u00f3n para la Investigaci\u00f3n Biom\u00e9dica del Hospital Universitario La Princesa", "codigo-nuts": "ES300", "procedimiento-adjudicacion": "Abierto simplificado", "puntos-de-informacion": "Organismo: Fundaci\u00f3n para la Investigaci\u00f3n Biom\u00e9dica del Hospital Universitario La Princesa.", "defectos-u-omisiones-de-la-documentacion-publicados-el": "(Publicado el 18 agosto 2021 14:15)", "empresarios-excluidos-publicados-el": "(Publicado el 09 agosto 2021 14:30)", "ofertas-anormales-o-desproporcionadas-publicadas-el": "(Publicado el 18 agosto 2021 14:15)"}