{"url": "https://www.madrid.org/cs/Satellite?c=CM_ConvocaPrestac_FA&cid=1354727582558&definicion=Contratos+Publicos&language=es&op2=PCON&pagename=PortalContratacion%2FPage%2FPCON_contratosPublicos&tipoServicio=CM_ConvocaPrestac_FA", "titulo": "Oficina T\u00e9cnica para el desarrollo y gesti\u00f3n del producto tur\u00edstico Ciclamadrid", "status": "En tramitaci\u00f3n", "tipo-publicacion": "Tabl\u00f3n de anuncios electr\u00f3nico", "objeto-del-contrato": "Oficina T\u00e9cnica para el desarrollo y gesti\u00f3n del producto tur\u00edstico Ciclamadrid.", "numero-de-expediente": "C-432A/005-18 (A/SER-005576/2018)", "referencia": "2496748", "tipo-de-contrato": "Servicios", "entidad-adjudicadora": "", "codigo-nuts": "ES300", "procedimiento-adjudicacion": "Abierto", "defectos-u-omisiones-de-la-documentacion-publicados-el": "(Publicado el 30 julio 2018 15:30)", "ofertas-anormales-o-desproporcionadas-publicadas-el": "(Publicado el 07 noviembre 2018 16:01)"}