{"url": "https://www.madrid.org/cs/Satellite?c=CM_ConvocaPrestac_FA&cid=1354805750568&definicion=Contratos+Publicos&language=es&op2=PCON&pagename=PortalContratacion%2FPage%2FPCON_contratosPublicos&tipoServicio=CM_ConvocaPrestac_FA", "titulo": "TABL\u00d3N - CA 7/2018 Servicio M\u00f3vil de Adicciones", "status": "En tramitaci\u00f3n", "tipo-publicacion": "Tabl\u00f3n de anuncios electr\u00f3nico", "objeto-del-contrato": "Servicio publico consistente en la atenci\u00f3n sanitaria a drogodependientes en medios m\u00f3viles y derivaci\u00f3n a tratamiento, con la finalidad de minimizar los efectos negativos relacionados con el consumo, de referencia CA 7/2018 Servicio M\u00f3vil de Adicciones.", "codigo-cpv": "85140000-2", "numero-de-expediente": "CA 7/2018 Servicio M\u00f3vil de Adicciones (3259180)", "referencia": "3292519", "tipo-de-contrato": "Servicios", "entidad-adjudicadora": "", "codigo-nuts": "ES300", "procedimiento-adjudicacion": "Abierto", "presupuesto-base-licitacion-(sin-impuestos)": "4.128.000 euros", "duracion-del-contrato": "2 A\u00f1os"}