{"url": "https://www.madrid.org/cs/Satellite?c=CM_ConvocaPrestac_FA&cid=1354741075977&definicion=Contratos+Publicos&language=es&op2=PCON&pagename=PortalContratacion%2FPage%2FPCON_contratosPublicos&tipoServicio=CM_ConvocaPrestac_FA", "titulo": "Acuerdo Marco para la prestaci\u00f3n de Servicios Postales y de Burofax, dividido en cinco lotes", "status": "Plazo indefinido", "tipo-publicacion": "Tabl\u00f3n de anuncios electr\u00f3nico", "objeto-del-contrato": "Acuerdo Marco para la prestaci\u00f3n de Servicios Postales y de Burofax, dividido en cinco lotes", "numero-de-expediente": "Exp A-SER-POST-1/2018", "referencia": "2655039", "tipo-de-contrato": "Servicios", "entidad-adjudicadora": "", "codigo-nuts": "ES300", "procedimiento-adjudicacion": "Abierto", "puntos-de-informacion": "Obtenci\u00f3n de documentaci\u00f3n e informaci\u00f3n:"}