{"url": "https://www.madrid.org/cs/Satellite?c=CM_ConvocaPrestac_FA&cid=1354768378458&definicion=Contratos+Publicos&language=es&op2=PCON&pagename=PortalContratacion%2FPage%2FPCON_contratosPublicos&tipoServicio=CM_ConvocaPrestac_FA", "titulo": "Stand de la Comunidad de Madrid en el Sal\u00f3n Inmobiliario de Madrid-Sima 2019, Stand E1-002", "status": "En tramitaci\u00f3n", "tipo-publicacion": "Tabl\u00f3n de anuncios electr\u00f3nico", "objeto-del-contrato": "3.-Objeto del contrato.\na. Tipo: Servicio\nb. Descripci\u00f3n: Dise\u00f1o, producci\u00f3n, transporte, mantenimiento, montaje y desmontaje del Stand de la Comunidad de Madrid en el Sal\u00f3n Inmobiliario de Madrid-SIMA 2019-, Stand E1-002, as\u00ed como el transporte y almacenaje de suelo retroiluminado.\nc. Divisi\u00f3n por lotes y numero: Si\nLote 1.- Dise\u00f1o, producci\u00f3n, transporte, montaje, mantenimiento y desmontaje Stand.\nLote 2.- Transporte y almacenaje de suelo retroiluminado.\nd. Plazo de ejecuci\u00f3n: Ver Pliegos de Clausulas Administrativas Capitulo I. Caracter\u00edsticas del contrato. Cl\u00e1usula 1. Caracter\u00edsticas del contrato. 17.-Plazo de Ejecuci\u00f3n.\nCPV (Referencia de Nomenclatura): 79950000-8 Servicios de organizaci\u00f3n de exposiciones, ferias y congresos.", "codigo-cpv": "79950000-8", "numero-de-expediente": "09/2019", "referencia": "2790526", "tipo-de-contrato": "Servicios", "entidad-adjudicadora": "", "codigo-nuts": "ES300", "procedimiento-adjudicacion": "Abierto simplificado", "presupuesto-base-licitacion-(sin-impuestos)": "41.200 euros", "duracion-del-contrato": "0 Meses", "puntos-de-informacion": "*Entidad adjudicadora: Obras de Madrid. Gesti\u00f3n de Obras e Infraestructuras, S.A. CIF A79932927 - Calle Alcal\u00e1, 21 - 4\u00aa planta - 28014 Madrid - Tel. 915240436; Fax. 915770150 - correos electr\u00f3nicos: cmarciel@obrasdemadrid.com  (consultas t\u00e9cnicas) y ecampos@obrasdemadrid.com (consultas administrativas)\n*Documentaci\u00f3n: Perfil del contratante http:/www.madrid.org/contratospublicos - Tel.915753415; Fax. 915770150\nN\u00ba de Lotes: 2\n*Presentaci\u00f3n de ofertas: hasta las 14:00 horas, pasados 15 d\u00edas naturales a contar desde el d\u00eda siguiente a su publicaci\u00f3n en el Perfil del Contratante en Calle Alcal\u00e1, 21 - 1\u00aa planta - 28014 Madrid\n*Apertura de ofertas: el d\u00eda 30 de abril de 2019 a las 14:00 hs. en Calle Alcal\u00e1, 21 - 4\u00aa planta - 28014 Madrid"}