{"url": "https://www.madrid.org/cs/Satellite?c=CM_ConvocaPrestac_FA&cid=1354896124421&definicion=Contratos+Publicos&language=es&op2=PCON&pagename=PortalContratacion%2FPage%2FPCON_contratosPublicos&tipoServicio=CM_ConvocaPrestac_FA", "titulo": "Servicios log\u00edsticos de apoyo a Metro de Madrid S.A.", "status": "En tramitaci\u00f3n", "tipo-publicacion": "Tabl\u00f3n de anuncios electr\u00f3nico", "objeto-del-contrato": "Servicios log\u00edsticos de apoyo a Metro de Madrid S.A.", "codigo-cpv": "63120000-6, 63121100-4, 60000000-8", "numero-de-expediente": "6012100183", "referencia": "4301104", "tipo-de-contrato": "Servicios", "entidad-adjudicadora": "", "codigo-nuts": "ES300", "procedimiento-adjudicacion": "Abierto", "defectos-u-omisiones-de-la-documentacion-publicados-el": "(Publicado el 20 septiembre 2021 10:00)", "empresarios-excluidos-publicados-el": "(Publicado el 08 octubre 2021 11:45)"}