{"url": "https://www.madrid.org/cs/Satellite?c=CM_ConvocaPrestac_FA&cid=1354829868314&definicion=Contratos+Publicos&language=es&op2=PCON&pagename=PortalContratacion%2FPage%2FPCON_contratosPublicos&tipoServicio=CM_ConvocaPrestac_FA", "titulo": "Servicios de asistencia t\u00e9cnica para las obras de acondicionamiento del acceso a la ETAP de Colmenar Viejo", "status": "Plazo indefinido", "tipo-publicacion": "Tabl\u00f3n de anuncios electr\u00f3nico", "objeto-del-contrato": "servicios de asistencia t\u00e9cnica para las obras de acondicionamiento del acceso a la ETAP de Colmenar Viejo", "numero-de-expediente": "222/2018", "referencia": "3561948", "tipo-de-contrato": "Servicios", "entidad-adjudicadora": "", "codigo-nuts": "ES300", "procedimiento-adjudicacion": "Abierto", "defectos-u-omisiones-de-la-documentacion-publicados-el": "(Publicado el 10 diciembre 2020 14:01)", "ofertas-anormales-o-desproporcionadas-publicadas-el": "(Publicado el 16 octubre 2020 14:46)"}