{"url": "https://www.madrid.org/cs/Satellite?c=CM_ConvocaPrestac_FA&cid=1354786745976&definicion=Contratos+Publicos&language=es&op2=PCON&pagename=PortalContratacion%2FPage%2FPCON_contratosPublicos&tipoServicio=CM_ConvocaPrestac_FA", "titulo": "Ecosistema Digital de Aprendizaje de la Comunidad de Madrid", "status": "En tramitaci\u00f3n", "tipo-resolucion": "Formalizado", "tipo-publicacion": "Tabl\u00f3n de anuncios electr\u00f3nico", "objeto-del-contrato": "", "numero-de-expediente": "ECON/000092/2018", "referencia": "3234232", "tipo-de-contrato": "Servicios", "entidad-adjudicadora": "", "codigo-nuts": "ES300", "procedimiento-adjudicacion": "Abierto", "defectos-u-omisiones-de-la-documentacion-publicados-el": "(Publicado el 24 octubre 2019 14:33)", "empresarios-excluidos-publicados-el": "(Publicado el 04 octubre 2019 15:31)", "ofertas-anormales-o-desproporcionadas-publicadas-el": "(Publicado el 23 septiembre 2019 14:32)"}