{"url": "https://www.madrid.org/cs/Satellite?c=CM_ConvocaPrestac_FA&cid=1354783910874&definicion=Contratos+Publicos&language=es&op2=PCON&pagename=PortalContratacion%2FPage%2FPCON_contratosPublicos&tipoServicio=CM_ConvocaPrestac_FA", "titulo": "Trabajos de campo de toma de datos de la explotaci\u00f3n de las distintas redes de transporte de la Comunidad de Madrid (2019)", "status": "En tramitaci\u00f3n", "tipo-publicacion": "Tabl\u00f3n de anuncios electr\u00f3nico", "objeto-del-contrato": "Trabajos de campo de toma de datos de la explotaci\u00f3n de las distintas redes de transporte de la Comunidad de Madrid (2019)", "numero-de-expediente": "A/SER-002856/2019", "referencia": "3159263", "tipo-de-contrato": "Servicios", "entidad-adjudicadora": "", "codigo-nuts": "ES300", "procedimiento-adjudicacion": "Abierto", "puntos-de-informacion": "", "defectos-u-omisiones-de-la-documentacion-publicados-el": "(Publicado el 12 julio 2019 11:33)"}