{"url": "https://www.madrid.org/cs/Satellite?c=CM_ConvocaPrestac_FA&cid=1354800767977&definicion=Contratos+Publicos&language=es&op2=PCON&pagename=PortalContratacion%2FPage%2FPCON_contratosPublicos&tipoServicio=CM_ConvocaPrestac_FA", "titulo": "Mantenimiento, actualizaci\u00f3n y soporte de los sistemas de la plataforma tecnol\u00f3gica del Servicio de Urgencias M\u00e9dicas de Madrid (SUMMA 112)", "status": "En tramitaci\u00f3n", "tipo-publicacion": "Tabl\u00f3n de anuncios electr\u00f3nico", "objeto-del-contrato": "Mantenimiento, actualizaci\u00f3n y soporte de los sistemas de la plataforma tecnol\u00f3gica del Servicio de Urgencias M\u00e9dicas de Madrid (SUMMA 112)", "codigo-cpv": "72267000-4, 50312600-1", "compra-publica-innovadora": "No", "numero-de-expediente": "PA SER-32/2019-INF (A/SER-013031/2019)", "referencia": "3260366", "tipo-de-contrato": "Servicios", "entidad-adjudicadora": "", "codigo-nuts": "ES300", "procedimiento-adjudicacion": "Abierto", "presupuesto-base-licitacion-(sin-impuestos)": "2.242.313,23 euros", "duracion-del-contrato": "36 Meses"}