{"url": "https://www.madrid.org/cs/Satellite?c=CM_ConvocaPrestac_FA&cid=1354747602412&definicion=Contratos+Publicos&language=es&op2=PCON&pagename=PortalContratacion%2FPage%2FPCON_contratosPublicos&tipoServicio=CM_ConvocaPrestac_FA", "titulo": "Soporte t\u00e9cnico y funcional a usuarios en las herramientas y entornos de la plataforma tecnologica  de la Consejer\u00eda de Educacion e Investigaci\u00f3n en la Comunidad de Madrid", "status": "Plazo indefinido", "tipo-publicacion": "Tabl\u00f3n de anuncios electr\u00f3nico", "objeto-del-contrato": "Soporte t\u00e9cnico y funcional a usuarios en las herramientas y entornos de la plataforma tecnologica de la Consejer\u00eda de Educacion e Investigaci\u00f3n en la Comunidad de Madrid", "codigo-cpv": "48800000-6", "numero-de-expediente": "A/SER-019999/18 (C-322O/014-18)", "referencia": "2678983", "tipo-de-contrato": "Servicios", "entidad-adjudicadora": "", "codigo-nuts": "ES300", "procedimiento-adjudicacion": "Abierto", "presupuesto-base-licitacion-(sin-impuestos)": "110.025,68 euros", "duracion-del-contrato": "12 Meses", "puntos-de-informacion": "Obtenci\u00f3n de documentaci\u00f3n e informaci\u00f3n:"}