{"url": "https://www.madrid.org/cs/Satellite?c=CM_ConvocaPrestac_FA&cid=1354796242482&definicion=Contratos+Publicos&language=es&op2=PCON&pagename=PortalContratacion%2FPage%2FPCON_contratosPublicos&tipoServicio=CM_ConvocaPrestac_FA", "titulo": "Trabajos de campo de toma de datos de la oferta del servicio y la demanda de viajeros entre las 6,30 y las 21,30 horas de d\u00eda laborable en Metro de Madrid (2019-2020)", "status": "En tramitaci\u00f3n", "tipo-publicacion": "Tabl\u00f3n de anuncios electr\u00f3nico", "objeto-del-contrato": "Trabajos de campo de toma de datos de la oferta del servicio y la demanda de viajeros, su procesamiento y obtenci\u00f3n de resultados, entre las 6,30 y las 21,30 horas de d\u00eda laborable en la red del Ferrocarril Metropolitano de Madrid (2019-2020)", "numero-de-expediente": "A/SER-010150/2019", "referencia": "3259475", "tipo-de-contrato": "Servicios", "entidad-adjudicadora": "", "codigo-nuts": "ES300", "procedimiento-adjudicacion": "Abierto", "defectos-u-omisiones-de-la-documentacion-publicados-el": "(Publicado el 24 septiembre 2019 15:03)"}