{"url": "https://www.madrid.org/cs/Satellite?c=CM_ConvocaPrestac_FA&cid=1354838373296&definicion=Contratos+Publicos&language=es&op2=PCON&pagename=PortalContratacion%2FPage%2FPCON_contratosPublicos&tipoServicio=CM_ConvocaPrestac_FA", "titulo": "Acuerdo marco de servicios dirigidos a la compra de espacios en medios de comunicaci\u00f3n y dem\u00e1s soportes publicitarios, para la difusi\u00f3n de campa\u00f1as de publicidad institucional y otros anuncios oficiales de la Comunidad de Madrid, dividido en dos lotes", "status": "Plazo indefinido", "tipo-publicacion": "Tabl\u00f3n de anuncios electr\u00f3nico", "objeto-del-contrato": "Compra de espacios en medios de comunicaci\u00f3n y dem\u00e1s soportes publicitarios, para la difusi\u00f3n de campa\u00f1as de publicidad institucional y otros anuncios oficiales de la Comunidad de Madrid", "codigo-cpv": "79341000-6", "numero-de-expediente": "05-AM-1/2020", "referencia": "3680382", "tipo-de-contrato": "Servicios", "entidad-adjudicadora": "", "codigo-nuts": "ES300", "procedimiento-adjudicacion": "Abierto", "presupuesto-base-licitacion-(sin-impuestos)": "12.000.000 euros", "duracion-del-contrato": "12 Meses", "puntos-de-informacion": "Obtenci\u00f3n de informaci\u00f3n", "defectos-u-omisiones-de-la-documentacion-publicados-el": "(Publicado el 22 agosto 2020 05:18)"}