{"url": "https://www.madrid.org/cs/Satellite?c=CM_ConvocaPrestac_FA&cid=1354898185866&definicion=Contratos+Publicos&language=es&op2=PCON&pagename=PortalContratacion%2FPage%2FPCON_contratosPublicos&tipoServicio=CM_ConvocaPrestac_FA", "titulo": "Servicio de inspecci\u00f3n, revisi\u00f3n de control y desamiantado de equipos/instalaciones de MCA (Materiales Con Amianto) en equipamiento de Metro de Madrid", "status": "En tramitaci\u00f3n", "tipo-publicacion": "Tabl\u00f3n de anuncios electr\u00f3nico", "objeto-del-contrato": "Servicio de inspecci\u00f3n, revisi\u00f3n de control y desamiantado de equipos/instalaciones de MCA (Materiales Con Amianto) en equipamiento de Metro de Madrid", "codigo-cpv": "45262660-5, 90650000-8", "compra-publica-innovadora": "No", "numero-de-expediente": "6012100233", "referencia": "4301525", "tipo-de-contrato": "Servicios", "entidad-adjudicadora": "", "codigo-nuts": "ES300", "procedimiento-adjudicacion": "Abierto", "defectos-u-omisiones-de-la-documentacion-publicados-el": "(Publicado el 04 octubre 2021 10:30)"}