{"url": "https://www.madrid.org/cs/Satellite?c=CM_ConvocaPrestac_FA&cid=1354850588077&definicion=Contratos+Publicos&language=es&op2=PCON&pagename=PortalContratacion%2FPage%2FPCON_contratosPublicos&tipoServicio=CM_ConvocaPrestac_FA", "titulo": "Servicio de prevenci\u00f3n ajeno para las especialidades de seguridad en el trabajo, higiene industrial y ergonomia y psicosociolog\u00eda aplicada en el Hospital Universitario Puerta de Hierro Majadahonda", "status": "Plazo indefinido", "tipo-publicacion": "Tabl\u00f3n de anuncios electr\u00f3nico", "objeto-del-contrato": "Servicio de prevenci\u00f3n ajeno para las especialidadesde de seguridad en el trabajo, higiene industrial y ergonom\u00eda y psicosociolog\u00eda aplicada en el Hospital Universitario Puerta de Hierro, Majadahonda, Madrid.", "codigo-cpv": "71317210-8", "numero-de-expediente": "GCASE 2020-44-SIMP", "referencia": "3770555", "tipo-de-contrato": "Servicios", "entidad-adjudicadora": "", "codigo-nuts": "ES300", "procedimiento-adjudicacion": "Abierto simplificado", "presupuesto-base-licitacion-(sin-impuestos)": "91.111,83 euros", "duracion-del-contrato": "10 Meses", "puntos-de-informacion": "", "defectos-u-omisiones-de-la-documentacion-publicados-el": "(Publicado el 20 octubre 2020 12:45)"}