{"url": "https://www.madrid.org/cs/Satellite?c=CM_ConvocaPrestac_FA&cid=1354776806445&definicion=Contratos+Publicos&language=es&op2=PCON&pagename=PortalContratacion%2FPage%2FPCON_contratosPublicos&tipoServicio=CM_ConvocaPrestac_FA", "titulo": "Contratos de Srvicios de Direcci\u00f3n de obra (Lote 1), Direcci\u00f3n de Ejecuci\u00f3n (Lote 2) y Coordinaci\u00f3n de Seguridad y Salud (Lote 3) de las obras de Pabell\u00f3n Polideportivo y de gimnasia en el patio del colegio Virgen de la Navalazarza en el municipio de San Agust\u00edn del Guadalix (Madrid)", "status": "En tramitaci\u00f3n", "tipo-publicacion": "Tabl\u00f3n de anuncios electr\u00f3nico", "codigo-cpv": "71000000-8, 71317200-5", "numero-de-expediente": "C/0811.125.08/02/S, CA/0811.125.08/03/S y CA/0811.125.08/04/S", "referencia": "3139037", "tipo-de-contrato": "Servicios", "entidad-adjudicadora": "", "codigo-nuts": "ES300", "procedimiento-adjudicacion": "Abierto simplificado", "presupuesto-base-licitacion-(sin-impuestos)": "43.865,77 euros", "duracion-del-contrato": "10 Meses", "defectos-u-omisiones-de-la-documentacion-publicados-el": "(Publicado el 06 junio 2019 13:55)"}