{"url": "https://www.madrid.org/cs/Satellite?c=CM_ConvocaPrestac_FA&cid=1354691543259&definicion=Contratos+Publicos&language=es&op2=PCON&pagename=PortalContratacion%2FPage%2FPCON_contratosPublicos&tipoServicio=CM_ConvocaPrestac_FA", "titulo": "Redacci\u00f3n de proyecto b\u00e1sico para la reforma y ampliaci\u00f3n de la Residencia de Personas Mayores en Navalcarnero, (Madrid)", "status": "En tramitaci\u00f3n", "estado-de-la-licitacion": "Pendiente adjudicaci\u00f3n", "tipo-resolucion": "Formalizado", "tipo-publicacion": "Contratos adjudicados por procedimientos sin publicidad", "objeto-del-contrato": "Redacci\u00f3n de proyecto b\u00e1sico para la reforma y ampliaci\u00f3n de la Residencia de Personas Mayores en Navalcarnero, (Madrid).", "codigo-cpv": "71000000-8", "compra-publica-innovadora": "No", "numero-de-expediente": "A/SER-015576/2017", "referencia": "2077948", "tipo-de-contrato": "Servicios", "entidad-adjudicadora": "", "codigo-nuts": "ES300", "procedimiento-adjudicacion": "Negociado sin publicidad", "valor-estimado-sin-i.v.a": "44.000 euros", "presupuesto-base-licitacion-(sin-impuestos)": "44.000 euros", "presupuesto-base-licitacion.-importe-total": "53.240 euros", "duracion-del-contrato": "75 D\u00edas", "otros-anuncios": ""}