{"url": "https://www.madrid.org/cs/Satellite?c=CM_ConvocaPrestac_FA&cid=1354844507788&definicion=Contratos+Publicos&language=es&op2=PCON&pagename=PortalContratacion%2FPage%2FPCON_contratosPublicos&tipoServicio=CM_ConvocaPrestac_FA", "titulo": "Realizaci\u00f3n de pruebas extraordinarias multinivel en l\u00ednea a los alumnos de 1\u00ba de Educaci\u00f3n Secundaria Obligatoria y 1\u00ba de Bachillerato de Institutos de Educaci\u00f3n Secundaria biling\u00fces y centros privados concertados biling\u00fces de la Comunidad de Madrid para la evaluaci\u00f3n de la incidencia de la Covid-19 en la adquisici\u00f3n de la competencia comunicativa en lengua inglesa, dividido en dos lotes", "status": "En tramitaci\u00f3n", "tipo-publicacion": "Tabl\u00f3n de anuncios electr\u00f3nico", "objeto-del-contrato": "Realizaci\u00f3n de pruebas extraordinarias multinivel en l\u00ednea a los alumnos de 1\u00ba de Educaci\u00f3n Secundaria Obligatoria y 1\u00ba de Bachillerato de Institutos de Educaci\u00f3n Secundaria biling\u00fces y centros privados concertados biling\u00fces de la Comunidad de Madrid para la evaluaci\u00f3n de la incidencia de la Covid-19 en la adquisici\u00f3n de la competencia comunicativa en lengua inglesa, dividido en dos lotes", "codigo-cpv": "80000000-4", "numero-de-expediente": "A/SER-027605/2020 (C-322O/003-20)", "referencia": "3748520", "tipo-de-contrato": "Servicios", "entidad-adjudicadora": "", "codigo-nuts": "ES300", "procedimiento-adjudicacion": "Abierto", "presupuesto-base-licitacion-(sin-impuestos)": "2.955.055,08 euros", "duracion-del-contrato": "68 D\u00edas", "fecha-publicacion-de-la-licitacion-en-el-bocm": "14 septiembre 2020", "puntos-de-informacion": "Obtenci\u00f3n de documentaci\u00f3n e informaci\u00f3n:"}