{"url": "https://www.madrid.org/cs/Satellite?c=CM_ConvocaPrestac_FA&cid=1354772014551&definicion=Contratos+Publicos&language=es&op2=PCON&pagename=PortalContratacion%2FPage%2FPCON_contratosPublicos&tipoServicio=CM_ConvocaPrestac_FA", "titulo": "Servicio de gesti\u00f3n integral de residuos clase I y II del Hospital Universitario 12 de Octubre y centros adscritos", "status": "Plazo indefinido", "tipo-publicacion": "Tabl\u00f3n de anuncios electr\u00f3nico", "objeto-del-contrato": "Servicio de gesti\u00f3n integral de residuos clase I y II del Hospital Universitario 12 de Octubre y centros adscritos", "compra-publica-innovadora": "No", "numero-de-expediente": "2019-0-07", "referencia": "2924319", "tipo-de-contrato": "Servicios", "entidad-adjudicadora": "", "codigo-nuts": "ES300", "procedimiento-adjudicacion": "Abierto", "puntos-de-informacion": ""}