{"url": "https://www.madrid.org/cs/Satellite?c=CM_ConvocaPrestac_FA&cid=1354890228481&definicion=Contratos+Publicos&language=es&op2=PCON&pagename=PortalContratacion%2FPage%2FPCON_contratosPublicos&tipoServicio=CM_ConvocaPrestac_FA", "titulo": "Gesti\u00f3n del centro de atenci\u00f3n psicosocial para v\u00edctimas de violencia de g\u00e9nero de la Comunidad de Madrid \u2013 programa MIRA", "status": "En tramitaci\u00f3n", "tipo-publicacion": "Tabl\u00f3n de anuncios electr\u00f3nico", "objeto-del-contrato": "Gesti\u00f3n del centro de atenci\u00f3n psicosocial para v\u00edctimas de violencia de g\u00e9nero de la Comunidad de Madrid \u2013 programa MIRA", "codigo-cpv": "85312000-9", "compra-publica-innovadora": "No", "numero-de-expediente": "015/2021", "referencia": "4172774", "tipo-de-contrato": "Servicios", "entidad-adjudicadora": "", "codigo-nuts": "ES300", "procedimiento-adjudicacion": "Abierto", "defectos-u-omisiones-de-la-documentacion-publicados-el": "(Publicado el 01 octubre 2021 13:30)"}