{"url": "https://www.madrid.org/cs/Satellite?c=CM_ConvocaPrestac_FA&cid=1354749612417&definicion=Contratos+Publicos&language=es&op2=PCON&pagename=PortalContratacion%2FPage%2FPCON_contratosPublicos&tipoServicio=CM_ConvocaPrestac_FA", "titulo": "Pruebas diagn\u00f3sticas de PCR, Gamma Interferon y otras t\u00e9cnicas  en instalaciones de alta seguridad biol\u00f3gica sobre muestras procedentes de animales y diagn\u00f3stico microbiol\u00f3gico y epidemiol\u00f3gico de los animales sometidos a  programas nacionales de erradicaci\u00f3n,control y vigilancia. Estudio de reservorios en animales silvestres y diagn\u00f3stico de enfermedades emergentes en la Comunidad de Madrid.A\u00f1o 2019.", "status": "En tramitaci\u00f3n", "tipo-publicacion": "Tabl\u00f3n de anuncios electr\u00f3nico", "objeto-del-contrato": "Pruebas diagn\u00f3sticas de PCR, Gamma Interferon y otras t\u00e9cnicas en instalaciones de alta seguridad biol\u00f3gica sobre muestras procedentes de animales y diagn\u00f3stico microbiol\u00f3gico y epidemiol\u00f3gico de los animales sometidos a programas nacionales de erradicaci\u00f3n,control y vigilancia. Estudio de reservorios en animales silvestres y diagn\u00f3stico de enfermedades emergentes en la Comunidad de Madrid.A\u00f1o 2019.", "codigo-cpv": "85200000-1", "numero-de-expediente": "A/SER-014894/2018 (3-C/19)", "referencia": "2764048", "tipo-de-contrato": "Servicios", "entidad-adjudicadora": "", "codigo-nuts": "ES300", "procedimiento-adjudicacion": "Abierto", "presupuesto-base-licitacion-(sin-impuestos)": "154.902,5 euros", "duracion-del-contrato": "12 Meses", "puntos-de-informacion": "* Presentaci\u00f3n de la documentaci\u00f3n requerida:", "defectos-u-omisiones-de-la-documentacion-publicados-el": "(Publicado el 16 enero 2019 12:32)", "empresarios-excluidos-publicados-el": "(Publicado el 18 diciembre 2018 12:32)"}