{"url": "https://www.madrid.org/cs/Satellite?c=CM_ConvocaPrestac_FA&cid=1354896376124&definicion=Contratos+Publicos&language=es&op2=PCON&pagename=PortalContratacion%2FPage%2FPCON_contratosPublicos&tipoServicio=CM_ConvocaPrestac_FA", "titulo": "Tabl\u00f3n Dise\u00f1o y producci\u00f3n de materiales destinados al Programa de Buenas Pr\u00e1cticas Cl\u00ednicas", "status": "En tramitaci\u00f3n", "tipo-publicacion": "Tabl\u00f3n de anuncios electr\u00f3nico", "objeto-del-contrato": "Dise\u00f1o y producci\u00f3n de materiales destinados al Programa de Buenas Pr\u00e1cticas Cl\u00ednicas", "codigo-cpv": "92111100-3", "numero-de-expediente": "A/SER-033591/2021", "referencia": "4301143", "tipo-de-contrato": "Servicios", "entidad-adjudicadora": "", "codigo-nuts": "ES300", "procedimiento-adjudicacion": "Abierto simplificado", "puntos-de-informacion": ""}