{"url": "https://www.madrid.org/cs/Satellite?c=CM_ConvocaPrestac_FA&cid=1354735557606&definicion=Contratos+Publicos&language=es&op2=PCON&pagename=PortalContratacion%2FPage%2FPCON_contratosPublicos&tipoServicio=CM_ConvocaPrestac_FA", "titulo": "LIMPIEZA INTEGRAL EN EL HOSPITAL LA FUENFR\u00cdA HF-069/2018", "status": "En tramitaci\u00f3n", "estado-de-la-licitacion": "Pendiente adjudicaci\u00f3n", "tipo-publicacion": "Contratos adjudicados por procedimientos sin publicidad", "objeto-del-contrato": "LIMPIEZA INTEGRAL EN EL HOSPITAL LA FUENFR\u00cdA HF-069/2018", "codigo-cpv": "90911200-8", "compra-publica-innovadora": "No", "numero-de-expediente": "HF-069/2018", "referencia": "2653795", "tipo-de-contrato": "Servicios", "entidad-adjudicadora": "", "codigo-nuts": "ES300", "procedimiento-adjudicacion": "Negociado sin publicidad", "valor-estimado-sin-i.v.a": "180.380,32 euros", "presupuesto-base-licitacion-(sin-impuestos)": "90.190,16 euros", "presupuesto-base-licitacion.-importe-total": "109.130,09 euros", "duracion-del-contrato": "2 Meses", "puntos-de-informacion": ""}