{"url": "https://www.madrid.org/cs/Satellite?c=CM_ConvocaPrestac_FA&cid=1354885070433&definicion=Contratos+Publicos&language=es&op2=PCON&pagename=PortalContratacion%2FPage%2FPCON_contratosPublicos&tipoServicio=CM_ConvocaPrestac_FA", "titulo": "Tabl\u00f3n Redacci\u00f3n de Proyecto B\u00e1sico y de Ejecuci\u00f3n del Centro de Salud Cerro de los Gamos", "status": "En tramitaci\u00f3n", "tipo-publicacion": "Tabl\u00f3n de anuncios electr\u00f3nico", "objeto-del-contrato": "Redacci\u00f3n de Proyecto B\u00e1sico y de Ejecuci\u00f3n del Centro de Salud Cerro de los Gamos", "codigo-cpv": "71242000-6", "numero-de-expediente": "A/SER-008742/2021", "referencia": "4145706", "tipo-de-contrato": "Servicios", "entidad-adjudicadora": "", "codigo-nuts": "ES300", "procedimiento-adjudicacion": "Abierto simplificado", "puntos-de-informacion": "", "ofertas-anormales-o-desproporcionadas-publicadas-el": "(Publicado el 17 junio 2021 11:45)"}