{"url": "https://www.madrid.org/cs/Satellite?c=CM_ConvocaPrestac_FA&cid=1354708481226&definicion=Contratos+Publicos&language=es&op2=PCON&pagename=PortalContratacion%2FPage%2FPCON_contratosPublicos&tipoServicio=CM_ConvocaPrestac_FA", "titulo": "Vigilancia y seguridad de los edificios del Complejo Agropecuario de Colmenar Viejo, del CTT \u201cLa Chimenea\u201d de Aranjuez, del CTT \u201cLa Isla\u201d de Arganda del Rey y de la finca \u201cEl Encin\u201d de Alcal\u00e1 de Henares del IMIDRA 2018-2020.", "status": "En tramitaci\u00f3n", "tipo-publicacion": "Tabl\u00f3n de anuncios electr\u00f3nico", "objeto-del-contrato": "Vigilancia y seguridad de los edificios del Complejo Agropecuario de Colmenar Viejo, del CTT \u201cLa Chimenea\u201d de Aranjuez, del CTT \u201cLa Isla\u201d de Arganda del Rey y de la finca \u201cEl Encin\u201d de Alcal\u00e1 de Henares del IMIDRA 2018-2020.", "compra-publica-innovadora": "No", "numero-de-expediente": "A/SER-001217/2018", "referencia": "2270368", "tipo-de-contrato": "Servicios", "entidad-adjudicadora": "", "codigo-nuts": "ES300", "procedimiento-adjudicacion": "Abierto", "duracion-del-contrato": "2 A\u00f1os", "puntos-de-informacion": "", "empresarios-excluidos-publicados-el": "(Publicado el 26 abril 2018 11:01)"}