{"url": "https://www.madrid.org/cs/Satellite?c=CM_ConvocaPrestac_FA&cid=1354802169152&definicion=Contratos+Publicos&language=es&op2=PCON&pagename=PortalContratacion%2FPage%2FPCON_contratosPublicos&tipoServicio=CM_ConvocaPrestac_FA", "titulo": "Auditor\u00eda de calidad de los Servicios de limpieza, de lencer\u00eda y lavander\u00eda y de apoyo administrativo \u2013 3 Lotes \u2013 de los hospitales Infanta Elena, (Valdemoro), Rey Juan Carlos (M\u00f3stoles), General de Villalba y de Torrej\u00f3n", "status": "En tramitaci\u00f3n", "tipo-publicacion": "Tabl\u00f3n de anuncios electr\u00f3nico", "objeto-del-contrato": "Auditor\u00eda de calidad de los Servicios de limpieza, de lencer\u00eda y lavander\u00eda y de apoyo administrativo \u2013 3 Lotes \u2013 de los hospitales Infanta Elena, (Valdemoro), Rey Juan Carlos (M\u00f3stoles), General de Villalba y de Torrej\u00f3n", "codigo-cpv": "79411000-8", "compra-publica-innovadora": "No", "numero-de-expediente": "PA SER-42/2019-AE (A/SER-024975/2019)", "referencia": "3260618", "tipo-de-contrato": "Servicios", "entidad-adjudicadora": "", "codigo-nuts": "ES300", "procedimiento-adjudicacion": "Abierto", "presupuesto-base-licitacion-(sin-impuestos)": "92.522 euros", "duracion-del-contrato": "4 Meses"}