{"url": "https://www.madrid.org/cs/Satellite?c=CM_ConvocaPrestac_FA&cid=1354829271628&definicion=Contratos+Publicos&language=es&op2=PCON&pagename=PortalContratacion%2FPage%2FPCON_contratosPublicos&tipoServicio=CM_ConvocaPrestac_FA", "titulo": "Control de calidad de proyecto y ejecuci\u00f3n de las obras de 128 viviendas en la U.V.A. de Hortaleza; 106 viviendas en el Alto del Arenal; 38 viviendas en la parcela 1.30 D en Vallecas y 40 viviendas en la parcela 3.6.A en Vallecas.", "status": "Plazo indefinido", "tipo-publicacion": "Tabl\u00f3n de anuncios electr\u00f3nico", "numero-de-expediente": "A/SER-002759/2020", "referencia": "3546731", "tipo-de-contrato": "Servicios", "entidad-adjudicadora": "", "codigo-nuts": "ES300", "defectos-u-omisiones-de-la-documentacion-publicados-el": "(Publicado el 03 agosto 2020 14:00)", "ofertas-anormales-o-desproporcionadas-publicadas-el": "(Publicado el 12 agosto 2020 12:30)"}