{"url": "https://www.madrid.org/cs/Satellite?c=CM_ConvocaPrestac_FA&cid=1354861289922&definicion=Contratos+Publicos&language=es&op2=PCON&pagename=PortalContratacion%2FPage%2FPCON_contratosPublicos&tipoServicio=CM_ConvocaPrestac_FA", "titulo": "Servicio de mantenimiento integral de las instalaciones, infraestructuras, bienes muebles y elementos de los edificios de la Sede Central, del Centro Log\u00edstico y del Centro de Urgencias Extrahospitalarias, adscritos a la Gerencia del SUMMA 112", "status": "En tramitaci\u00f3n", "tipo-publicacion": "Tabl\u00f3n de anuncios electr\u00f3nico", "objeto-del-contrato": "Servicio de mantenimiento integral de las instalaciones, infraestructuras, bienes muebles y elementos de los edificios de la Sede Central, del Centro Log\u00edstico y del Centro de Urgencias Extrahospitalarias, adscritos a la Gerencia del SUMMA 112", "codigo-cpv": "50700000-2", "compra-publica-innovadora": "No", "numero-de-expediente": "PA/SE/05/20", "referencia": "3891537", "tipo-de-contrato": "Servicios", "entidad-adjudicadora": "", "codigo-nuts": "ES300", "procedimiento-adjudicacion": "Abierto", "presupuesto-base-licitacion-(sin-impuestos)": "135.111,84 euros", "duracion-del-contrato": "36 Meses", "puntos-de-informacion": "*Obtenci\u00f3n de documentaci\u00f3n e informaci\u00f3n:", "empresarios-excluidos-publicados-el": "(Publicado el 25 marzo 2021 11:16)", "ofertas-anormales-o-desproporcionadas-publicadas-el": "(Publicado el 09 febrero 2021 13:30)"}