{"url": "https://www.madrid.org/cs/Satellite?c=CM_ConvocaPrestac_FA&cid=1354898236336&definicion=Contratos+Publicos&language=es&op2=PCON&pagename=PortalContratacion%2FPage%2FPCON_contratosPublicos&tipoServicio=CM_ConvocaPrestac_FA", "titulo": "Servicio de limpieza en cinco centros de mayores adscritos a la Agencia Madrile\u00f1a Atenci\u00f3n", "status": "En tramitaci\u00f3n", "tipo-publicacion": "Tabl\u00f3n de anuncios electr\u00f3nico", "objeto-del-contrato": "Servicio de limpieza en cinco centros de mayores adscritos a la Agencia Madrile\u00f1a de Atenci\u00f3n Social", "codigo-cpv": "90911000-6", "numero-de-expediente": "A/SER-015923/2021", "referencia": "4301534", "tipo-de-contrato": "Servicios", "entidad-adjudicadora": "", "codigo-nuts": "ES300", "procedimiento-adjudicacion": "Abierto", "presupuesto-base-licitacion-(sin-impuestos)": "832.614 euros", "duracion-del-contrato": "24 Meses", "defectos-u-omisiones-de-la-documentacion-publicados-el": "(Publicado el 07 octubre 2021 12:20)", "empresarios-excluidos-publicados-el": "(Publicado el 04 octubre 2021 12:30)"}