{"url": "https://www.madrid.org/cs/Satellite?c=CM_ConvocaPrestac_FA&cid=1354895636494&definicion=Contratos+Publicos&language=es&op2=PCON&pagename=PortalContratacion%2FPage%2FPCON_contratosPublicos&tipoServicio=CM_ConvocaPrestac_FA", "titulo": "P.A. 37/2021 Servicio de mantenimiento de las puertas autom\u00e1ticas de acceso del Hospital Universitario La Paz, Hospital Carlos III, Hospital de Cantoblanco y Centros adscritos", "status": "En tramitaci\u00f3n", "tipo-publicacion": "Tabl\u00f3n de anuncios electr\u00f3nico", "objeto-del-contrato": "Servicio de mantenimiento de las puertas autom\u00e1ticas de acceso del Hospital Universitario La Paz, Hospital Carlos III, Hospital de Cantoblanco y Centros adscritos", "codigo-cpv": "50710000-5", "compra-publica-innovadora": "No", "numero-de-expediente": "P.A. 37/2021", "referencia": "4301001", "tipo-de-contrato": "Servicios", "entidad-adjudicadora": "", "codigo-nuts": "ES300", "procedimiento-adjudicacion": "Abierto"}