{"url": "https://www.madrid.org/cs/Satellite?c=CM_ConvocaPrestac_FA&cid=1354891660266&definicion=Contratos+Publicos&language=es&op2=PCON&pagename=PortalContratacion%2FPage%2FPCON_contratosPublicos&tipoServicio=CM_ConvocaPrestac_FA", "titulo": "Tabl\u00f3n de Anuncios del Acuerdo Marco de centros de d\u00eda de soporte social para personas con enfermedad mental grave y duradera en las distintas zonas de la Comunidad de Madrid.", "status": "Plazo indefinido", "tipo-publicacion": "Tabl\u00f3n de anuncios electr\u00f3nico", "objeto-del-contrato": "Servicios para gesti\u00f3n y contrataci\u00f3n de plazas en Centros de D\u00eda de soporte social para personas con enfermedad mental grave y duradera en las distintas zonas de la Comunidad de Madrid.", "codigo-cpv": "85312000-9", "numero-de-expediente": "AM-006/2021", "referencia": "4192641", "tipo-de-contrato": "Servicios", "entidad-adjudicadora": "", "codigo-nuts": "ES300", "procedimiento-adjudicacion": "Abierto", "defectos-u-omisiones-de-la-documentacion-publicados-el": "(Publicado el 23 septiembre 2021 14:15)"}