{"url": "https://www.madrid.org/cs/Satellite?c=CM_ConvocaPrestac_FA&cid=1354896502185&definicion=Contratos+Publicos&language=es&op2=PCON&pagename=PortalContratacion%2FPage%2FPCON_contratosPublicos&tipoServicio=CM_ConvocaPrestac_FA", "titulo": "Auditor\u00eda de calidad de las instalaciones el\u00e9ctricas de los hospitales del Henares, Infanta Cristina, Infanta Leonor, Infanta Sof\u00eda, del Sureste, del Tajo y Puerta de Hierro de Majadahonda", "status": "En tramitaci\u00f3n", "tipo-publicacion": "Tabl\u00f3n de anuncios electr\u00f3nico", "objeto-del-contrato": "Auditor\u00eda de calidad de las instalaciones el\u00e9ctricas de los hospitales del Henares, Infanta Cristina, Infanta Leonor, Infanta Sof\u00eda, del Sureste, del Tajo y Puerta de Hierro de Majadahonda", "codigo-cpv": "71310000-4", "compra-publica-innovadora": "No", "numero-de-expediente": "PA SER-11/2021 (A/SER-018161/2021)", "referencia": "4301160", "tipo-de-contrato": "Servicios", "entidad-adjudicadora": "", "codigo-nuts": "ES300", "procedimiento-adjudicacion": "Abierto", "fecha-publicacion-de-la-licitacion-en-el-bocm": "30 agosto 2021"}