{"url": "https://www.madrid.org/cs/Satellite?c=CM_ConvocaPrestac_FA&cid=1354837046002&definicion=Contratos+Publicos&language=es&op2=PCON&pagename=PortalContratacion%2FPage%2FPCON_contratosPublicos&tipoServicio=CM_ConvocaPrestac_FA", "titulo": "Impartici\u00f3n de cursos de formaci\u00f3n agraria b\u00e1sica para el a\u00f1o 2020 (5 lotes)", "status": "Plazo indefinido", "tipo-publicacion": "Tabl\u00f3n de anuncios electr\u00f3nico", "objeto-del-contrato": "Gestionar e impartir formaci\u00f3n profesional no reglada a adultos, como\u00a0 parte de los cursos de Formaci\u00f3n Agraria B\u00e1sica, durante el a\u00f1o 2020 y a adjudicar por procedimiento abierto simplificado mediante pluralidad de criterios. Los cursos forman parte de las \u201cAcciones de formaci\u00f3n promovidas por la Administraci\u00f3n\u201d, Tipo de operaci\u00f3n 1.1.1 de la Medida 1, \u201cAcciones de transferencia de conocimiento e informaci\u00f3n\u201d, del Programa de Desarrollo Rural de la Comunidad de Madrid 2014-2020 (PDR-CM 2014-2020).", "codigo-cpv": "80510000-2", "numero-de-expediente": "A/SER-006228/2020", "referencia": "3680097", "tipo-de-contrato": "Servicios", "entidad-adjudicadora": "", "codigo-nuts": "ES300", "procedimiento-adjudicacion": "Abierto simplificado", "puntos-de-informacion": "", "empresarios-excluidos-publicados-el": "(Publicado el 14 julio 2020 09:00)", "ofertas-anormales-o-desproporcionadas-publicadas-el": "(Publicado el 14 julio 2020 09:00)"}