{"url": "https://www.madrid.org/cs/Satellite?c=CM_ConvocaPrestac_FA&cid=1354892395641&definicion=Contratos+Publicos&language=es&op2=PCON&pagename=PortalContratacion%2FPage%2FPCON_contratosPublicos&tipoServicio=CM_ConvocaPrestac_FA", "titulo": "Tabl\u00f3n de Anuncios - Servicio de provisi\u00f3n de apoyos para la inserci\u00f3n sociolaboral de personas con discapacidad intelectual en la zona noroeste de la Comunidad de Madrid, cofinanciado al 50% por el Fondo Social Europeo en el marco del programa operativo de la Comunidad de Madrid 2014-2020 (eje prioritario 2, prioridad de inversi\u00f3n 9.3, objetivo espec\u00edfico 9.3.2).", "status": "En tramitaci\u00f3n", "tipo-publicacion": "Tabl\u00f3n de anuncios electr\u00f3nico", "objeto-del-contrato": "El objeto del contrato consiste en la prestaci\u00f3n del servicio denominado \u201cservicio de provisi\u00f3n de apoyos para la inserci\u00f3n sociolaboral de personas con discapacidad intelectual en la zona noroeste de la Comunidad de Madrid\u201d como aquella iniciativa t\u00e9cnica espec\u00edfica dirigida a conseguir la inserci\u00f3n socio-laboral de personas con discapacidad intelectual en entornos ordinarios, a trav\u00e9s de la organizaci\u00f3n y gesti\u00f3n de un servicio de provisi\u00f3n de apoyos, con dos grandes \u00e1reas de intervenci\u00f3n: A) Provisi\u00f3n de apoyos individualizados a los participantes, para la mejora de su participaci\u00f3n socioecon\u00f3mica. B) Generaci\u00f3n de oportunidades de contrataci\u00f3n y participaci\u00f3n social.", "codigo-cpv": "85311200-4", "compra-publica-innovadora": "No", "numero-de-expediente": "129/2021", "referencia": "4220846", "tipo-de-contrato": "Servicios", "entidad-adjudicadora": "", "codigo-nuts": "ES300", "procedimiento-adjudicacion": "Abierto", "duracion-del-contrato": "7 Meses"}