{"url": "https://www.madrid.org/cs/Satellite?c=CM_ConvocaPrestac_FA&cid=1354758083834&definicion=Contratos+Publicos&language=es&op2=PCON&pagename=PortalContratacion%2FPage%2FPCON_contratosPublicos&tipoServicio=CM_ConvocaPrestac_FA", "titulo": "Direccion Facultativa y Coordinacion de Seguridad y Salud de las Obras \"Remodelacion Plaza Cerceda\" 023.17 El Boalo", "status": "En tramitaci\u00f3n", "tipo-publicacion": "Tabl\u00f3n de anuncios electr\u00f3nico", "objeto-del-contrato": "* Lote 1 - CA/0811.023.17/02/S - Direccion Facultativa y Redaccion del proyecto modificado, si fuera necesario; *(Lote 2) - CA/0811.023.17/03/S - Coordinacion de Seguridad y Salud\nde las obras del proyecto \"Remodelacion Plaza de Cerceda\" en El Boalo (Madrid)\n*Plazo de ejecuci\u00f3n: ver pliegos", "codigo-cpv": "71247000-1", "numero-de-expediente": "CA/0811.023.17/02/S y CA/0811.023.17/03/S", "referencia": "2788257", "tipo-de-contrato": "Servicios", "entidad-adjudicadora": "", "codigo-nuts": "ES300", "procedimiento-adjudicacion": "Abierto simplificado", "presupuesto-base-licitacion-(sin-impuestos)": "3.982,02 euros", "duracion-del-contrato": "6 Meses", "puntos-de-informacion": "*Entidad adjudicadora: Obras de Madrid. Gestion de Obras e Infraestructuras, S.A. CIF A79932927 - calle alcala, 21 - 4\u00aa planta - 28014 Madrid - Tel. 915240436; Fax. 915770150 - correos electronicos: icuesta@obrasdemadrid.com y p.rubio@obrasdemadrid.com (consultas tecnicas) y md.nogal@obrasdemadrid.com (consultas administrativas\n*Documentacion: Perfil del contratante http:/www.madrid.org/contratospublicos - Tel.915753415; Fax. 915770150\nN\u00ba de Lotes: 2\n*Presentacion de ofertas: hasta el 15 de febrero de 2019 a las 14:00 hs. en Calle Alcala, 21 - 4\u00aa planta - 28014 Madrid\n*Apertura de ofertas: el d\u00eda 19 de febrero de 2019 a las 10:30 hs. en Calle Alcala, 21 - 4\u00aa planta - 28014 Madrid"}