{"url": "https://www.madrid.org/cs/Satellite?c=CM_ConvocaPrestac_FA&cid=1354799764739&definicion=Contratos+Publicos&language=es&op2=PCON&pagename=PortalContratacion%2FPage%2FPCON_contratosPublicos&tipoServicio=CM_ConvocaPrestac_FA", "titulo": "Actualizaci\u00f3n del callejero oficial y la cartograf\u00eda digital de la Comunidad de Madrid 2020-2021.", "status": "En tramitaci\u00f3n", "tipo-publicacion": "Tabl\u00f3n de anuncios electr\u00f3nico", "objeto-del-contrato": "Actualizaci\u00f3n del callejero oficial y la cartograf\u00eda digital de la Comunidad de Madrid 2020-2021.", "compra-publica-innovadora": "No", "numero-de-expediente": "A/SER-013586/2019", "referencia": "3260191", "tipo-de-contrato": "Servicios", "entidad-adjudicadora": "", "codigo-nuts": "ES300", "procedimiento-adjudicacion": "Abierto", "puntos-de-informacion": ""}