{"url": "https://www.madrid.org/cs/Satellite?c=CM_ConvocaPrestac_FA&cid=1354737764525&definicion=Contratos+Publicos&language=es&op2=PCON&pagename=PortalContratacion%2FPage%2FPCON_contratosPublicos&tipoServicio=CM_ConvocaPrestac_FA", "titulo": "Mantenimiento integral garant\u00eda total de los edificios A, B, C, D y Cafeter\u00eda del Complejo \"El \u00c1guila\"", "status": "En tramitaci\u00f3n", "tipo-publicacion": "Tabl\u00f3n de anuncios electr\u00f3nico", "objeto-del-contrato": "Mantenimiento integral garant\u00eda total de los edificios A, B, C, D y Cafeter\u00eda del Complejo \"El \u00c1guila\".", "compra-publica-innovadora": "No", "numero-de-expediente": "C-332A/001-18 (A/SER-008283/2018)", "referencia": "2654231", "tipo-de-contrato": "Servicios", "entidad-adjudicadora": "", "codigo-nuts": "ES300", "procedimiento-adjudicacion": "Abierto", "duracion-del-contrato": "12 Meses", "defectos-u-omisiones-de-la-documentacion-publicados-el": "(Publicado el 05 octubre 2018 15:30)"}