{"url": "https://www.madrid.org/cs/Satellite?c=CM_ConvocaPrestac_FA&cid=1354780913596&definicion=Contratos+Publicos&language=es&op2=PCON&pagename=PortalContratacion%2FPage%2FPCON_contratosPublicos&tipoServicio=CM_ConvocaPrestac_FA", "titulo": "Tabl\u00f3n PAPC 2019-8-2 Mantenimimiento Integral de Equipos", "status": "Plazo indefinido", "tipo-publicacion": "Tabl\u00f3n de anuncios electr\u00f3nico", "objeto-del-contrato": "Servicios de Mantenimiento Integral de Equipos de Diagn\u00f3stico por Imagen del Servicio de Radiodiagn\u00f3stico para el Hospital Universitario de Getafe.", "codigo-cpv": "50420000-5", "compra-publica-innovadora": "No", "numero-de-expediente": "MRX PAPC 2019-8-2", "referencia": "3147232", "tipo-de-contrato": "Servicios", "entidad-adjudicadora": "", "codigo-nuts": "ES300", "procedimiento-adjudicacion": "Abierto"}