{"url": "https://www.madrid.org/cs/Satellite?c=CM_ConvocaPrestac_FA&cid=1354820926021&definicion=Contratos+Publicos&language=es&op2=PCON&pagename=PortalContratacion%2FPage%2FPCON_contratosPublicos&tipoServicio=CM_ConvocaPrestac_FA", "titulo": "Servicios de asesoramiento jur\u00eddico en el expediente n\u00ba 30021 iniciado por la superintendencia de sociedades de la Rep\u00fablica de Colombia", "status": "En tramitaci\u00f3n", "estado-de-la-licitacion": "Pendiente adjudicaci\u00f3n", "tipo-publicacion": "Contratos adjudicados por procedimientos sin publicidad", "objeto-del-contrato": "Servicios de asesoramiento jur\u00eddico en el expediente n\u00ba 30021 iniciado por la superintendencia de sociedades de la Rep\u00fablica de Colombia", "codigo-cpv": "79111000-5", "numero-de-expediente": "2/2019", "referencia": "3413429", "tipo-de-contrato": "Servicios", "entidad-adjudicadora": "", "codigo-nuts": "ES300", "procedimiento-adjudicacion": "Negociado sin publicidad", "valor-estimado-sin-i.v.a": "90.000 euros", "presupuesto-base-licitacion-(sin-impuestos)": "90.000 euros", "presupuesto-base-licitacion.-importe-total": "107.100 euros", "duracion-del-contrato": "2 A\u00f1os"}