{"url": "https://www.madrid.org/cs/Satellite?c=CM_ConvocaPrestac_FA&cid=1354789857445&definicion=Contratos+Publicos&language=es&op2=PCON&pagename=PortalContratacion%2FPage%2FPCON_contratosPublicos&tipoServicio=CM_ConvocaPrestac_FA", "titulo": "Contrato de servicios de asesoramiento t\u00e9cnico para el control de cumplimiento y calidad del contrato de servicios de redacci\u00f3n del proyecto y documentaci\u00f3n t\u00e9cnica para la ejecuci\u00f3n de las obras de reforma del complejo Hospitalario La Paz", "status": "En tramitaci\u00f3n", "tipo-publicacion": "Tabl\u00f3n de anuncios electr\u00f3nico", "objeto-del-contrato": "", "codigo-cpv": "71700000-5", "compra-publica-innovadora": "No", "numero-de-expediente": "P.A. 39/2019", "referencia": "3258377", "tipo-de-contrato": "Servicios", "entidad-adjudicadora": "", "codigo-nuts": "ES300", "procedimiento-adjudicacion": "Abierto", "fecha-publicacion-de-la-licitacion-en-el-bocm": "13 agosto 2019"}