{"url": "https://www.madrid.org/cs/Satellite?c=CM_ConvocaPrestac_FA&cid=1354791026445&definicion=Contratos+Publicos&language=es&op2=PCON&pagename=PortalContratacion%2FPage%2FPCON_contratosPublicos&tipoServicio=CM_ConvocaPrestac_FA", "titulo": "Servicio mantenimiento y evoluci\u00f3n del sistema de explotaci\u00f3n informaci\u00f3n asistencial y gesti\u00f3n cl\u00ednica", "status": "En tramitaci\u00f3n", "tipo-publicacion": "Tabl\u00f3n de anuncios electr\u00f3nico", "objeto-del-contrato": "Servicio mantenimiento y evoluci\u00f3n del sistema de explotaci\u00f3n informaci\u00f3n asistencial y gesti\u00f3n cl\u00ednica", "compra-publica-innovadora": "No", "numero-de-expediente": "2019-0-140", "referencia": "3258606", "tipo-de-contrato": "Servicios", "entidad-adjudicadora": "", "codigo-nuts": "ES300", "procedimiento-adjudicacion": "Abierto", "puntos-de-informacion": ""}