{"url": "https://www.madrid.org/cs/Satellite?c=CM_ConvocaPrestac_FA&cid=1354887346013&definicion=Contratos+Publicos&language=es&op2=PCON&pagename=PortalContratacion%2FPage%2FPCON_contratosPublicos&tipoServicio=CM_ConvocaPrestac_FA", "titulo": "Servicios por lotes para la conservaci\u00f3n de viviendas, locales y edificios del patrimonio de la Agencia de Vivienda Social.", "status": "Plazo indefinido", "tipo-publicacion": "Tabl\u00f3n de anuncios electr\u00f3nico", "numero-de-expediente": "A-SER-017013/2021", "referencia": "4149523", "tipo-de-contrato": "Servicios", "entidad-adjudicadora": "", "codigo-nuts": "ES300", "defectos-u-omisiones-de-la-documentacion-publicados-el": "(Publicado el 03 agosto 2021 13:15)"}