{"url": "https://www.madrid.org/cs/Satellite?c=CM_ConvocaPrestac_FA&cid=1354862269153&definicion=Contratos+Publicos&language=es&op2=PCON&pagename=PortalContratacion%2FPage%2FPCON_contratosPublicos&tipoServicio=CM_ConvocaPrestac_FA", "titulo": "Servicios de Mantenimiento de cuatro ec\u00f3grafos y un TAC para  el Hospital Cl\u00ednico San Carlos", "status": "En tramitaci\u00f3n", "tipo-publicacion": "Tabl\u00f3n de anuncios electr\u00f3nico", "objeto-del-contrato": "", "numero-de-expediente": "PAS 2020-4-048", "referencia": "3906533", "tipo-de-contrato": "Servicios", "entidad-adjudicadora": "", "codigo-nuts": "ES300", "procedimiento-adjudicacion": "Abierto", "defectos-u-omisiones-de-la-documentacion-publicados-el": "(Publicado el 03 marzo 2021 13:45)", "empresarios-excluidos-publicados-el": "(Publicado el 06 abril 2021 11:45)"}