{"url": "https://www.madrid.org/cs/Satellite?c=CM_ConvocaPrestac_FA&cid=1354787923248&definicion=Contratos+Publicos&language=es&op2=PCON&pagename=PortalContratacion%2FPage%2FPCON_contratosPublicos&tipoServicio=CM_ConvocaPrestac_FA", "titulo": "Servicio de aprovisionamiento, almacenaje y gesti\u00f3n de v\u00edveres para el Hospital Universitario de la Princesa", "status": "En tramitaci\u00f3n", "tipo-publicacion": "Tabl\u00f3n de anuncios electr\u00f3nico", "objeto-del-contrato": "Servicio de aprovisionamiento, almacenaje y gesti\u00f3n de v\u00edveres para el Hospital Universitario de la Princesa", "codigo-cpv": "55321000-6", "numero-de-expediente": "P.A. 30/2019 HUP", "referencia": "3234504", "tipo-de-contrato": "Servicios", "entidad-adjudicadora": "", "codigo-nuts": "ES300", "procedimiento-adjudicacion": "Abierto", "presupuesto-base-licitacion-(sin-impuestos)": "979.525,4 euros", "duracion-del-contrato": "15 Meses", "empresarios-excluidos-publicados-el": "(Publicado el 13 septiembre 2019 11:01)"}