{"url": "https://www.madrid.org/cs/Satellite?c=CM_ConvocaPrestac_FA&cid=1354888161988&definicion=Contratos+Publicos&language=es&op2=PCON&pagename=PortalContratacion%2FPage%2FPCON_contratosPublicos&tipoServicio=CM_ConvocaPrestac_FA", "titulo": "Servicio para la Gesti\u00f3n de Escuelas Infantiles 2-3-3, Dividido en 8 Lotes", "status": "En tramitaci\u00f3n", "tipo-publicacion": "Tabl\u00f3n de anuncios electr\u00f3nico", "objeto-del-contrato": "Servicio para la gesti\u00f3n de escuelas infantiles 2-3-3 de titularidad de la Comunidad de Madrid", "codigo-cpv": "80110000-8", "numero-de-expediente": "A/SER-017865-2021 (322A-002-21)", "referencia": "4166476", "tipo-de-contrato": "Servicios", "entidad-adjudicadora": "", "codigo-nuts": "ES300", "procedimiento-adjudicacion": "Abierto", "presupuesto-base-licitacion-(sin-impuestos)": "9.529.138,56 euros", "duracion-del-contrato": "5 A\u00f1os", "puntos-de-informacion": "Obtenci\u00f3n de documentaci\u00f3n e informaci\u00f3n:", "defectos-u-omisiones-de-la-documentacion-publicados-el": "(Publicado el 03 septiembre 2021 11:15)", "ofertas-anormales-o-desproporcionadas-publicadas-el": "(Publicado el 24 septiembre 2021 14:31)"}