{"url": "https://www.madrid.org/cs/Satellite?c=CM_ConvocaPrestac_FA&cid=1354886716842&definicion=Contratos+Publicos&language=es&op2=PCON&pagename=PortalContratacion%2FPage%2FPCON_contratosPublicos&tipoServicio=CM_ConvocaPrestac_FA", "titulo": "Redacci\u00f3n del proyecto de ejecuci\u00f3n y la direcci\u00f3n de obra del centro de innovaci\u00f3n digital de la Comunidad de Madrid", "status": "En tramitaci\u00f3n", "tipo-publicacion": "Tabl\u00f3n de anuncios electr\u00f3nico", "objeto-del-contrato": "Redacci\u00f3n del proyecto de ejecuci\u00f3n y la direcci\u00f3n de obra del centro de innovaci\u00f3n digital de la Comunidad de Madrid", "codigo-cpv": "71000000-8, 71200000-0, 71242000-6", "numero-de-expediente": "ECON/000110/2021", "referencia": "4149413", "tipo-de-contrato": "Servicios", "entidad-adjudicadora": "", "codigo-nuts": "ES300", "procedimiento-adjudicacion": "Abierto simplificado", "duracion-del-contrato": "12 Meses", "defectos-u-omisiones-de-la-documentacion-publicados-el": "(Publicado el 31 agosto 2021 18:15)"}