{"url": "https://www.madrid.org/cs/Satellite?c=CM_ConvocaPrestac_FA&cid=1354758326976&definicion=Contratos+Publicos&language=es&op2=PCON&pagename=PortalContratacion%2FPage%2FPCON_contratosPublicos&tipoServicio=CM_ConvocaPrestac_FA", "titulo": "Direcci\u00f3n Facultativa y Coordinaci\u00f3n de Seguridad y Salud de las obras del proyecto \"Embellecimiento del Barrio de Villamonta\u00f1a en el municipio de San Mart\u00edn de la Vega\"", "status": "En tramitaci\u00f3n", "tipo-publicacion": "Tabl\u00f3n de anuncios electr\u00f3nico", "objeto-del-contrato": "*Lote 1: CA/0811.128.06/02/S Prestacion de servicios de Direccion Facultativa, incluida la redaccion del proyecto modificado de obra, si fuera necesario y Lote 2: CA/0811.128.06/03/S Prestacion de servicios de Coordinacion de Seguridad y Salud; de las obras del proyecto \"Embellecimiento del Barrio de Villamonta\u00f1a\" en el municipio de San Martin de la Vega.\n*Division de Lote: SI (2 lotes)Lote 1: CA/0811.128.06/02/S y Lote 2: CA/0811.128.06/03/S\nLugar de ejecucion: San Mart\u00edn de la Vega en Calle Villamonta\u00f1a interseccion con Av. del Dr. Manuel Jarabo\n*Plazo de ejecucion: ver pliegos", "codigo-cpv": "71247000-1", "numero-de-expediente": "CA/0811.128.06/02/S y CA/0811.128.06/03/S", "referencia": "2788331", "tipo-de-contrato": "Servicios", "entidad-adjudicadora": "", "codigo-nuts": "ES300", "procedimiento-adjudicacion": "Abierto simplificado", "presupuesto-base-licitacion-(sin-impuestos)": "9.286,57 euros", "duracion-del-contrato": "6 Meses", "puntos-de-informacion": "*Entidad adjudicadora: Obras de Madrid. Gestion de Obras e Infraestructuras, S.A. CIF A79932927 - calle Alcala, 21 - 4\u00aa planta - 28014 Madrid - Tel. 915240436; Fax. 915770150 - correos electronicos: icuesta@obrasdemadrid.com y p.rubio@obrasdemadrid.com (consultas tecnicas) y md.nogal@obrasdemadrid.com (consultas administrativas *Documentacion: Perfil del contratante http:/www.madrid.org/contratospublicos - Tel.915753415; Fax. 915770150 N\u00ba de Lotes: 2 *Presentacion de ofertas: hasta el 20 de febrero de 2019 a las 14:00 hs. en Calle Alcala, 21 - 4\u00aa planta - 28014 Madrid *Apertura de ofertas: el d\u00eda 22 de febrero de 2019 a las 9:30 hs. en Calle Alcala, 21 - 4\u00aa planta - 28014 Madrid"}