{"url": "https://www.madrid.org/cs/Satellite?c=CM_ConvocaPrestac_FA&cid=1354814708346&definicion=Contratos+Publicos&language=es&op2=PCON&pagename=PortalContratacion%2FPage%2FPCON_contratosPublicos&tipoServicio=CM_ConvocaPrestac_FA", "titulo": "Servicio de Realizaci\u00f3n de Auditor\u00edas para la Renovaci\u00f3n y Seguimiento de Certificaciones ISO 9001 y 14001 para el Hospital Universitario de Getafe", "status": "Plazo indefinido", "tipo-publicacion": "Tabl\u00f3n de anuncios electr\u00f3nico", "objeto-del-contrato": "Servicio de Realizaci\u00f3n de Auditor\u00edas para la Renovaci\u00f3n y Seguimiento de Certificaciones ISO 9001 y 14001 para el Hospital Universitario de Getafe", "codigo-cpv": "79400000-8", "compra-publica-innovadora": "No", "numero-de-expediente": "PASAPC 2020-8-3", "referencia": "3412109", "tipo-de-contrato": "Servicios", "entidad-adjudicadora": "", "codigo-nuts": "ES300", "procedimiento-adjudicacion": "Abierto simplificado", "puntos-de-informacion": "*Obtenci\u00f3n de documentaci\u00f3n e informaci\u00f3n:"}