{"url": "https://www.madrid.org/cs/Satellite?c=CM_ConvocaPrestac_FA&cid=1354890048519&definicion=Contratos+Publicos&language=es&op2=PCON&pagename=PortalContratacion%2FPage%2FPCON_contratosPublicos&tipoServicio=CM_ConvocaPrestac_FA", "titulo": "Servicios de asistencia t\u00e9cnica para el control del ruido al ambiente exterior generado por las instalaciones de Canal de Isabel II, S.A.", "status": "Plazo indefinido", "tipo-publicacion": "Tabl\u00f3n de anuncios electr\u00f3nico", "objeto-del-contrato": "Servicios de asistencia t\u00e9cnica para el control del ruido al ambiente exterior generado por las instalaciones de Canal de Isabel II, S.A.", "codigo-cpv": "71313100-6", "numero-de-expediente": "64/2021 Tabl\u00f3n", "referencia": "4172745", "tipo-de-contrato": "Servicios", "entidad-adjudicadora": "", "codigo-nuts": "ES300", "procedimiento-adjudicacion": "Abierto", "presupuesto-base-licitacion-(sin-impuestos)": "28.000 euros", "duracion-del-contrato": "7 Meses", "defectos-u-omisiones-de-la-documentacion-publicados-el": "(Publicado el 05 octubre 2021 13:30)", "ofertas-anormales-o-desproporcionadas-publicadas-el": "(Publicado el 05 agosto 2021 09:45)"}