{"url": "https://www.madrid.org/cs/Satellite?c=CM_ConvocaPrestac_FA&cid=1354861924385&definicion=Contratos+Publicos&language=es&op2=PCON&pagename=PortalContratacion%2FPage%2FPCON_contratosPublicos&tipoServicio=CM_ConvocaPrestac_FA", "titulo": "Trabajos auxiliares de mantenimiento del mobiliario y equipamiento en Servicios Centrales de la Agencia Madrile\u00f1a de Atenci\u00f3n Social", "status": "Plazo indefinido", "tipo-publicacion": "Tabl\u00f3n de anuncios electr\u00f3nico", "objeto-del-contrato": "Trabajos auxiliares de mantenimiento del mobiliario y equipamiento en Servicios Centrales de la Agencia Madrile\u00f1a de Atenci\u00f3n Social", "codigo-cpv": "50700000-2", "numero-de-expediente": "A/SER-034224/2020", "referencia": "3906454", "tipo-de-contrato": "Servicios", "entidad-adjudicadora": "", "codigo-nuts": "ES300", "procedimiento-adjudicacion": "Abierto", "presupuesto-base-licitacion-(sin-impuestos)": "60.553,2 euros", "duracion-del-contrato": "24 Meses", "defectos-u-omisiones-de-la-documentacion-publicados-el": "(Publicado el 15 enero 2021 13:50)", "empresarios-excluidos-publicados-el": "(Publicado el 21 enero 2021 13:50)", "ofertas-anormales-o-desproporcionadas-publicadas-el": "(Publicado el 21 enero 2021 13:50)"}