{"url": "https://www.madrid.org/cs/Satellite?c=CM_ConvocaPrestac_FA&cid=1354897786559&definicion=Contratos+Publicos&language=es&op2=PCON&pagename=PortalContratacion%2FPage%2FPCON_contratosPublicos&tipoServicio=CM_ConvocaPrestac_FA", "titulo": "Servicio de mantenimiento del sistema de reconocimiento de voz del Hospital Clinico San Carlos.", "status": "Plazo indefinido", "tipo-publicacion": "Tabl\u00f3n de anuncios electr\u00f3nico", "objeto-del-contrato": "Servicio de mantenimiento del sistema de reconocimiento de voz del Hospital Clinico San Carlos.", "numero-de-expediente": "PAS 2021-4-107", "referencia": "4301432", "tipo-de-contrato": "Servicios", "entidad-adjudicadora": "", "codigo-nuts": "ES300", "procedimiento-adjudicacion": "Abierto simplificado", "empresarios-excluidos-publicados-el": "(Publicado el 30 septiembre 2021 11:15)"}