{"url": "https://www.madrid.org/cs/Satellite?c=CM_ConvocaPrestac_FA&cid=1354797032673&definicion=Contratos+Publicos&language=es&op2=PCON&pagename=PortalContratacion%2FPage%2FPCON_contratosPublicos&tipoServicio=CM_ConvocaPrestac_FA", "titulo": "Asistencia t\u00e9cnica especializada y direcci\u00f3n de las obras de proyecto de urbanizacion colonia alto del arenal APD 14/2 y estudio de detalle 13/7 en API 13.03 Vallecas", "status": "Plazo indefinido", "tipo-publicacion": "Tabl\u00f3n de anuncios electr\u00f3nico", "objeto-del-contrato": "Asistencia t\u00e9cnica especializada y direcci\u00f3n de las obras de proyecto de urbanizacion colonia alto del arenal APD 14/2 y estudio de detalle 13/7 en API 13.03 Vallecas", "numero-de-expediente": "A/SER-014096/2019", "referencia": "3259627", "tipo-de-contrato": "Servicios", "entidad-adjudicadora": "", "codigo-nuts": "ES300", "procedimiento-adjudicacion": "Negociado sin publicidad", "defectos-u-omisiones-de-la-documentacion-publicados-el": "(Publicado el 30 septiembre 2019 13:46)", "ofertas-anormales-o-desproporcionadas-publicadas-el": "(Publicado el 15 noviembre 2019 09:16)"}