{"url": "https://www.madrid.org/cs/Satellite?c=CM_ConvocaPrestac_FA&cid=1354795368662&definicion=Contratos+Publicos&language=es&op2=PCON&pagename=PortalContratacion%2FPage%2FPCON_contratosPublicos&tipoServicio=CM_ConvocaPrestac_FA", "titulo": "Servicio de asistencia t\u00e9cnica y mantenimiento de los sistemas de informaci\u00f3n y planificaci\u00f3n oncol\u00f3gica del H.U. La Princesa", "status": "En tramitaci\u00f3n", "tipo-publicacion": "Tabl\u00f3n de anuncios electr\u00f3nico", "objeto-del-contrato": "Servicio de asistencia t\u00e9cnica y mantenimiento de los equipos y sistemas de informaci\u00f3n y planificaci\u00f3n oncol\u00f3gica Red Aria HIT1107 del Servicio de Oncolog\u00eda Radioter\u00e1pica del Hospital Universitario de La Princesa.", "codigo-cpv": "72200000-7", "numero-de-expediente": "P.A.S. 56/2019 HUP", "referencia": "3259281", "tipo-de-contrato": "Servicios", "entidad-adjudicadora": "", "codigo-nuts": "ES300", "procedimiento-adjudicacion": "Abierto", "presupuesto-base-licitacion-(sin-impuestos)": "62.321,59 euros", "duracion-del-contrato": "24 Meses", "puntos-de-informacion": "", "empresarios-excluidos-publicados-el": "(Publicado el 14 octubre 2019 10:01)"}