{"url": "https://www.madrid.org/cs/Satellite?c=CM_ConvocaPrestac_FA&cid=1354744173916&definicion=Contratos+Publicos&language=es&op2=PCON&pagename=PortalContratacion%2FPage%2FPCON_contratosPublicos&tipoServicio=CM_ConvocaPrestac_FA", "titulo": "Servicio de mantenimiento del equipo electrom\u00e9dico de poligraf\u00eda marca Carhmed de hemodin\u00e1mica Hospital Universitario 12 de Octubre", "status": "Plazo indefinido", "tipo-publicacion": "Tabl\u00f3n de anuncios electr\u00f3nico", "objeto-del-contrato": "Servicio de mantenimiento del equipo electrom\u00e9dico de poligraf\u00eda marca Carhmed de hemodin\u00e1mica Hospital Universitario 12 de Octubre", "compra-publica-innovadora": "No", "numero-de-expediente": "2018-0-200", "referencia": "2655497", "tipo-de-contrato": "Servicios", "entidad-adjudicadora": "", "codigo-nuts": "ES300", "procedimiento-adjudicacion": "Abierto", "puntos-de-informacion": ""}