{"url": "https://www.madrid.org/cs/Satellite?c=CM_ConvocaPrestac_FA&cid=1354801116355&definicion=Contratos+Publicos&language=es&op2=PCON&pagename=PortalContratacion%2FPage%2FPCON_contratosPublicos&tipoServicio=CM_ConvocaPrestac_FA", "titulo": "Gesti\u00f3n del centro de atenci\u00f3n a personas con discapacidad intelectual, integrado por residencia y centro ocupacional, de formaci\u00f3n, oportunidades e inserci\u00f3n laboral, en Colmenar de Oreja.", "status": "En tramitaci\u00f3n", "tipo-publicacion": "Tabl\u00f3n de anuncios electr\u00f3nico", "objeto-del-contrato": "Gesti\u00f3n del centro de atenci\u00f3n a personas adultas con discapacidad intelectual, integrado por residencia y centro ocupacional, de formaci\u00f3n, oportunidades e inserci\u00f3n laboral (COFOIL). El centro est\u00e1 ubicado en la Carretera de Villarrubia, s/n, de Colmenar de Oreja (Madrid), ostentando la Comunidad de Madrid la titularidad del mismo.", "numero-de-expediente": "136/2019", "referencia": "3260415", "tipo-de-contrato": "Servicios", "entidad-adjudicadora": "", "codigo-nuts": "ES300", "procedimiento-adjudicacion": "Abierto", "defectos-u-omisiones-de-la-documentacion-publicados-el": "(Publicado el 07 enero 2020 18:00)"}