{"url": "https://www.madrid.org/cs/Satellite?c=CM_ConvocaPrestac_FA&cid=1354897290204&definicion=Contratos+Publicos&language=es&op2=PCON&pagename=PortalContratacion%2FPage%2FPCON_contratosPublicos&tipoServicio=CM_ConvocaPrestac_FA", "titulo": "Digitalizaci\u00f3n, anexado y datado de documentos y acuses de recibo, y extracci\u00f3n y archivo de expedientes de prestaciones econ\u00f3micas de pensiones no contributivas y renta m\u00ednima de inserci\u00f3n", "status": "En plazo", "tipo-publicacion": "Tabl\u00f3n de anuncios electr\u00f3nico", "objeto-del-contrato": "Servicios de digitalizaci\u00f3n, anexado y datado de documentos (Acuses de recibo, carta de notificaci\u00f3n etc.) de Pensiones No Contributivas y Renta M\u00ednima de Inserci\u00f3n en la Subdirecci\u00f3n General de Prestaciones Econ\u00f3micas y cualquier otro documento que se estime necesario. Tambi\u00e9n es objeto de este pliego la extracci\u00f3n y el archivo de documentos/expedientes relacionados con Pensiones No Contributivas y Renta M\u00ednima de Inserci\u00f3n.", "numero-de-expediente": "131/2021", "referencia": "4301307", "tipo-de-contrato": "Servicios", "entidad-adjudicadora": "", "codigo-nuts": "ES300", "procedimiento-adjudicacion": "Abierto simplificado"}