{"url": "https://www.madrid.org/cs/Satellite?c=CM_ConvocaPrestac_FA&cid=1354811382165&definicion=Contratos+Publicos&language=es&op2=PCON&pagename=PortalContratacion%2FPage%2FPCON_contratosPublicos&tipoServicio=CM_ConvocaPrestac_FA", "titulo": "Apoyo did\u00e1ctico y t\u00e9cnico para la realizaci\u00f3n, tabulaci\u00f3n, documentaci\u00f3n y an\u00e1lisis de los resultados de la evaluaci\u00f3n para los alumnos de tercer curso de educaci\u00f3n primaria, de la evaluaci\u00f3n final para los alumnos de sexto curso de educaci\u00f3n primaria y de la evaluaci\u00f3n final de educaci\u00f3n secundaria obligatoria de la Comunidad de Madrid en el a\u00f1o 2020", "status": "En tramitaci\u00f3n", "tipo-publicacion": "Tabl\u00f3n de anuncios electr\u00f3nico", "objeto-del-contrato": "Apoyo did\u00e1ctico y t\u00e9cnico para la realizaci\u00f3n, tabulaci\u00f3n, documentaci\u00f3n y an\u00e1lisis de los resultados de la evaluaci\u00f3n para los alumnos de tercer curso de educaci\u00f3n primaria, de la evaluaci\u00f3n final para los alumnos de sexto curso de educaci\u00f3n primaria y de la evaluaci\u00f3n final de educaci\u00f3n secundaria obligatoria de la Comunidad de Madrid en el a\u00f1o 2020", "codigo-cpv": "80100000-5, 80200000-6", "numero-de-expediente": "C-322O/007-19  (A/SER-036084/2019)", "referencia": "3411460", "tipo-de-contrato": "Servicios", "entidad-adjudicadora": "", "codigo-nuts": "ES300", "procedimiento-adjudicacion": "Abierto", "presupuesto-base-licitacion-(sin-impuestos)": "424.377,6 euros", "duracion-del-contrato": "9 Meses", "puntos-de-informacion": "Obtenci\u00f3n de documentaci\u00f3n e informaci\u00f3n:", "defectos-u-omisiones-de-la-documentacion-publicados-el": "(Publicado el 20 enero 2020 13:03)"}