{"url": "https://www.madrid.org/cs/Satellite?c=CM_ConvocaPrestac_FA&cid=1354837598403&definicion=Contratos+Publicos&language=es&op2=PCON&pagename=PortalContratacion%2FPage%2FPCON_contratosPublicos&tipoServicio=CM_ConvocaPrestac_FA", "titulo": "Realizaci\u00f3n de trabajos de apoyo a la revisi\u00f3n administrativa de las diferentes fases de tramitaci\u00f3n de las convocatorias de ayuda en concurrencia competitiva cofinanciadas con fondos FEDER Y FSE, la tramitaci\u00f3n de los convenios de colaboraci\u00f3n con Universidades p\u00fablicas y la tramitaci\u00f3n de transferencias nominativas de la Direcci\u00f3n General de Investigaci\u00f3n e Innovaci\u00f3n Tecnol\u00f3gica gestionados por la Subdirecci\u00f3n General de Investigaci\u00f3n", "status": "En tramitaci\u00f3n", "tipo-publicacion": "Tabl\u00f3n de anuncios electr\u00f3nico", "objeto-del-contrato": "Servicio para la para la realizaci\u00f3n de trabajos de apoyo a la revisi\u00f3n administrativa de las diferentes fases de tramitaci\u00f3n de las convocatorias de ayuda en concurrencia competitiva cofinanciadas con fondos FEDER Y FSE, la tramitaci\u00f3n de los convenios de colaboraci\u00f3n con universidades p\u00fablicas y la tramitaci\u00f3n de transferencias nominativas de la Direcci\u00f3n General de Investigaci\u00f3n e Innovacion tecnol\u00f3gica gestionados por la Subdirecci\u00f3n General de Investigaci\u00f3n\u201d", "codigo-cpv": "73200000-4", "numero-de-expediente": "A/SER-007655/2020 (C-466A/001-20)", "referencia": "3680215", "tipo-de-contrato": "Servicios", "entidad-adjudicadora": "", "codigo-nuts": "ES300", "procedimiento-adjudicacion": "Abierto", "presupuesto-base-licitacion-(sin-impuestos)": "187.610,72 euros", "duracion-del-contrato": "12 Meses", "ofertas-anormales-o-desproporcionadas-publicadas-el": "(Publicado el 28 diciembre 2020 12:00)"}