{"url": "https://www.madrid.org/cs/Satellite?c=CM_ConvocaPrestac_FA&cid=1354897877817&definicion=Contratos+Publicos&language=es&op2=PCON&pagename=PortalContratacion%2FPage%2FPCON_contratosPublicos&tipoServicio=CM_ConvocaPrestac_FA", "titulo": "TABLON ELECTRONICO Servicio de ayudas a la reparaci\u00f3n, conservaci\u00f3n y mantenimiento de los edificios, bienes, enseres y \u00e1reas exteriores del Complejo Sanitario del Hospital Universitario 12 de Octubre y Centros adscritos al mismo", "status": "En tramitaci\u00f3n", "tipo-publicacion": "Tabl\u00f3n de anuncios electr\u00f3nico", "objeto-del-contrato": "Servicio de ayudas a la reparaci\u00f3n, conservaci\u00f3n y mantenimiento de los edificios, bienes, enseres y \u00e1reas exteriores del Complejo Sanitario del Hospital Universitario 12 de Octubre y Centros adscritos al mismo", "compra-publica-innovadora": "No", "numero-de-expediente": "2021-0-111", "referencia": "4301453", "tipo-de-contrato": "Servicios", "entidad-adjudicadora": "", "codigo-nuts": "ES300", "procedimiento-adjudicacion": "Abierto", "puntos-de-informacion": ""}