{"url": "https://www.madrid.org/cs/Satellite?c=CM_ConvocaPrestac_FA&cid=1354868837208&definicion=Contratos+Publicos&language=es&op2=PCON&pagename=PortalContratacion%2FPage%2FPCON_contratosPublicos&tipoServicio=CM_ConvocaPrestac_FA", "titulo": "Mantenimiento preventivo y correctivo de las instalaciones de climatizaci\u00f3n y alimentaci\u00f3n el\u00e9ctrica", "status": "En tramitaci\u00f3n", "tipo-publicacion": "Tabl\u00f3n de anuncios electr\u00f3nico", "objeto-del-contrato": "Contrato de servicios para el mantenimiento preventivo y correctivo de las instalaciones de climatizaci\u00f3n y alimentaci\u00f3n el\u00e9ctrica del Centro de proceso de datos ATHENE@ situado en el Hospital Universitario 12 de Octubre y del Centro de proceso de datos de la Calle Aduana, de la Consejer\u00eda de Sanidad de la Comunidad de Madrid, por procedimiento abierto con pluralidad de criterios.", "codigo-cpv": "50700000-2", "compra-publica-innovadora": "No", "numero-de-expediente": "PA SER 06/2020", "referencia": "4024666", "tipo-de-contrato": "Servicios", "entidad-adjudicadora": "", "codigo-nuts": "ES30", "procedimiento-adjudicacion": "Abierto", "presupuesto-base-licitacion-(sin-impuestos)": "66.449,07 euros", "duracion-del-contrato": "34 Meses"}