{"url": "https://www.madrid.org/cs/Satellite?c=CM_ConvocaPrestac_FA&cid=1354834334094&definicion=Contratos+Publicos&language=es&op2=PCON&pagename=PortalContratacion%2FPage%2FPCON_contratosPublicos&tipoServicio=CM_ConvocaPrestac_FA", "titulo": "TABLON PA 4_2019 Tratamiento Toxicoman\u00edas 30+20", "status": "En tramitaci\u00f3n", "tipo-publicacion": "Tabl\u00f3n de anuncios electr\u00f3nico", "objeto-del-contrato": "Servicio publico consistente en la concertaci\u00f3n de 30 plazas de ingreso y 20 plazas de centro de d\u00eda, en hospital de salud mental y tratamiento de toxicoman\u00edas dirigidas a desintoxicar y deshabituar a pacientes adictos a drogas que no pueden ser abordados en esta fase desde el tratamiento ambulatorio.", "codigo-cpv": "85140000-2", "numero-de-expediente": "PA 4/2019", "referencia": "3618438", "tipo-de-contrato": "Servicios", "entidad-adjudicadora": "", "codigo-nuts": "ES300", "procedimiento-adjudicacion": "Abierto", "presupuesto-base-licitacion-(sin-impuestos)": "3.141.981 euros", "duracion-del-contrato": "2 A\u00f1os", "puntos-de-informacion": "", "defectos-u-omisiones-de-la-documentacion-publicados-el": "(Publicado el 24 junio 2020 20:30)"}