{"url": "https://www.madrid.org/cs/Satellite?c=CM_ConvocaPrestac_FA&cid=1354856609814&definicion=Contratos+Publicos&language=es&op2=PCON&pagename=PortalContratacion%2FPage%2FPCON_contratosPublicos&tipoServicio=CM_ConvocaPrestac_FA", "titulo": "Servicios de colaboraci\u00f3n en la gesti\u00f3n de las convocatorias de becas y ayudas para el curso 2021/2022, dividido en cinco lotes", "status": "En tramitaci\u00f3n", "tipo-publicacion": "Tabl\u00f3n de anuncios electr\u00f3nico", "objeto-del-contrato": "Servicios de colaboraci\u00f3n en la gesti\u00f3n de las convocatorias de becas y ayudas para el curso 2021/2022, dividido en cinco lotes", "codigo-cpv": "75121000-0", "compra-publica-innovadora": "No", "numero-de-expediente": "A/SER-041769/2020 (C-323M-006-20)", "referencia": "3877202", "tipo-de-contrato": "Servicios", "entidad-adjudicadora": "", "codigo-nuts": "ES300", "procedimiento-adjudicacion": "Abierto", "presupuesto-base-licitacion-(sin-impuestos)": "206.257,6 euros", "duracion-del-contrato": "11 Meses", "puntos-de-informacion": "", "ofertas-anormales-o-desproporcionadas-publicadas-el": "(Publicado el 15 enero 2021 14:45)"}