{"url": "https://www.madrid.org/cs/Satellite?c=CM_ConvocaPrestac_FA&cid=1354745720285&definicion=Contratos+Publicos&language=es&op2=PCON&pagename=PortalContratacion%2FPage%2FPCON_contratosPublicos&tipoServicio=CM_ConvocaPrestac_FA", "titulo": "Mantenimiento preventivo y correctivo de fotocopiadoras y equipos multifunci\u00f3n propiedad de la Consejer\u00eda de Pol\u00edticas Sociales y Familia", "status": "En tramitaci\u00f3n", "tipo-publicacion": "Tabl\u00f3n de anuncios electr\u00f3nico", "objeto-del-contrato": "Mantenimiento preventivo y correctivo de fotocopiadoras y equipos multifunci\u00f3n propiedad de la Consejer\u00eda de Pol\u00edticas Sociales y Familia que se relacionan en el anexo I del Pliego de Prescripciones T\u00e9cnicas.", "numero-de-expediente": "051/2019", "referencia": "2655814", "tipo-de-contrato": "Servicios", "entidad-adjudicadora": "", "codigo-nuts": "ES300", "procedimiento-adjudicacion": "Abierto simplificado"}