{"url": "https://www.madrid.org/cs/Satellite?c=CM_ConvocaPrestac_FA&cid=1354883330655&definicion=Contratos+Publicos&language=es&op2=PCON&pagename=PortalContratacion%2FPage%2FPCON_contratosPublicos&tipoServicio=CM_ConvocaPrestac_FA", "titulo": "Tabl\u00f3n Redacci\u00f3n Proyecto B\u00e1sico y de Ejecuci\u00f3n C.S.Puerta del Angel", "status": "En tramitaci\u00f3n", "tipo-publicacion": "Tabl\u00f3n de anuncios electr\u00f3nico", "objeto-del-contrato": "Redacci\u00f3n de Proyecto B\u00e1sico y de Ejecuci\u00f3n de la obra del Centro de Salud Puerta del \u00c1ngel", "codigo-cpv": "71242000-6", "compra-publica-innovadora": "No", "numero-de-expediente": "A/SER-015664/2021", "referencia": "4145283", "tipo-de-contrato": "Servicios", "entidad-adjudicadora": "", "codigo-nuts": "ES300", "procedimiento-adjudicacion": "Abierto simplificado", "presupuesto-base-licitacion-(sin-impuestos)": "52.853,72 euros", "duracion-del-contrato": "135 D\u00edas", "puntos-de-informacion": "* Obtenci\u00f3n de documentaci\u00f3n e informaci\u00f3n:", "ofertas-anormales-o-desproporcionadas-publicadas-el": "(Publicado el 04 junio 2021 16:45)"}