{"url": "https://www.madrid.org/cs/Satellite?c=CM_ConvocaPrestac_FA&cid=1354892335622&definicion=Contratos+Publicos&language=es&op2=PCON&pagename=PortalContratacion%2FPage%2FPCON_contratosPublicos&tipoServicio=CM_ConvocaPrestac_FA", "titulo": "Gesti\u00f3n de un centro de atenci\u00f3n integral a mujeres v\u00edctimas de violencia sexual de la Comunidad de Madrid-CIMASCAM", "status": "En tramitaci\u00f3n", "tipo-publicacion": "Tabl\u00f3n de anuncios electr\u00f3nico", "objeto-del-contrato": "Gesti\u00f3n del centro de atenci\u00f3n integral a mujeres v\u00edctimas de violencia sexual, cuya misi\u00f3n es la recuperaci\u00f3n psicosocial de las mujeres y, en su caso, sus familiares, as\u00ed como asistencia y apoyo jur\u00eddico, tal y como se establece en los art\u00edculos 2 y 27 de la Ley 5/2005, de 20 de diciembre, Integral contra la Violencia de G\u00e9nero de la Comunidad de Madrid.", "codigo-cpv": "85312000-9", "compra-publica-innovadora": "No", "numero-de-expediente": "059/2021(A/SER-037505/2020)", "referencia": "4220838", "tipo-de-contrato": "Servicios", "entidad-adjudicadora": "", "codigo-nuts": "ES300", "procedimiento-adjudicacion": "Abierto", "duracion-del-contrato": "2 A\u00f1os"}