{"url": "https://www.madrid.org/cs/Satellite?c=CM_ConvocaPrestac_FA&cid=1354764685859&definicion=Contratos+Publicos&language=es&op2=PCON&pagename=PortalContratacion%2FPage%2FPCON_contratosPublicos&tipoServicio=CM_ConvocaPrestac_FA", "titulo": "Tabl\u00f3n de anuncios Asistencia T\u00e9cnica obras de mejora red colectores en Coslada", "status": "Plazo indefinido", "tipo-publicacion": "Tabl\u00f3n de anuncios electr\u00f3nico", "objeto-del-contrato": "Tabl\u00f3n de anuncios Asistencia T\u00e9cnica para vigilancia, control y coordinaci\u00f3n de Seguridad y Salud en las obras de mejora red colectores en Coslada", "compra-publica-innovadora": "No", "numero-de-expediente": "2019/03", "referencia": "2789707", "tipo-de-contrato": "Servicios", "entidad-adjudicadora": "", "codigo-nuts": "ES300", "procedimiento-adjudicacion": "Abierto simplificado", "puntos-de-informacion": "* Obtenci\u00f3n de documentaci\u00f3n e informaci\u00f3n:\n- Canal de Isabel II. Plaza del Descubridor Diego de Ord\u00e1s, 3, 3\u00aa planta. 28003. Madrid. Tel\u00e9fono: 91 545 12 34.\n- Oficinas de Atenci\u00f3n al Ciudadano.\n* Presentaci\u00f3n de ofertas o de solicitudes de participaci\u00f3n:\n- Canal de Isabel II. Plaza del Descubridor Diego de Ord\u00e1s, 3, 3\u00aa planta. 28003. Madrid.", "ofertas-anormales-o-desproporcionadas-publicadas-el": "(Publicado el 19 marzo 2019 12:01)"}