{"url": "https://www.madrid.org/cs/Satellite?c=CM_ConvocaPrestac_FA&cid=1354892336592&definicion=Contratos+Publicos&language=es&op2=PCON&pagename=PortalContratacion%2FPage%2FPCON_contratosPublicos&tipoServicio=CM_ConvocaPrestac_FA", "titulo": "Evaluaci\u00f3n y tratamiento psicoterap\u00e9utico para menores acogidos con familia ajena con cargo a la Direcci\u00f3n General de Infancia, Familias y Natalidad", "status": "En tramitaci\u00f3n", "tipo-publicacion": "Tabl\u00f3n de anuncios electr\u00f3nico", "objeto-del-contrato": "El servicio objeto de este contrato consiste, por un lado, en la prestaci\u00f3n de servicios de evaluaci\u00f3n, orientaci\u00f3n y tratamientos psicoterap\u00e9uticos a menores acogidos en familia ajena o en tr\u00e1mite de estarlo, as\u00ed como a las familias acogedoras en todas las modalidades de acogimiento familiar en familia ajena y, por otro, en la coordinaci\u00f3n y asesoramiento a los equipos t\u00e9cnicos que intervengan con los menores en acogimiento con familia ajena.", "codigo-cpv": "85312000-9", "compra-publica-innovadora": "No", "numero-de-expediente": "093/2021 (A/SER-006553/2021)", "referencia": "4220840", "tipo-de-contrato": "Servicios", "entidad-adjudicadora": "", "codigo-nuts": "ES300", "procedimiento-adjudicacion": "Abierto", "duracion-del-contrato": "2 A\u00f1os", "defectos-u-omisiones-de-la-documentacion-publicados-el": "(Publicado el 09 septiembre 2021 14:30)"}