{"url": "https://www.madrid.org/cs/Satellite?c=CM_ConvocaPrestac_FA&cid=1354891410687&definicion=Contratos+Publicos&language=es&op2=PCON&pagename=PortalContratacion%2FPage%2FPCON_contratosPublicos&tipoServicio=CM_ConvocaPrestac_FA", "titulo": "Mensajer\u00eda para la Consejer\u00eda de Econom\u00eda, Hacienda y Empleo de la Comunidad de Madrid.", "status": "Plazo indefinido", "tipo-publicacion": "Tabl\u00f3n de anuncios electr\u00f3nico", "objeto-del-contrato": "Mensajer\u00eda para la Consejer\u00eda de Econom\u00eda, Hacienda y Empleo de la Comunidad de Madrid.", "compra-publica-innovadora": "No", "numero-de-expediente": "A/SER-028391/2021", "referencia": "4186605", "tipo-de-contrato": "Servicios", "entidad-adjudicadora": "", "codigo-nuts": "ES300", "procedimiento-adjudicacion": "Abierto", "puntos-de-informacion": "\u00c1rea de Contrataci\u00f3n de la Secretar\u00eda General T\u00e9cnica.", "defectos-u-omisiones-de-la-documentacion-publicados-el": "(Publicado el 24 agosto 2021 14:31)", "ofertas-anormales-o-desproporcionadas-publicadas-el": "(Publicado el 02 septiembre 2021 17:45)"}