{"url": "https://www.madrid.org/cs/Satellite?c=CM_ConvocaPrestac_FA&cid=1354786633631&definicion=Contratos+Publicos&language=es&op2=PCON&pagename=PortalContratacion%2FPage%2FPCON_contratosPublicos&tipoServicio=CM_ConvocaPrestac_FA", "titulo": "Servicio de transporte de material biosanitario y de mensajer\u00eda urgente entre las dependencias y unidades asistenciales y administrativas del Hospital Universitario La Paz- Carlos III- Cantoblanco", "status": "En tramitaci\u00f3n", "tipo-publicacion": "Tabl\u00f3n de anuncios electr\u00f3nico", "objeto-del-contrato": "Servicio de transporte de material biosanitario y de mensajer\u00eda urgente entre las dependencias y unidades asistenciales y administrativas del Hospital Universitario La Paz- Carlos III- Cantoblanco o entre estas con cualquier otro destino, independientemente de su naturaleza y de su \u00e1mbito (local, auton\u00f3mico, nacional o internacional)", "codigo-cpv": "60100000-9", "compra-publica-innovadora": "No", "numero-de-expediente": "P.A.S. 29/2019", "referencia": "3234217", "tipo-de-contrato": "Servicios", "entidad-adjudicadora": "", "codigo-nuts": "ES300", "procedimiento-adjudicacion": "Abierto simplificado"}