{"url": "https://www.madrid.org/cs/Satellite?c=CM_ConvocaPrestac_FA&cid=1354890746758&definicion=Contratos+Publicos&language=es&op2=PCON&pagename=PortalContratacion%2FPage%2FPCON_contratosPublicos&tipoServicio=CM_ConvocaPrestac_FA", "titulo": "Tabl\u00f3n de Anuncio COD PAPC 2021-8-6", "status": "En tramitaci\u00f3n", "tipo-publicacion": "Tabl\u00f3n de anuncios electr\u00f3nico", "objeto-del-contrato": "Servicio de Codificaci\u00f3n de Episodios Asistenciales para el Hospital Universitario de Getafe.", "codigo-cpv": "85110000-3", "compra-publica-innovadora": "No", "numero-de-expediente": "PAPC 2021-8-6", "referencia": "4185181", "tipo-de-contrato": "Servicios", "entidad-adjudicadora": "", "codigo-nuts": "ES300", "procedimiento-adjudicacion": "Abierto", "presupuesto-base-licitacion-(sin-impuestos)": "160.895,88 euros", "duracion-del-contrato": "24 Meses", "puntos-de-informacion": "*Obtenci\u00f3n de documentaci\u00f3n e informaci\u00f3n:", "defectos-u-omisiones-de-la-documentacion-publicados-el": "(Publicado el 15 septiembre 2021 08:30)", "empresarios-excluidos-publicados-el": "(Publicado el 22 septiembre 2021 11:30)"}