{"url": "https://www.madrid.org/cs/Satellite?c=CM_ConvocaPrestac_FA&cid=1354854714177&definicion=Contratos+Publicos&language=es&op2=PCON&pagename=PortalContratacion%2FPage%2FPCON_contratosPublicos&tipoServicio=CM_ConvocaPrestac_FA", "titulo": "Servicios de Poliza de Seguro de Accidentes personales para alumnos matriculados en centros p\u00fablicos de la Comunidad de Madrid que impartan ense\u00f1anzas de Formaci\u00f3n Profesional durante la realizaci\u00f3n de pr\u00e1cticas formativas en empresas o in itinere", "status": "En tramitaci\u00f3n", "tipo-publicacion": "Tabl\u00f3n de anuncios electr\u00f3nico", "objeto-del-contrato": "Servicios de Poliza de Seguro de Accidentes personales para alumnos matriculados en centros p\u00fablicos de la Comunidad de Madrid que impartan ense\u00f1anzas de Formaci\u00f3n Profesional durante la realizaci\u00f3n de pr\u00e1cticas formativas en empresas o in itinere", "codigo-cpv": "66512100-3", "compra-publica-innovadora": "No", "numero-de-expediente": "A/SER-034009/2020 (C-322F-001-2020)", "referencia": "3828149", "tipo-de-contrato": "Servicios", "entidad-adjudicadora": "", "codigo-nuts": "ES300", "procedimiento-adjudicacion": "Abierto simplificado", "presupuesto-base-licitacion-(sin-impuestos)": "15.000 euros", "duracion-del-contrato": "12 Meses", "puntos-de-informacion": ""}