{"url": "https://www.madrid.org/cs/Satellite?c=CM_ConvocaPrestac_FA&cid=1354776809232&definicion=Contratos+Publicos&language=es&op2=PCON&pagename=PortalContratacion%2FPage%2FPCON_contratosPublicos&tipoServicio=CM_ConvocaPrestac_FA", "titulo": "Servicios de Direcci\u00f3n Facultativa (Lote 1) y Coordinaci\u00f3n de Seguridad y Salud (Lote 2) de las Obras de \"Acondicionamiento de Viario I: Calles Pe\u00f1as Altas, Pe\u00f1as Bajas y Traves\u00eda del Prado Gallo\" en el Municipio de Miraflores de la Sierra (Madrid)", "status": "En tramitaci\u00f3n", "tipo-publicacion": "Tabl\u00f3n de anuncios electr\u00f3nico", "codigo-cpv": "71000000-8, 71317200-5", "numero-de-expediente": "Lote 1: CA/0811.083.10/02/S  Y  Lote 2: CA/0811.083.10/03/S", "referencia": "3139038", "tipo-de-contrato": "Servicios", "entidad-adjudicadora": "", "codigo-nuts": "ES300", "procedimiento-adjudicacion": "Abierto simplificado", "presupuesto-base-licitacion-(sin-impuestos)": "14.805,29 euros", "duracion-del-contrato": "10 Meses", "defectos-u-omisiones-de-la-documentacion-publicados-el": "(Publicado el 13 junio 2019 12:31)"}