{"url": "https://www.madrid.org/cs/Satellite?c=CM_ConvocaPrestac_FA&cid=1354896423610&definicion=Contratos+Publicos&language=es&op2=PCON&pagename=PortalContratacion%2FPage%2FPCON_contratosPublicos&tipoServicio=CM_ConvocaPrestac_FA", "titulo": "Tabl\u00f3n de anuncios expd. SG2021-0-0003", "status": "En plazo", "tipo-publicacion": "Tabl\u00f3n de anuncios electr\u00f3nico", "objeto-del-contrato": "Servicios para la recogida, transporte y destrucci\u00f3n de la documentaci\u00f3n confidencial en el\u00a0Hospital Universitario Ram\u00f3n y Cajal y sus Centros dependientes.", "numero-de-expediente": "SG2021-0-00003", "referencia": "4301149", "tipo-de-contrato": "Servicios", "entidad-adjudicadora": "", "codigo-nuts": "ES300", "procedimiento-adjudicacion": "Abierto", "puntos-de-informacion": ""}