{"url": "https://www.madrid.org/cs/Satellite?c=CM_ConvocaPrestac_FA&cid=1354874788539&definicion=Contratos+Publicos&language=es&op2=PCON&pagename=PortalContratacion%2FPage%2FPCON_contratosPublicos&tipoServicio=CM_ConvocaPrestac_FA", "titulo": "Servicios de elaboraci\u00f3n de un estudio sobre el impacto socioecon\u00f3mico del COVID-19 sobre la poblaci\u00f3n joven de la Comunidad de Madrid", "status": "En tramitaci\u00f3n", "tipo-publicacion": "Tabl\u00f3n de anuncios electr\u00f3nico", "objeto-del-contrato": "Realizaci\u00f3n de un estudio que permita evaluar el impacto que la crisis sanitaria de la COVID-19 est\u00e1 teniendo sobre las posibilidades socioecon\u00f3micas de la juventud madrile\u00f1a, que permita profundizar en la identificaci\u00f3n de los \u00e1mbitos en los que se producen dichos impactos y el alcance de \u00e9stos, considerando las caracter\u00edsticas econ\u00f3micas y sociales de la regi\u00f3n y con el objetivo de elaborar propuestas de recomendaciones que facilite la adaptaci\u00f3n de las pol\u00edticas p\u00fablicas para este colectivo", "codigo-cpv": "79311300-0", "compra-publica-innovadora": "No", "numero-de-expediente": "A/SER-006564/2021 (C-232A-002-21)", "referencia": "4027044", "tipo-de-contrato": "Servicios", "entidad-adjudicadora": "", "codigo-nuts": "ES300", "procedimiento-adjudicacion": "Abierto simplificado", "presupuesto-base-licitacion-(sin-impuestos)": "33.890,01 euros", "duracion-del-contrato": "4 Meses", "puntos-de-informacion": "", "ofertas-anormales-o-desproporcionadas-publicadas-el": "(Publicado el 28 mayo 2021 12:30)"}