{"url": "https://www.madrid.org/cs/Satellite?c=CM_ConvocaPrestac_FA&cid=1354754977769&definicion=Contratos+Publicos&language=es&op2=PCON&pagename=PortalContratacion%2FPage%2FPCON_contratosPublicos&tipoServicio=CM_ConvocaPrestac_FA", "titulo": "Servicio de mantenimiento y evaluaci\u00f3n del Sistema de higiene y seguridad alimentaria en centros dependientes de la Agencia Madrile\u00f1a de Atenci\u00f3n Social", "status": "Plazo indefinido", "tipo-publicacion": "Tabl\u00f3n de anuncios electr\u00f3nico", "objeto-del-contrato": "Servicio de mantenimiento y evaluaci\u00f3n del Sistema de higiene y seguridad alimentaria en centros dependientes de la Agencia Madrile\u00f1a de Atenci\u00f3n Social", "codigo-cpv": "73200000-4", "numero-de-expediente": "A/SER-021810/2018", "referencia": "2787562", "tipo-de-contrato": "Servicios", "entidad-adjudicadora": "", "codigo-nuts": "ES300", "procedimiento-adjudicacion": "Abierto", "defectos-u-omisiones-de-la-documentacion-publicados-el": "(Publicado el 15 julio 2019 09:30)", "empresarios-excluidos-publicados-el": "(Publicado el 22 enero 2019 10:01)", "ofertas-anormales-o-desproporcionadas-publicadas-el": "(Publicado el 11 marzo 2019 13:30)"}