{"url": "https://www.madrid.org/cs/Satellite?c=CM_ConvocaPrestac_FA&cid=1354882321508&definicion=Contratos+Publicos&language=es&op2=PCON&pagename=PortalContratacion%2FPage%2FPCON_contratosPublicos&tipoServicio=CM_ConvocaPrestac_FA", "titulo": "Acuerdo Marco para los servicios de ejecuci\u00f3n de proyectos de desarrollo e implantaci\u00f3n de nuevas aplicaciones o herramientas inform\u00e1ticas de gesti\u00f3n de Metro de Madrid", "status": "En tramitaci\u00f3n", "tipo-publicacion": "Tabl\u00f3n de anuncios electr\u00f3nico", "objeto-del-contrato": "Acuerdo Marco para los servicios de ejecuci\u00f3n de proyectos de desarrollo e implantaci\u00f3n de nuevas aplicaciones o herramientas inform\u00e1ticas de gesti\u00f3n de Metro de Madrid", "codigo-cpv": "72000000-5", "numero-de-expediente": "6012100073", "referencia": "4118819", "tipo-de-contrato": "Servicios", "entidad-adjudicadora": "", "codigo-nuts": "ES300", "procedimiento-adjudicacion": "Abierto", "defectos-u-omisiones-de-la-documentacion-publicados-el": "(Publicado el 31 mayo 2021 12:00)", "empresarios-excluidos-publicados-el": "(Publicado el 05 octubre 2021 12:45)"}