{"url": "https://www.madrid.org/cs/Satellite?c=CM_ConvocaPrestac_FA&cid=1354882537180&definicion=Contratos+Publicos&language=es&op2=PCON&pagename=PortalContratacion%2FPage%2FPCON_contratosPublicos&tipoServicio=CM_ConvocaPrestac_FA", "titulo": "Acuerdo Marco para los servicios de asistencia t\u00e9cnica en obras del \u00c1rea de Obra Civil de Metro de Madrid S.A.", "status": "En tramitaci\u00f3n", "tipo-publicacion": "Tabl\u00f3n de anuncios electr\u00f3nico", "objeto-del-contrato": "Acuerdo Marco para los servicios de asistencia t\u00e9cnica en obras del \u00c1rea de Obra Civil de Metro de Madrid S.A.", "codigo-cpv": "71300000-1, 71310000-4", "numero-de-expediente": "6012100132", "referencia": "4118858", "tipo-de-contrato": "Servicios", "entidad-adjudicadora": "", "codigo-nuts": "ES300", "procedimiento-adjudicacion": "Abierto", "defectos-u-omisiones-de-la-documentacion-publicados-el": "(Publicado el 01 junio 2021 10:45)"}