{"url": "https://www.madrid.org/cs/Satellite?c=CM_ConvocaPrestac_FA&cid=1354792401576&definicion=Contratos+Publicos&language=es&op2=PCON&pagename=PortalContratacion%2FPage%2FPCON_contratosPublicos&tipoServicio=CM_ConvocaPrestac_FA", "titulo": "Servicio de mantenimiento del Sistema de Gesti\u00f3n de la Imagen no Radiol\u00f3gica y de la informaci\u00f3n cl\u00ednica asociada a la misma, mediante tecnolog\u00eda VNA en el Hospital Universitario Puerta de Hierro Majadahonda", "status": "En tramitaci\u00f3n", "tipo-publicacion": "Tabl\u00f3n de anuncios electr\u00f3nico", "objeto-del-contrato": "Servicio de mantenimiento del Sistema de Gesti\u00f3n de la Imagen no Radiol\u00f3gica y de la informaci\u00f3n cl\u00ednica asociada a la misma, mediante tecnolog\u00eda VNA en el Hospital Universitario Puerta de Hierro Majadahonda", "codigo-cpv": "50332000-1", "numero-de-expediente": "GCASE 2019-11", "referencia": "3258814", "tipo-de-contrato": "Servicios", "entidad-adjudicadora": "", "codigo-nuts": "ES300", "procedimiento-adjudicacion": "Abierto", "presupuesto-base-licitacion-(sin-impuestos)": "480.000 euros", "duracion-del-contrato": "48 Meses", "puntos-de-informacion": "Direcci\u00f3n: HOSPITAL UNIVERSITARIO PUERTA DE HIERRO DE MAJADAHONDA. SERVICIO DE CONTRATACI\u00d3N ADMINISTRATIVA. C/ Joaqu\u00edn Rodrigo, 2. Majadahonda, 28222.", "defectos-u-omisiones-de-la-documentacion-publicados-el": "(Publicado el 05 septiembre 2019 14:46)"}