{"url": "https://www.madrid.org/cs/Satellite?c=CM_ConvocaPrestac_FA&cid=1354759231138&definicion=Contratos+Publicos&language=es&op2=PCON&pagename=PortalContratacion%2FPage%2FPCON_contratosPublicos&tipoServicio=CM_ConvocaPrestac_FA", "titulo": "Servicio redacci\u00f3n del proyecto para la construcci\u00f3n y reforma del nuevo bloque t\u00e9cnico y de hospitalizaci\u00f3n del Hospital Universitario 12 de Octubre", "status": "Plazo indefinido", "tipo-publicacion": "Tabl\u00f3n de anuncios electr\u00f3nico", "objeto-del-contrato": "Servicio redacci\u00f3n del proyecto para la construcci\u00f3n y reforma del nuevo bloque t\u00e9cnico y de hospitalizaci\u00f3n del Hospital Universitario 12 de Octubre", "compra-publica-innovadora": "No", "numero-de-expediente": "Tabl\u00f3n 2018-0-160", "referencia": "2788559", "tipo-de-contrato": "Servicios", "entidad-adjudicadora": "", "codigo-nuts": "ES300", "procedimiento-adjudicacion": "Abierto", "puntos-de-informacion": ""}