{"url": "https://www.madrid.org/cs/Satellite?c=CM_ConvocaPrestac_FA&cid=1354827440345&definicion=Contratos+Publicos&language=es&op2=PCON&pagename=PortalContratacion%2FPage%2FPCON_contratosPublicos&tipoServicio=CM_ConvocaPrestac_FA", "titulo": "Apoyo cualificado al seguimiento de las autorizaciones ambientales integradas concedidas y a los sistemas de su solicitud en la Comunidad de Madrid, derivados de la aplicaci\u00f3n de la directiva de emisiones industriales, y a la exigencia de garant\u00eda financiera 2020", "status": "En tramitaci\u00f3n", "tipo-publicacion": "Tabl\u00f3n de anuncios electr\u00f3nico", "objeto-del-contrato": "Apoyo cualificado al seguimiento de las autorizaciones ambientales integradas concedidas y a los sistemas de su solicitud en la Comunidad de Madrid, derivados de la aplicaci\u00f3n de la directiva de emisiones industriales, y a la exigencia de garant\u00eda financiera 2020", "codigo-cpv": "75100000-7", "numero-de-expediente": "A/SER-033100/2019 (4-D/20)", "referencia": "3543807", "tipo-de-contrato": "Servicios", "entidad-adjudicadora": "", "codigo-nuts": "ES300", "procedimiento-adjudicacion": "Abierto", "presupuesto-base-licitacion-(sin-impuestos)": "35.932,4 euros", "duracion-del-contrato": "3 Meses", "defectos-u-omisiones-de-la-documentacion-publicados-el": "(Publicado el 26 mayo 2020 11:45)", "empresarios-excluidos-publicados-el": "(Publicado el 22 junio 2020 13:00)"}