{"url": "https://www.madrid.org/cs/Satellite?c=CM_ConvocaPrestac_FA&cid=1354897832323&definicion=Contratos+Publicos&language=es&op2=PCON&pagename=PortalContratacion%2FPage%2FPCON_contratosPublicos&tipoServicio=CM_ConvocaPrestac_FA", "titulo": "A/SER-033598/2021 Limpieza de las Oficinas del Consorcio Regional de Transportes P\u00fablicos Regulares de Madrid para los A\u00f1os 2021 y 2022", "status": "En plazo", "tipo-publicacion": "Tabl\u00f3n de anuncios electr\u00f3nico", "objeto-del-contrato": "", "codigo-cpv": "90919200-4", "numero-de-expediente": "A/SER-033598/2021", "referencia": "4301438", "tipo-de-contrato": "Servicios", "entidad-adjudicadora": "", "codigo-nuts": "ES300", "procedimiento-adjudicacion": "Abierto", "presupuesto-base-licitacion-(sin-impuestos)": "135.959,75 euros", "duracion-del-contrato": "13 Meses", "puntos-de-informacion": ""}