{"url": "https://www.madrid.org/cs/Satellite?c=CM_ConvocaPrestac_FA&cid=1354857375462&definicion=Contratos+Publicos&language=es&op2=PCON&pagename=PortalContratacion%2FPage%2FPCON_contratosPublicos&tipoServicio=CM_ConvocaPrestac_FA", "titulo": "Aseguramiento de los riesgos de da\u00f1os materiales y de responsabilidad civil/patrimonial general por uso y explotaci\u00f3n de los bienes inmuebles adscritos a la Consejer\u00eda de Hacienda y Funci\u00f3n P\u00fablica de la Comunidad de Madrid 2 Lotes", "status": "En tramitaci\u00f3n", "tipo-publicacion": "Tabl\u00f3n de anuncios electr\u00f3nico", "objeto-del-contrato": "", "compra-publica-innovadora": "No", "numero-de-expediente": "P/SER-036564/2020", "referencia": "3877447", "tipo-de-contrato": "Servicios", "entidad-adjudicadora": "", "codigo-nuts": "ES300", "procedimiento-adjudicacion": "Abierto", "puntos-de-informacion": ""}