{"url": "https://www.madrid.org/cs/Satellite?c=CM_ConvocaPrestac_FA&cid=1354733698761&definicion=Contratos+Publicos&language=es&op2=PCON&pagename=PortalContratacion%2FPage%2FPCON_contratosPublicos&tipoServicio=CM_ConvocaPrestac_FA", "titulo": "servicios para el alquiler, lavado, planchado, conservaci\u00f3n y distribuci\u00f3n del vestuario de los profesionales adscritos al Servicio de Mantenimiento y Jefes de Personal Subalterno del Hospital Universitario La Paz-Carlos III-Cantoblanco", "status": "Plazo indefinido", "tipo-publicacion": "Tabl\u00f3n de anuncios electr\u00f3nico", "objeto-del-contrato": "", "codigo-cpv": "18000000-9", "compra-publica-innovadora": "No", "numero-de-expediente": "P.A. 25/2018", "referencia": "2653418", "tipo-de-contrato": "Servicios", "entidad-adjudicadora": "", "codigo-nuts": "ES300", "procedimiento-adjudicacion": "Abierto"}