{"url": "https://www.madrid.org/cs/Satellite?c=CM_ConvocaPrestac_FA&cid=1354796907506&definicion=Contratos+Publicos&language=es&op2=PCON&pagename=PortalContratacion%2FPage%2FPCON_contratosPublicos&tipoServicio=CM_ConvocaPrestac_FA", "titulo": "Servicio para la gesti\u00f3n de la escuela infantil \u201cEl Cancionero\u201d de Getafe", "status": "En tramitaci\u00f3n", "tipo-publicacion": "Tabl\u00f3n de anuncios electr\u00f3nico", "objeto-del-contrato": "Servicio para la gesti\u00f3n de la escuela infantil \u201cEl Cancionero\u201d de Getafe", "codigo-cpv": "80110000-8", "numero-de-expediente": "A/SER-012011/2019 (C-322A/002-19)", "referencia": "3259602", "tipo-de-contrato": "Servicios", "entidad-adjudicadora": "", "codigo-nuts": "ES300", "procedimiento-adjudicacion": "Abierto", "presupuesto-base-licitacion-(sin-impuestos)": "633.086,52 euros", "duracion-del-contrato": "24 Meses", "fecha-publicacion-de-la-licitacion-en-el-bocm": "03 octubre 2019", "puntos-de-informacion": "Obtenci\u00f3n de documentaci\u00f3n e informaci\u00f3n:", "defectos-u-omisiones-de-la-documentacion-publicados-el": "(Publicado el 07 noviembre 2019 14:03)"}