{"url": "https://www.madrid.org/cs/Satellite?c=CM_ConvocaPrestac_FA&cid=1354876733120&definicion=Contratos+Publicos&language=es&op2=PCON&pagename=PortalContratacion%2FPage%2FPCON_contratosPublicos&tipoServicio=CM_ConvocaPrestac_FA", "titulo": "Gesti\u00f3n del centro de atenci\u00f3n a personas mayores dependientes (residencia y centro de d\u00eda) Villaverde Alzheimer de Madrid", "status": "En tramitaci\u00f3n", "tipo-publicacion": "Tabl\u00f3n de anuncios electr\u00f3nico", "objeto-del-contrato": "El servicio para la gesti\u00f3n del Centro de Atenci\u00f3n a Personas Mayores Dependientes (Residencia y Centro de D\u00eda) Villaverde Alzheimer de Madrid.", "codigo-cpv": "85311000-2, 85312100-0", "compra-publica-innovadora": "No", "numero-de-expediente": "084/2021", "referencia": "4051360", "tipo-de-contrato": "Servicios", "entidad-adjudicadora": "", "codigo-nuts": "ES300", "procedimiento-adjudicacion": "Abierto", "defectos-u-omisiones-de-la-documentacion-publicados-el": "(Publicado el 25 junio 2021 11:15)"}