{"url": "https://www.madrid.org/cs/Satellite?c=CM_ConvocaPrestac_FA&cid=1354712194959&definicion=Contratos+Publicos&language=es&op2=PCON&pagename=PortalContratacion%2FPage%2FPCON_contratosPublicos&tipoServicio=CM_ConvocaPrestac_FA", "titulo": "Servicios para analizar competencias requeridas por un grupo de ocupaciones presentes en el Mercado de Trabajo de la Comunidad de Madrid, operaci\u00f3n cofinanciada por el Programa Operativo del Fondo Social Europeo 2014-2020 de la Comunidad de Madrid", "status": "En tramitaci\u00f3n", "tipo-publicacion": "Tabl\u00f3n de anuncios electr\u00f3nico", "objeto-del-contrato": "Servicios para analizar competencias requeridas por un grupo de ocupaciones presentes en el Mercado de Trabajo de la Comunidad de Madrid, operaci\u00f3n cofinanciada por el Programa Operativo del Fondo Social Europeo 2014-2020 de la Comunidad de Madrid.", "numero-de-expediente": "241M/009-18 (A/SER-008449/2018)", "referencia": "2371709", "tipo-de-contrato": "Servicios", "entidad-adjudicadora": "", "codigo-nuts": "ES300", "procedimiento-adjudicacion": "Abierto", "puntos-de-informacion": ""}