{"url": "https://www.madrid.org/cs/Satellite?c=CM_ConvocaPrestac_FA&cid=1354889655120&definicion=Contratos+Publicos&language=es&op2=PCON&pagename=PortalContratacion%2FPage%2FPCON_contratosPublicos&tipoServicio=CM_ConvocaPrestac_FA", "titulo": "Servicio de archivo, dep\u00f3sito, custodia, digitalizaci\u00f3n, almacenamiento digital y gesti\u00f3n de la documentaci\u00f3n administrativa y auxiliar generada por el Hospital Universitario La Paz-Carlos III- Cantoblanco y sus centros adscritos", "status": "En tramitaci\u00f3n", "tipo-publicacion": "Tabl\u00f3n de anuncios electr\u00f3nico", "objeto-del-contrato": "Servicio de archivo, dep\u00f3sito, custodia, digitalizaci\u00f3n, almacenamiento digital y gesti\u00f3n de la documentaci\u00f3n administrativa y auxiliar generada por el Hospital Universitario La Paz-Carlos III- Cantoblanco y sus centros adscritos,", "codigo-cpv": "63120000-6", "numero-de-expediente": "P.A.S. 31/2021", "referencia": "4172703", "tipo-de-contrato": "Servicios", "entidad-adjudicadora": "", "codigo-nuts": "ES300", "procedimiento-adjudicacion": "Abierto simplificado"}