{"url": "https://www.madrid.org/cs/Satellite?c=CM_ConvocaPrestac_FA&cid=1354832434706&definicion=Contratos+Publicos&language=es&op2=PCON&pagename=PortalContratacion%2FPage%2FPCON_contratosPublicos&tipoServicio=CM_ConvocaPrestac_FA", "titulo": "Servicio de vigilancia y seguridad del Centro de Transfusi\u00f3n de la Comunidad de Madrid", "status": "En tramitaci\u00f3n", "tipo-publicacion": "Tabl\u00f3n de anuncios electr\u00f3nico", "objeto-del-contrato": "Servicio de vigilancia y seguridad del Centro de Transfusi\u00f3n de la Comunidad de Madrid", "codigo-cpv": "79710000-4, 79711000-1, 79713000-5, 79714000-2", "compra-publica-innovadora": "No", "numero-de-expediente": "PA SER 009-2019 (A/SER 015768/2020)", "referencia": "3616982", "tipo-de-contrato": "Servicios", "entidad-adjudicadora": "", "codigo-nuts": "ES300", "procedimiento-adjudicacion": "Abierto simplificado", "puntos-de-informacion": "", "otras-informaciones-publicadas-el": "(Publicado el 15 junio 2020 13:31)"}