{"url": "https://www.madrid.org/cs/Satellite?c=CM_ConvocaPrestac_FA&cid=1354710849156&definicion=Contratos+Publicos&language=es&op2=PCON&pagename=PortalContratacion%2FPage%2FPCON_contratosPublicos&tipoServicio=CM_ConvocaPrestac_FA", "titulo": "Redacci\u00f3n de proyecto b\u00e1sico y de ejecuci\u00f3n para la reforma del Centro de Atenci\u00f3n a Personas con Discapacidad Ps\u00edquica de Getafe (Madrid)", "status": "En tramitaci\u00f3n", "estado-de-la-licitacion": "Pendiente adjudicaci\u00f3n", "tipo-resolucion": "Formalizado", "tipo-publicacion": "Contratos adjudicados por procedimientos sin publicidad", "objeto-del-contrato": "", "codigo-cpv": "71000000-8", "numero-de-expediente": "A/SER-016180/2017", "referencia": "2345921", "tipo-de-contrato": "Servicios", "entidad-adjudicadora": "", "codigo-nuts": "ES300", "procedimiento-adjudicacion": "Negociado sin publicidad", "valor-estimado-sin-i.v.a": "59.600 euros", "presupuesto-base-licitacion-(sin-impuestos)": "59.600 euros", "presupuesto-base-licitacion.-importe-total": "72.116 euros", "duracion-del-contrato": "100 D\u00edas"}