{"url": "https://www.madrid.org/cs/Satellite?c=CM_ConvocaPrestac_FA&cid=1354862159064&definicion=Contratos+Publicos&language=es&op2=PCON&pagename=PortalContratacion%2FPage%2FPCON_contratosPublicos&tipoServicio=CM_ConvocaPrestac_FA", "titulo": "Realizaci\u00f3n del programa de centros de participaci\u00f3n e integraci\u00f3n de inmigrantes (8 lotes)\u201d, cofinanciado al 50 % por el Fondo Social Europeo, programa operativo de la Comunidad de Madrid (2014-2020), eje 2, objetivo tem\u00e1tico 9, prioridad de inversi\u00f3n 9.3, objetivo espec\u00edfico 9.3.2.", "status": "En tramitaci\u00f3n", "tipo-publicacion": "Tabl\u00f3n de anuncios electr\u00f3nico", "numero-de-expediente": "101/2020", "referencia": "3906496", "tipo-de-contrato": "Servicios", "entidad-adjudicadora": "", "codigo-nuts": "ES300", "procedimiento-adjudicacion": "Abierto", "defectos-u-omisiones-de-la-documentacion-publicados-el": "(Publicado el 23 marzo 2021 13:16)", "empresarios-excluidos-publicados-el": "(Publicado el 12 julio 2021 14:30)", "ofertas-anormales-o-desproporcionadas-publicadas-el": "(Publicado el 31 marzo 2021 11:31)"}