{"url": "https://www.madrid.org/cs/Satellite?c=CM_ConvocaPrestac_FA&cid=1354861470420&definicion=Contratos+Publicos&language=es&op2=PCON&pagename=PortalContratacion%2FPage%2FPCON_contratosPublicos&tipoServicio=CM_ConvocaPrestac_FA", "titulo": "tablon anuncios servicio de plan de autoproteccion hum", "status": "Plazo indefinido", "tipo-publicacion": "Tabl\u00f3n de anuncios electr\u00f3nico", "objeto-del-contrato": "servicio de plan de autoprotecci\u00f3n hospital universitario de m\u00f3stoles", "compra-publica-innovadora": "No", "numero-de-expediente": "A/SER-041973/2020", "referencia": "3896093", "tipo-de-contrato": "Servicios", "entidad-adjudicadora": "", "codigo-nuts": "ES300", "procedimiento-adjudicacion": "Abierto", "presupuesto-base-licitacion-(sin-impuestos)": "41.900 euros", "duracion-del-contrato": "34 Meses", "puntos-de-informacion": "unidad de contrataci\u00f3n administrativa, 3\u00aa planta hospital universitario de M\u00f3stoles.", "defectos-u-omisiones-de-la-documentacion-publicados-el": "(Publicado el 13 enero 2021 11:01)"}