{"url": "https://www.madrid.org/cs/Satellite?c=CM_ConvocaPrestac_FA&cid=1354808770384&definicion=Contratos+Publicos&language=es&op2=PCON&pagename=PortalContratacion%2FPage%2FPCON_contratosPublicos&tipoServicio=CM_ConvocaPrestac_FA", "titulo": "Servicios de vigilancia y seguridad en los inmuebles de tres Centros de Ense\u00f1anzas Art\u00edsticas, dividido en dos lotes", "status": "En tramitaci\u00f3n", "tipo-publicacion": "Tabl\u00f3n de anuncios electr\u00f3nico", "objeto-del-contrato": "Servicios de vigilancia y seguridad en los inmuebles de tres Centros de Ense\u00f1anzas Art\u00edsticas, dividido en dos lotes", "codigo-cpv": "79710000-4", "numero-de-expediente": "A/SER-018949/2019 (C-322C/001-19)", "referencia": "3349948", "tipo-de-contrato": "Servicios", "entidad-adjudicadora": "", "codigo-nuts": "ES300", "procedimiento-adjudicacion": "Abierto", "presupuesto-base-licitacion-(sin-impuestos)": "581.326,25 euros", "duracion-del-contrato": "24 Meses", "fecha-publicacion-de-la-licitacion-en-el-bocm": "16 diciembre 2019", "puntos-de-informacion": "Obtenci\u00f3n de documentaci\u00f3n e informaci\u00f3n:"}