{"url": "https://www.madrid.org/cs/Satellite?c=CM_ConvocaPrestac_FA&cid=1354796511321&definicion=Contratos+Publicos&language=es&op2=PCON&pagename=PortalContratacion%2FPage%2FPCON_contratosPublicos&tipoServicio=CM_ConvocaPrestac_FA", "titulo": "Mensajeria ordinaria y urgente de la Consejer\u00eda de Educaci\u00f3n y Juventud de la Comunidad de Madrid, dividido en dos lotes", "status": "En tramitaci\u00f3n", "tipo-publicacion": "Tabl\u00f3n de anuncios electr\u00f3nico", "objeto-del-contrato": "Mensajeria ordinaria y urgente de la Consejer\u00eda de Educaci\u00f3n y Juventud de la Comunidad de Madrid, dividido en dos lotes", "codigo-cpv": "60161000-4", "numero-de-expediente": "A/SER-023199/2019 (C-321A/008-19)", "referencia": "3259527", "tipo-de-contrato": "Servicios", "entidad-adjudicadora": "", "codigo-nuts": "ES300", "procedimiento-adjudicacion": "Abierto simplificado", "presupuesto-base-licitacion-(sin-impuestos)": "35.238,33 euros", "duracion-del-contrato": "12 Meses", "defectos-u-omisiones-de-la-documentacion-publicados-el": "(Publicado el 12 diciembre 2019 13:32)"}