{"url": "https://www.madrid.org/cs/Satellite?c=CM_ConvocaPrestac_FA&cid=1354712527250&definicion=Contratos+Publicos&language=es&op2=PCON&pagename=PortalContratacion%2FPage%2FPCON_contratosPublicos&tipoServicio=CM_ConvocaPrestac_FA", "titulo": "Realizaci\u00f3n de una evaluaci\u00f3n de servicios y programas de pol\u00edticas activas de empleo de la Comunidad de Madrid, operaci\u00f3n cofinanciada por el programa operativo del Fondo Social Europeo 2014-2020 de la Comunidad de Madrid", "status": "En tramitaci\u00f3n", "tipo-publicacion": "Tabl\u00f3n de anuncios electr\u00f3nico", "objeto-del-contrato": "Realizaci\u00f3n de una evaluaci\u00f3n de servicios y programas de pol\u00edticas activas de empleo de la Comunidad de Madrid, operaci\u00f3n cofinanciada por el programa operativo del Fondo Social Europeo 2014-2020 de la Comunidad de Madrid", "numero-de-expediente": "C-241M/008-18 (A/SER-008480/2018)", "referencia": "2371763", "tipo-de-contrato": "Servicios", "entidad-adjudicadora": "", "codigo-nuts": "ES300", "procedimiento-adjudicacion": "Abierto simplificado", "puntos-de-informacion": "", "defectos-u-omisiones-de-la-documentacion-publicados-el": "(Publicado el 07 agosto 2018 09:01)", "ofertas-anormales-o-desproporcionadas-publicadas-el": "(Publicado el 07 agosto 2018 09:01)"}