{"url": "https://www.madrid.org/cs/Satellite?c=CM_ConvocaPrestac_FA&cid=1354803234387&definicion=Contratos+Publicos&language=es&op2=PCON&pagename=PortalContratacion%2FPage%2FPCON_contratosPublicos&tipoServicio=CM_ConvocaPrestac_FA", "titulo": "Mantenimiento y soporte de las aplicaciones inform\u00e1ticas HP-HIS1 y HP-HCIS instaladas en los centros asistenciales del Servicio Madrile\u00f1o de Salud", "status": "En tramitaci\u00f3n", "tipo-publicacion": "Tabl\u00f3n de anuncios electr\u00f3nico", "objeto-del-contrato": "Mantenimiento y soporte de las aplicaciones inform\u00e1ticas HP-HIS1y HP-HCIS instaladas en los centros asistenciales del Servicio Madrile\u00f1o de Salud", "codigo-cpv": "72267100-0", "compra-publica-innovadora": "No", "numero-de-expediente": "PA SER-30/2019-INF (A/SER-0011675/2019)", "referencia": "3260798", "tipo-de-contrato": "Servicios", "entidad-adjudicadora": "", "codigo-nuts": "ES300", "procedimiento-adjudicacion": "Abierto", "presupuesto-base-licitacion-(sin-impuestos)": "10.718.668,08 euros", "duracion-del-contrato": "24 Meses"}