{"url": "https://www.madrid.org/cs/Satellite?c=CM_ConvocaPrestac_FA&cid=1354750427991&definicion=Contratos+Publicos&language=es&op2=PCON&pagename=PortalContratacion%2FPage%2FPCON_contratosPublicos&tipoServicio=CM_ConvocaPrestac_FA", "titulo": "Auditor\u00eda de calidad de los servicios de restauraci\u00f3n, transporte de pacientes y materiales, mantenimiento y auditor\u00eda operativa de calidad de los hospitales Infanta Elena (Valdemoro), Rey Juan Carlos (M\u00f3stoles), General de Villalba y de Torrej\u00f3n -4 Lotes", "status": "En tramitaci\u00f3n", "tipo-publicacion": "Tabl\u00f3n de anuncios electr\u00f3nico", "objeto-del-contrato": "Auditor\u00eda de calidad de los servicios de restauraci\u00f3n, transporte de pacientes y materiales, mantenimiento y auditor\u00eda operativa de calidad de los hospitales Infanta Elena (Valdemoro), Rey Juan Carlos (M\u00f3stoles), General de Villalba y de Torrej\u00f3n -4 Lotes", "numero-de-expediente": "PA SER-41/2018-AE (A/SER-021428/2018)", "referencia": "2783887", "tipo-de-contrato": "Servicios", "entidad-adjudicadora": "", "codigo-nuts": "ES300", "procedimiento-adjudicacion": "Abierto"}