{"url": "https://www.madrid.org/cs/Satellite?c=CM_ConvocaPrestac_FA&cid=1354787381698&definicion=Contratos+Publicos&language=es&op2=PCON&pagename=PortalContratacion%2FPage%2FPCON_contratosPublicos&tipoServicio=CM_ConvocaPrestac_FA", "titulo": "Tabl\u00f3n Anuncios CEN PAPC 2019-8-6. Servicio de Atenci\u00f3n Central Telef\u00f3nica para el Hospital Universitario de Getafe", "status": "Plazo indefinido", "tipo-publicacion": "Tabl\u00f3n de anuncios electr\u00f3nico", "objeto-del-contrato": "Servicio de Atenci\u00f3n Central Telef\u00f3nica del Hospital Universitario de Getafe", "numero-de-expediente": "CEN PAPC 2019-8-6", "referencia": "3234375", "tipo-de-contrato": "Servicios", "entidad-adjudicadora": "", "codigo-nuts": "ES300", "procedimiento-adjudicacion": "Abierto"}