{"url": "https://www.madrid.org/cs/Satellite?c=CM_ConvocaPrestac_FA&cid=1354856884908&definicion=Contratos+Publicos&language=es&op2=PCON&pagename=PortalContratacion%2FPage%2FPCON_contratosPublicos&tipoServicio=CM_ConvocaPrestac_FA", "titulo": "Gesti\u00f3n de centro de rehabilitaci\u00f3n psicosocial y centro de rehabilitaci\u00f3n laboral para personas con enfermedad mental grave y duradera \u201cPedro Zerolo\u201d en el distrito centro de  Madrid.", "status": "En tramitaci\u00f3n", "tipo-publicacion": "Tabl\u00f3n de anuncios electr\u00f3nico", "numero-de-expediente": "183/2020", "referencia": "3877262", "tipo-de-contrato": "Servicios", "entidad-adjudicadora": "", "codigo-nuts": "ES300", "procedimiento-adjudicacion": "Abierto"}