{"url": "https://www.madrid.org/cs/Satellite?c=CM_ConvocaPrestac_FA&cid=1354817953444&definicion=Contratos+Publicos&language=es&op2=PCON&pagename=PortalContratacion%2FPage%2FPCON_contratosPublicos&tipoServicio=CM_ConvocaPrestac_FA", "titulo": "servicio de mantenimiento todo riesgo de aparatos elevadores, plataformas y salvaescaleras en dependencias de Canal de Isabel II", "status": "Plazo indefinido", "tipo-publicacion": "Tabl\u00f3n de anuncios electr\u00f3nico", "objeto-del-contrato": "servicio de mantenimiento todo riesgo de aparatos elevadores, plataformas y salvaescaleras en dependencias de Canal de Isabel II", "numero-de-expediente": "193/2019", "referencia": "3412827", "tipo-de-contrato": "Servicios", "entidad-adjudicadora": "", "codigo-nuts": "ES300", "procedimiento-adjudicacion": "Abierto simplificado", "defectos-u-omisiones-de-la-documentacion-publicados-el": "(Publicado el 07 abril 2020 15:00)", "ofertas-anormales-o-desproporcionadas-publicadas-el": "(Publicado el 19 febrero 2020 11:03)"}