{"url": "https://www.madrid.org/cs/Satellite?c=CM_ConvocaPrestac_FA&cid=1354822250538&definicion=Contratos+Publicos&language=es&op2=PCON&pagename=PortalContratacion%2FPage%2FPCON_contratosPublicos&tipoServicio=CM_ConvocaPrestac_FA", "titulo": "Servicio de vigilancia y seguridad en diversas dependencias de la Agencia para la Reeducaci\u00f3n y Reinserci\u00f3n del Menor Infractor y en los Centros de ejecuci\u00f3n de medidas judiciales", "status": "Plazo indefinido", "tipo-resolucion": "Formalizado", "tipo-publicacion": "Tabl\u00f3n de anuncios electr\u00f3nico", "objeto-del-contrato": "Servicio de vigilancia y seguridad en diversas dependencias de la Agencia para la Reeducaci\u00f3n y Reinserci\u00f3n del Menor Infractor y en los Centros de ejecuci\u00f3n de medidas judiciales", "numero-de-expediente": "A/SER-036971/2019", "referencia": "3413674", "tipo-de-contrato": "Servicios", "entidad-adjudicadora": "", "codigo-nuts": "ES300", "procedimiento-adjudicacion": "Abierto", "puntos-de-informacion": "Informaci\u00f3n sobre la documentaci\u00f3n administrativa: eva.cadiz@madrid.org", "defectos-u-omisiones-de-la-documentacion-publicados-el": "(Publicado el 27 mayo 2020 15:15)", "empresarios-excluidos-publicados-el": "(Publicado el 03 junio 2020 16:00)"}