{"url": "https://www.madrid.org/cs/Satellite?c=CM_ConvocaPrestac_FA&cid=1354884918057&definicion=Contratos+Publicos&language=es&op2=PCON&pagename=PortalContratacion%2FPage%2FPCON_contratosPublicos&tipoServicio=CM_ConvocaPrestac_FA", "titulo": "Auditor\u00eda de calidad de los sistemas de protecci\u00f3n contra incendios de los Hospitales del Henares, Infanta Cristina, Infanta Leonor, Infanta Sof\u00eda, del Sureste, del Tajo y Puerta de Hierro de Majadahonda", "status": "En tramitaci\u00f3n", "tipo-publicacion": "Tabl\u00f3n de anuncios electr\u00f3nico", "objeto-del-contrato": "Auditor\u00eda de calidad de los sistemas de protecci\u00f3n contra incendios de los Hospitales del Henares, Infanta Cristina, Infanta Leonor, Infanta Sof\u00eda, del Sureste, del Tajo y Puerta de Hierro de Majadahonda", "codigo-cpv": "71310000-4", "compra-publica-innovadora": "No", "numero-de-expediente": "PA SER-01/2021 (A/SER-001417/2021)", "referencia": "4145673", "tipo-de-contrato": "Servicios", "entidad-adjudicadora": "", "codigo-nuts": "ES300", "procedimiento-adjudicacion": "Abierto", "presupuesto-base-licitacion-(sin-impuestos)": "123.363 euros", "duracion-del-contrato": "17 Meses"}