{"url": "https://www.madrid.org/cs/Satellite?c=CM_ConvocaPrestac_FA&cid=1354890820570&definicion=Contratos+Publicos&language=es&op2=PCON&pagename=PortalContratacion%2FPage%2FPCON_contratosPublicos&tipoServicio=CM_ConvocaPrestac_FA", "titulo": "Servicio de mantenimiento de las instalaciones de climatizaci\u00f3n de los edificios correspondientes al Hospital Maternal, Hospital Infantil, Edificio de Extracciones, Edificio Norte, Edificio de Laboratorios y Recursos Humanos", "status": "En tramitaci\u00f3n", "tipo-publicacion": "Tabl\u00f3n de anuncios electr\u00f3nico", "objeto-del-contrato": "Servicio de mantenimiento de las instalaciones de climatizaci\u00f3n de los edificios correspondientes al Hospital Maternal, Hospital Infantil, Edificio de Extracciones, Edificio Norte, Edificio de Laboratorios y Recursos Humanos", "codigo-cpv": "50730000-1, 50720000-8", "compra-publica-innovadora": "No", "numero-de-expediente": "P.A. 23/2021", "referencia": "4185192", "tipo-de-contrato": "Servicios", "entidad-adjudicadora": "", "codigo-nuts": "ES300", "procedimiento-adjudicacion": "Abierto", "fecha-publicacion-de-la-licitacion-en-el-bocm": "06 julio 2021"}