{"url": "https://www.madrid.org/cs/Satellite?c=CM_ConvocaPrestac_FA&cid=1354810331731&definicion=Contratos+Publicos&language=es&op2=PCON&pagename=PortalContratacion%2FPage%2FPCON_contratosPublicos&tipoServicio=CM_ConvocaPrestac_FA", "titulo": "Servicios de int\u00e9rpretes de lengua de signos espa\u00f1ola para atenci\u00f3n de personas sordas o con discapacidad auditiva.", "status": "En tramitaci\u00f3n", "tipo-publicacion": "Tabl\u00f3n de anuncios electr\u00f3nico", "objeto-del-contrato": "Prestaci\u00f3n del servicio de int\u00e9rpretes de lengua de signos espa\u00f1ola, incluidos sus desplazamientos, para la atenci\u00f3n a personas sordas o con discapacidad auditiva, en sus relaciones con las administraciones p\u00fablicas, de conformidad con lo dispuesto en el art\u00edculo 12.1 de la Ley 27/2007, de 23 de octubre, por la que se reconocen las lenguas de signos espa\u00f1olas y se regulan los medios de apoyo a la comunicaci\u00f3n oral de las personas sordas, con discapacidad auditiva y sordo ciegas, en los siguientes \u00e1mbitos: A) La prestaci\u00f3n del servicio de int\u00e9rpretes de lengua de signos espa\u00f1ola, incluidos sus desplazamientos, para la atenci\u00f3n a personas sordas o con discapacidad auditiva, en la realizaci\u00f3n de tr\u00e1mites o gestiones particulares en el territorio de la Comunidad de Madrid. B) La interpretaci\u00f3n de cursos o jornadas de inter\u00e9s general dirigidos a personas sordas o con discapacidad auditiva, cuando as\u00ed se solicite por asociaciones de personas sordas que tengan al menos un servicio autorizado en la Consejer\u00eda con competencias en materia de servicios sociales.", "numero-de-expediente": "019/2020", "referencia": "3410824", "tipo-de-contrato": "Servicios", "entidad-adjudicadora": "", "codigo-nuts": "ES300", "procedimiento-adjudicacion": "Abierto", "defectos-u-omisiones-de-la-documentacion-publicados-el": "(Publicado el 28 abril 2020 12:02)"}