{"url": "https://www.madrid.org/cs/Satellite?c=CM_ConvocaPrestac_FA&cid=1354806693563&definicion=Contratos+Publicos&language=es&op2=PCON&pagename=PortalContratacion%2FPage%2FPCON_contratosPublicos&tipoServicio=CM_ConvocaPrestac_FA", "titulo": "Servicios de mantenimiento de equipos de aire acondicionado instalados en el HULP, H. Carlos III,  H. Cantoblanco y Centros de Especialidades de Pe\u00f1agrande y Jos\u00e9 Marv\u00e1.", "status": "En tramitaci\u00f3n", "tipo-publicacion": "Tabl\u00f3n de anuncios electr\u00f3nico", "objeto-del-contrato": "Servicios de mantenimiento de equipos de aire acondicionado instalados en el HULP, H. Carlos III, H. Cantoblanco y Centros de Especialidades de Pe\u00f1agrande y Jos\u00e9 Marv\u00e1.", "codigo-cpv": "50720000-8, 50730000-1", "compra-publica-innovadora": "No", "numero-de-expediente": "P.A. 30/2019", "referencia": "3349569", "tipo-de-contrato": "Servicios", "entidad-adjudicadora": "", "codigo-nuts": "ES300", "procedimiento-adjudicacion": "Abierto", "fecha-publicacion-de-la-licitacion-en-el-bocm": "04 noviembre 2019"}