{"url": "https://www.madrid.org/cs/Satellite?c=CM_ConvocaPrestac_FA&cid=1354806697057&definicion=Contratos+Publicos&language=es&op2=PCON&pagename=PortalContratacion%2FPage%2FPCON_contratosPublicos&tipoServicio=CM_ConvocaPrestac_FA", "titulo": "Servicios de tratamientos de di\u00e1lisis domiciliaria peritoneal y hemodi\u00e1lisis para pacientes del Hospital Universitario La Paz", "status": "En tramitaci\u00f3n", "tipo-publicacion": "Tabl\u00f3n de anuncios electr\u00f3nico", "objeto-del-contrato": "Servicios de tratamientos de di\u00e1lisis domiciliaria peritoneal y hemodi\u00e1lisis para pacientes del Hospital Universitario La Paz.", "codigo-cpv": "85121220-1", "numero-de-expediente": "P.A. 40/2019", "referencia": "3349571", "tipo-de-contrato": "Servicios", "entidad-adjudicadora": "", "codigo-nuts": "ES300", "procedimiento-adjudicacion": "Abierto", "fecha-publicacion-de-la-licitacion-en-el-bocm": "05 noviembre 2019"}