{"url": "https://www.madrid.org/cs/Satellite?c=CM_ConvocaPrestac_FA&cid=1354807669222&definicion=Contratos+Publicos&language=es&op2=PCON&pagename=PortalContratacion%2FPage%2FPCON_contratosPublicos&tipoServicio=CM_ConvocaPrestac_FA", "titulo": "24/2019 Recepci\u00f3n y Conserjer\u00eda en el centro de empresas de La Confecci\u00f3n sito en la Avda. de la Cantue\u00f1a, 2 de Fuenlabrada (Madrid) propiedad de Obras de Madrid. Gesti\u00f3n de Obras e Infraestructuras, S.A.", "status": "En tramitaci\u00f3n", "tipo-publicacion": "Tabl\u00f3n de anuncios electr\u00f3nico", "codigo-cpv": "98341130-5", "numero-de-expediente": "24/2019", "referencia": "3349741", "tipo-de-contrato": "Servicios", "entidad-adjudicadora": "", "codigo-nuts": "ES300", "procedimiento-adjudicacion": "Abierto simplificado", "presupuesto-base-licitacion-(sin-impuestos)": "29.800 euros", "duracion-del-contrato": "1 A\u00f1os"}