{"url": "https://www.madrid.org/cs/Satellite?c=CM_ConvocaPrestac_FA&cid=1354869135836&definicion=Contratos+Publicos&language=es&op2=PCON&pagename=PortalContratacion%2FPage%2FPCON_contratosPublicos&tipoServicio=CM_ConvocaPrestac_FA", "titulo": "Aplicaci\u00f3n, calificaci\u00f3n y certificaci\u00f3n de las pruebas de nivel ling\u00fcistico en ingl\u00e9s, en el curso 2020/2021 de los alumnos de centros docentes p\u00fablicos biling\u00fces y centros docentes privados concertados biling\u00fces de la Comunidad de Madrid, dividido en dos lotes", "status": "En tramitaci\u00f3n", "tipo-publicacion": "Tabl\u00f3n de anuncios electr\u00f3nico", "objeto-del-contrato": "Aplicaci\u00f3n, calificaci\u00f3n y certificaci\u00f3n de las pruebas de nivel ling\u00fcistico en ingl\u00e9s, en el curso 2020/2021 de los alumnos de centros docentes p\u00fablicos biling\u00fces y centros docentes privados concertados biling\u00fces de la Comunidad de Madrid, dividido en dos lotes", "codigo-cpv": "80000000-4", "numero-de-expediente": "A/SER-001375/2021 (C-322O-002-21)", "referencia": "4024714", "tipo-de-contrato": "Servicios", "entidad-adjudicadora": "", "codigo-nuts": "ES300", "procedimiento-adjudicacion": "Abierto", "presupuesto-base-licitacion-(sin-impuestos)": "4.081.182,65 euros", "duracion-del-contrato": "7 Meses", "puntos-de-informacion": ""}