{"url": "https://www.madrid.org/cs/Satellite?c=CM_ConvocaPrestac_FA&cid=1354807024455&definicion=Contratos+Publicos&language=es&op2=PCON&pagename=PortalContratacion%2FPage%2FPCON_contratosPublicos&tipoServicio=CM_ConvocaPrestac_FA", "titulo": "Servicio para la elaboraci\u00f3n del programa y balance anual de gesti\u00f3n de las Residencias de Mayores de la Agencia Madrile\u00f1a de Atenci\u00f3n Social", "status": "Plazo indefinido", "tipo-publicacion": "Tabl\u00f3n de anuncios electr\u00f3nico", "objeto-del-contrato": "Servicio para la elaboraci\u00f3n del programa y balance anual de gesti\u00f3n de las Residencias de Mayores de la Agencia Madrile\u00f1a de Atenci\u00f3n Social", "codigo-cpv": "79411000-8", "numero-de-expediente": "A/SER-014961/2019", "referencia": "3349630", "tipo-de-contrato": "Servicios", "entidad-adjudicadora": "", "codigo-nuts": "ES300", "procedimiento-adjudicacion": "Abierto simplificado", "presupuesto-base-licitacion-(sin-impuestos)": "29.700,51 euros", "duracion-del-contrato": "4 Meses", "defectos-u-omisiones-de-la-documentacion-publicados-el": "(Publicado el 27 noviembre 2019 13:30)", "empresarios-excluidos-publicados-el": "(Publicado el 05 diciembre 2019 11:31)", "ofertas-anormales-o-desproporcionadas-publicadas-el": "(Publicado el 05 diciembre 2019 11:31)"}