{"url": "https://www.madrid.org/cs/Satellite?c=CM_ConvocaPrestac_FA&cid=1354717582557&definicion=Contratos+Publicos&language=es&op2=PCON&pagename=PortalContratacion%2FPage%2FPCON_contratosPublicos&tipoServicio=CM_ConvocaPrestac_FA", "titulo": "Gestion de las tarjetas de alumnos beneficiarios de becas para el estudio de formacion profesional de grado superior en la Comunidad de Madrid", "status": "En tramitaci\u00f3n", "tipo-publicacion": "Tabl\u00f3n de anuncios electr\u00f3nico", "objeto-del-contrato": "Gestion de las tarjetas de alumnos beneficiarios de becas para el estudio de formacion profesional de grado superior en la Comunidad de Madrid", "codigo-cpv": "75121000-0", "numero-de-expediente": "A/SER-008419/2018 (C-323M/006-18 )", "referencia": "2425020", "tipo-de-contrato": "Servicios", "entidad-adjudicadora": "", "codigo-nuts": "ES300", "procedimiento-adjudicacion": "Abierto", "presupuesto-base-licitacion-(sin-impuestos)": "77.500 euros", "duracion-del-contrato": "12 Meses", "puntos-de-informacion": "Obtenci\u00f3n de documentaci\u00f3n e informaci\u00f3n:", "defectos-u-omisiones-de-la-documentacion-publicados-el": "(Publicado el 03 julio 2018 10:31)", "ofertas-anormales-o-desproporcionadas-publicadas-el": "(Publicado el 09 julio 2018 12:02)"}