{"url": "https://www.madrid.org/cs/Satellite?c=CM_ConvocaPrestac_FA&cid=1354868107945&definicion=Contratos+Publicos&language=es&op2=PCON&pagename=PortalContratacion%2FPage%2FPCON_contratosPublicos&tipoServicio=CM_ConvocaPrestac_FA", "titulo": "Servicios de mantenimiento integral de los equipos de electromedicina del Hospital Universitario de Fuenlabrada y CEP El Arroyo", "status": "Plazo indefinido", "tipo-publicacion": "Tabl\u00f3n de anuncios electr\u00f3nico", "objeto-del-contrato": "Servicios de mantenimiento integral de los equipos de electromedicina del Hospital Universitario de Fuenlabrada y CEP El Arroyo", "codigo-cpv": "50400000-9", "compra-publica-innovadora": "No", "numero-de-expediente": "PA S 20-007", "referencia": "4011743", "tipo-de-contrato": "Servicios", "entidad-adjudicadora": "", "codigo-nuts": "ES300", "procedimiento-adjudicacion": "Abierto", "presupuesto-base-licitacion-(sin-impuestos)": "1.347.105,84 euros", "duracion-del-contrato": "24 Meses"}