{"url": "https://www.madrid.org/cs/Satellite?c=CM_ConvocaPrestac_FA&cid=1354710368083&definicion=Contratos+Publicos&language=es&op2=PCON&pagename=PortalContratacion%2FPage%2FPCON_contratosPublicos&tipoServicio=CM_ConvocaPrestac_FA", "titulo": "Servicio de mantenimiento de las instalaciones semaf\u00f3ricas y luminosas, del alumbrado exterior y del equipamiento de control de la red de carreteras de la Comunidad de Madrid. A\u00f1os, 2018-2021", "status": "En tramitaci\u00f3n", "tipo-publicacion": "Tabl\u00f3n de anuncios electr\u00f3nico", "objeto-del-contrato": "Servicio de mantenimiento de las instalaciones semaf\u00f3ricas y luminosas, del alumbrado exterior y del equipamiento de control de la red de carreteras de la Comunidad de Madrid. 2018-2021", "numero-de-expediente": "A/SER-001166/2018", "referencia": "2333354", "tipo-de-contrato": "Servicios", "entidad-adjudicadora": "", "codigo-nuts": "ES300", "procedimiento-adjudicacion": "Abierto", "ofertas-anormales-o-desproporcionadas-publicadas-el": "(Publicado el 11 junio 2018 13:32)", "otras-informaciones-publicadas-el": "(Publicado el 12 diciembre 2018 14:02)"}