{"url": "https://www.madrid.org/cs/Satellite?c=CM_ConvocaPrestac_FA&cid=1354861246749&definicion=Contratos+Publicos&language=es&op2=PCON&pagename=PortalContratacion%2FPage%2FPCON_contratosPublicos&tipoServicio=CM_ConvocaPrestac_FA", "titulo": "Redacci\u00f3n del proyecto de ampliaci\u00f3n de la l\u00ednea 5 del metro de Madrid al aeropuerto Adolfo Su\u00e1rez Madrid-Barajas", "status": "Plazo indefinido", "tipo-publicacion": "Tabl\u00f3n de anuncios electr\u00f3nico", "objeto-del-contrato": "Redacci\u00f3n del proyecto de ampliaci\u00f3n de la l\u00ednea 5 del metro de Madrid al aeropuerto Adolfo Su\u00e1rez Madrid-Barajas", "numero-de-expediente": "A/SER-007944/2020", "referencia": "3891514", "tipo-de-contrato": "Servicios", "entidad-adjudicadora": "", "codigo-nuts": "ES300", "procedimiento-adjudicacion": "Abierto", "defectos-u-omisiones-de-la-documentacion-publicados-el": "(Publicado el 25 mayo 2021 10:45)", "ofertas-anormales-o-desproporcionadas-publicadas-el": "(Publicado el 24 marzo 2021 11:45)"}