{"url": "https://www.madrid.org/cs/Satellite?c=CM_ConvocaPrestac_FA&cid=1354805629203&definicion=Contratos+Publicos&language=es&op2=PCON&pagename=PortalContratacion%2FPage%2FPCON_contratosPublicos&tipoServicio=CM_ConvocaPrestac_FA", "titulo": "PA 2/2019 Tratamiento Toxicoman\u00edas 20+20", "status": "En tramitaci\u00f3n", "tipo-publicacion": "Tabl\u00f3n de anuncios electr\u00f3nico", "objeto-del-contrato": "Servicio publico consistente en la concertaci\u00f3n de 20 plazas de ingreso y 20 plazas de centro de d\u00eda, en hospital de salud mental y tratamiento de toxicoman\u00edas dirigidas a desintoxicar y deshabituar a pacientes adictos a drogas que no pueden ser abordados en esta fase desde el tratamiento ambulatorio.", "codigo-cpv": "85140000-2", "numero-de-expediente": "CA 10/2018", "referencia": "3292501", "tipo-de-contrato": "Servicios", "entidad-adjudicadora": "", "codigo-nuts": "ES300", "procedimiento-adjudicacion": "Abierto", "presupuesto-base-licitacion-(sin-impuestos)": "2.654.454 euros", "duracion-del-contrato": "2 A\u00f1os", "defectos-u-omisiones-de-la-documentacion-publicados-el": "(Publicado el 19 noviembre 2019 15:01)"}