{"url": "https://www.madrid.org/cs/Satellite?c=CM_ConvocaPrestac_FA&cid=1354804377503&definicion=Contratos+Publicos&language=es&op2=PCON&pagename=PortalContratacion%2FPage%2FPCON_contratosPublicos&tipoServicio=CM_ConvocaPrestac_FA", "titulo": "Sistema Inform\u00e1tico de Ayuda a la Codificaci\u00f3n y Codificaci\u00f3n Autom\u00e1tica basada en CIE10 para los episodios asistenciales del Hospital Universitario La Paz, Carlos III y Cantoblanco.", "status": "En tramitaci\u00f3n", "tipo-publicacion": "Tabl\u00f3n de anuncios electr\u00f3nico", "objeto-del-contrato": "Sistema Inform\u00e1tico de Ayuda a la Codificaci\u00f3n y Codificaci\u00f3n Autom\u00e1tica basada en CIE10 para los episodios asistenciales del Hospital Universitario La Paz, Carlos III y Cantoblanco", "codigo-cpv": "72315200-8", "compra-publica-innovadora": "No", "numero-de-expediente": "P.A.S. 53/2019.", "referencia": "3261204", "tipo-de-contrato": "Servicios", "entidad-adjudicadora": "", "codigo-nuts": "ES300", "procedimiento-adjudicacion": "Abierto simplificado"}