{"url": "https://www.madrid.org/cs/Satellite?c=CM_ConvocaPrestac_FA&cid=1354879946190&definicion=Contratos+Publicos&language=es&op2=PCON&pagename=PortalContratacion%2FPage%2FPCON_contratosPublicos&tipoServicio=CM_ConvocaPrestac_FA", "titulo": "Tabl\u00f3n de anuncios CEN PAPC 2021-8-4", "status": "En tramitaci\u00f3n", "tipo-publicacion": "Tabl\u00f3n de anuncios electr\u00f3nico", "objeto-del-contrato": "Servicio de Atenci\u00f3n Central Telef\u00f3nica del Hospital Universitario de Getafe", "codigo-cpv": "64214200-1", "compra-publica-innovadora": "No", "numero-de-expediente": "PAPC 2021-8-4", "referencia": "4099244", "tipo-de-contrato": "Servicios", "entidad-adjudicadora": "", "codigo-nuts": "ES300", "procedimiento-adjudicacion": "Abierto", "presupuesto-base-licitacion-(sin-impuestos)": "153.919,99 euros", "duracion-del-contrato": "24 Meses", "puntos-de-informacion": "*Obtenci\u00f3n de documentaci\u00f3n e informaci\u00f3n:", "empresarios-excluidos-publicados-el": "(Publicado el 23 junio 2021 13:45)", "ofertas-anormales-o-desproporcionadas-publicadas-el": "(Publicado el 15 julio 2021 12:00)"}