{"url": "https://www.madrid.org/cs/Satellite?c=CM_ConvocaPrestac_FA&cid=1354876486110&definicion=Contratos+Publicos&language=es&op2=PCON&pagename=PortalContratacion%2FPage%2FPCON_contratosPublicos&tipoServicio=CM_ConvocaPrestac_FA", "titulo": "Tabl\u00f3n Servicio de inspecciones reglamentarias que marca la legislaci\u00f3n vigente en las instalaciones de edificios de baja tensi\u00f3n de la  Gerencia Asistencial de Atenci\u00f3n Primaria del Servicio Madrile\u00f1o de Salud.", "status": "En tramitaci\u00f3n", "tipo-publicacion": "Tabl\u00f3n de anuncios electr\u00f3nico", "objeto-del-contrato": "", "codigo-cpv": "71730000-4", "numero-de-expediente": "A/SER-011480/2021", "referencia": "4051315", "tipo-de-contrato": "Servicios", "entidad-adjudicadora": "", "codigo-nuts": "ES300", "procedimiento-adjudicacion": "Abierto simplificado", "puntos-de-informacion": "", "ofertas-anormales-o-desproporcionadas-publicadas-el": "(Publicado el 23 abril 2021 10:32)"}