{"url": "https://www.madrid.org/cs/Satellite?c=CM_ConvocaPrestac_FA&cid=1354863715019&definicion=Contratos+Publicos&language=es&op2=PCON&pagename=PortalContratacion%2FPage%2FPCON_contratosPublicos&tipoServicio=CM_ConvocaPrestac_FA", "titulo": "Servicio para la gesti\u00f3n integral de transporte de material biosanitario y de mensajer\u00eda urgente entre las dependencias y unidades asistenciales y administrativas del Hospital Universitario La Paz- Carlos III- Cantoblanco, y sus Centros asociados", "status": "En tramitaci\u00f3n", "tipo-publicacion": "Tabl\u00f3n de anuncios electr\u00f3nico", "objeto-del-contrato": "Servicio para la gesti\u00f3n integral de transporte de material biosanitario y de mensajer\u00eda urgente entre las dependencias y unidades asistenciales y administrativas del Hospital Universitario La Paz- Carlos III- Cantoblanco, y sus Centros asociados.", "codigo-cpv": "60100000-9", "compra-publica-innovadora": "No", "numero-de-expediente": "P.A.S. 32/2020", "referencia": "3920338", "tipo-de-contrato": "Servicios", "entidad-adjudicadora": "", "codigo-nuts": "ES300", "procedimiento-adjudicacion": "Abierto simplificado"}