{"url": "https://www.madrid.org/cs/Satellite?c=CM_ConvocaPrestac_FA&cid=1354837718328&definicion=Contratos+Publicos&language=es&op2=PCON&pagename=PortalContratacion%2FPage%2FPCON_contratosPublicos&tipoServicio=CM_ConvocaPrestac_FA", "titulo": "Servicios de atenci\u00f3n a mayores dependientes en centros de d\u00eda adscritos a la Agencia Madrile\u00f1a de Atenci\u00f3n Social (2 lotes)", "status": "Plazo indefinido", "tipo-publicacion": "Tabl\u00f3n de anuncios electr\u00f3nico", "objeto-del-contrato": "Servicios de atenci\u00f3n a mayores dependientes en centros de d\u00eda adscritos a la Agencia Madrile\u00f1a de Atenci\u00f3n Social (2 lotes)", "codigo-cpv": "85312100-0", "numero-de-expediente": "A/SER-000184/2020", "referencia": "3680243", "tipo-de-contrato": "Servicios", "entidad-adjudicadora": "", "codigo-nuts": "ES300", "procedimiento-adjudicacion": "Restringido", "defectos-u-omisiones-de-la-documentacion-publicados-el": "(Publicado el 23 octubre 2020 14:50)", "empresarios-excluidos-publicados-el": "(Publicado el 27 agosto 2020 09:50)", "ofertas-anormales-o-desproporcionadas-publicadas-el": "(Publicado el 22 julio 2020 09:00)"}