{"url": "https://www.madrid.org/cs/Satellite?c=CM_ConvocaPrestac_FA&cid=1354747509740&definicion=Contratos+Publicos&language=es&op2=PCON&pagename=PortalContratacion%2FPage%2FPCON_contratosPublicos&tipoServicio=CM_ConvocaPrestac_FA", "titulo": "Servicio de comidas CO Aluche y Juan ram\u00f3n Jim\u00e9nez (2 lotes)", "status": "Plazo indefinido", "tipo-publicacion": "Tabl\u00f3n de anuncios electr\u00f3nico", "objeto-del-contrato": "Servicio de comidas en\u00a0los Centros Ocupacionales\u00a0Aluche y Juan Ram\u00f3n Jim\u00e9nez (2 lotes)", "codigo-cpv": "55320000-9", "numero-de-expediente": "A/SER-015200/2018", "referencia": "2678959", "tipo-de-contrato": "Servicios", "entidad-adjudicadora": "", "codigo-nuts": "ES300", "procedimiento-adjudicacion": "Abierto", "defectos-u-omisiones-de-la-documentacion-publicados-el": "(Publicado el 26 noviembre 2018 11:30)", "empresarios-excluidos-publicados-el": "(Publicado el 30 noviembre 2018 14:30)", "ofertas-anormales-o-desproporcionadas-publicadas-el": "(Publicado el 30 noviembre 2018 13:30)"}