{"url": "https://www.madrid.org/cs/Satellite?c=CM_ConvocaPrestac_FA&cid=1354791611784&definicion=Contratos+Publicos&language=es&op2=PCON&pagename=PortalContratacion%2FPage%2FPCON_contratosPublicos&tipoServicio=CM_ConvocaPrestac_FA", "titulo": "Auditor\u00eda de calidad del servicio de seguridad, del servicio de personal administrativo, de los sistemas de protecci\u00f3n y detecci\u00f3n de incendios y de las explotaciones comerciales \u2013 4 Lotes- de los Hospitales del Henares, Infanta Cristina, Infanta Leonor, Infanta Sof\u00eda, del Sureste, del Tajo y Puerta de Hierro de Majadahonda", "status": "En tramitaci\u00f3n", "tipo-publicacion": "Tabl\u00f3n de anuncios electr\u00f3nico", "objeto-del-contrato": "Auditor\u00eda de calidad del servicio de seguridad, del servicio de personal administrativo, de los sistemas de protecci\u00f3n y detecci\u00f3n de incendios y de las explotaciones comerciales \u2013 4 Lotes- de los Hospitales del Henares, Infanta Cristina, Infanta Leonor, Infanta Sof\u00eda, del Sureste, del Tajo y Puerta de Hierro de Majadahonda", "codigo-cpv": "79417000-0, 79411000-8, 71317100-4", "compra-publica-innovadora": "No", "numero-de-expediente": "PA SER-35/2019-AE (A/SER-015939/2019)", "referencia": "3258690", "tipo-de-contrato": "Servicios", "entidad-adjudicadora": "", "codigo-nuts": "ES300", "procedimiento-adjudicacion": "Abierto"}