{"url": "https://www.madrid.org/cs/Satellite?c=CM_ConvocaPrestac_FA&cid=1354887188369&definicion=Contratos+Publicos&language=es&op2=PCON&pagename=PortalContratacion%2FPage%2FPCON_contratosPublicos&tipoServicio=CM_ConvocaPrestac_FA", "titulo": "Servicio para la gesti\u00f3n de la escuela infantil Los Abetos de Parla", "status": "En tramitaci\u00f3n", "tipo-publicacion": "Tabl\u00f3n de anuncios electr\u00f3nico", "objeto-del-contrato": "Servicio para la gesti\u00f3n de la escuela infantil\u00a0Los Abetos\u00a0de Parla", "codigo-cpv": "80110000-8", "numero-de-expediente": "A/SER-018017/2021 (322A-001-21)", "referencia": "4149494", "tipo-de-contrato": "Servicios", "entidad-adjudicadora": "", "codigo-nuts": "ES30", "procedimiento-adjudicacion": "Abierto", "presupuesto-base-licitacion-(sin-impuestos)": "1.287.649,44 euros", "duracion-del-contrato": "3 A\u00f1os", "puntos-de-informacion": "-Consejer\u00eda de Educaci\u00f3n, Universidades, Ciencia\u00a0y\u00a0Portavoc\u00eda, Secretar\u00eda General T\u00e9cnica.", "defectos-u-omisiones-de-la-documentacion-publicados-el": "(Publicado el 12 julio 2021 18:00)", "ofertas-anormales-o-desproporcionadas-publicadas-el": "(Publicado el 26 julio 2021 22:07)"}