{"url": "https://www.madrid.org/cs/Satellite?c=CM_ConvocaPrestac_FA&cid=1354836061496&definicion=Contratos+Publicos&language=es&op2=PCON&pagename=PortalContratacion%2FPage%2FPCON_contratosPublicos&tipoServicio=CM_ConvocaPrestac_FA", "titulo": "Servicios de Gesti\u00f3n de las tarjetas de alumnos beneficiarios de becas para el estudio de Formaci\u00f3n Profesional de Grado Superior de la Comunidad de Madrid", "status": "Plazo indefinido", "tipo-publicacion": "Tabl\u00f3n de anuncios electr\u00f3nico", "objeto-del-contrato": "Servicios de gesti\u00f3n de las tarjetas de alumnos beneficiarios de becas para el estudio de Formaci\u00f3n Profesional de Grado Superior de la Comunidad de Madrid", "codigo-cpv": "75121000-0", "compra-publica-innovadora": "No", "numero-de-expediente": "A/SER-019542/2020 (C-323M-004-20)", "referencia": "3634279", "tipo-de-contrato": "Servicios", "entidad-adjudicadora": "", "codigo-nuts": "ES300", "procedimiento-adjudicacion": "Abierto", "presupuesto-base-licitacion-(sin-impuestos)": "77.500 euros", "duracion-del-contrato": "10 Meses", "puntos-de-informacion": "", "ofertas-anormales-o-desproporcionadas-publicadas-el": "(Publicado el 31 agosto 2020 16:30)"}