{"url": "https://www.madrid.org/cs/Satellite?c=CM_ConvocaPrestac_FA&cid=1354849011626&definicion=Contratos+Publicos&language=es&op2=PCON&pagename=PortalContratacion%2FPage%2FPCON_contratosPublicos&tipoServicio=CM_ConvocaPrestac_FA", "titulo": "VIGILANCIA Y SEGURIDAD DE LAS INSTALACIONES DEL IMIDRA 2020-2022", "status": "Plazo indefinido", "tipo-publicacion": "Tabl\u00f3n de anuncios electr\u00f3nico", "objeto-del-contrato": "", "codigo-cpv": "79713000-5", "numero-de-expediente": "A/SER-021522/2020", "referencia": "3770236", "tipo-de-contrato": "Servicios", "entidad-adjudicadora": "", "codigo-nuts": "ES300", "procedimiento-adjudicacion": "Abierto", "puntos-de-informacion": "", "empresarios-excluidos-publicados-el": "(Publicado el 13 octubre 2020 12:01)"}