{"url": "https://www.madrid.org/cs/Satellite?c=CM_ConvocaPrestac_FA&cid=1354862159838&definicion=Contratos+Publicos&language=es&op2=PCON&pagename=PortalContratacion%2FPage%2FPCON_contratosPublicos&tipoServicio=CM_ConvocaPrestac_FA", "titulo": "Tabl\u00f3n electr\u00f3nico Servicio de Codificaci\u00f3n de episodios asistenciales para el Hospital Universitario 12 de Octubre", "status": "En tramitaci\u00f3n", "tipo-publicacion": "Tabl\u00f3n de anuncios electr\u00f3nico", "objeto-del-contrato": "Servicio de Codificaci\u00f3n de episodios asistenciales para el Hospital Universitario 12 de Octubre", "compra-publica-innovadora": "No", "numero-de-expediente": "2021-0-14", "referencia": "3906499", "tipo-de-contrato": "Servicios", "entidad-adjudicadora": "", "codigo-nuts": "ES300", "procedimiento-adjudicacion": "Abierto", "puntos-de-informacion": ""}