{"url": "https://www.madrid.org/cs/Satellite?c=CM_ConvocaPrestac_FA&cid=1354717290119&definicion=Contratos+Publicos&language=es&op2=PCON&pagename=PortalContratacion%2FPage%2FPCON_contratosPublicos&tipoServicio=CM_ConvocaPrestac_FA", "titulo": "Servicio de transporte de enseres, documentaci\u00f3n y mobiliario de la Consejer\u00eda de Econom\u00eda, Empleo y Hacienda de la Comunidad de Madrid", "status": "En tramitaci\u00f3n", "tipo-publicacion": "Tabl\u00f3n de anuncios electr\u00f3nico", "objeto-del-contrato": "", "numero-de-expediente": "C-923M/002-18 (A/SER-005421/2018)", "referencia": "2424969", "tipo-de-contrato": "Servicios", "entidad-adjudicadora": "", "codigo-nuts": "ES300", "procedimiento-adjudicacion": "Abierto", "puntos-de-informacion": "", "defectos-u-omisiones-de-la-documentacion-publicados-el": "(Publicado el 11 septiembre 2018 15:33)", "ofertas-anormales-o-desproporcionadas-publicadas-el": "(Publicado el 19 septiembre 2018 14:02)"}