{"url": "https://www.madrid.org/cs/Satellite?c=CM_ConvocaPrestac_FA&cid=1354807670314&definicion=Contratos+Publicos&language=es&op2=PCON&pagename=PortalContratacion%2FPage%2FPCON_contratosPublicos&tipoServicio=CM_ConvocaPrestac_FA", "titulo": "25/2019 Contrato de servicios de Reprograf\u00eda, fotocopiado e impresi\u00f3n de la empresa p\u00fablica Obras de Madrid. Gesti\u00f3n de Obras e Infraestructuras, S.A.", "status": "En tramitaci\u00f3n", "tipo-publicacion": "Tabl\u00f3n de anuncios electr\u00f3nico", "codigo-cpv": "79520000-5, 79521000-2", "compra-publica-innovadora": "No", "numero-de-expediente": "25/2019", "referencia": "3349742", "tipo-de-contrato": "Servicios", "entidad-adjudicadora": "", "codigo-nuts": "ES300", "procedimiento-adjudicacion": "Abierto simplificado", "presupuesto-base-licitacion-(sin-impuestos)": "3.000 euros", "duracion-del-contrato": "1 A\u00f1os"}