{"url": "https://www.madrid.org/cs/Satellite?c=CM_ConvocaPrestac_FA&cid=1354793973516&definicion=Contratos+Publicos&language=es&op2=PCON&pagename=PortalContratacion%2FPage%2FPCON_contratosPublicos&tipoServicio=CM_ConvocaPrestac_FA", "titulo": "Servicios auxiliares de gesti\u00f3n del aparcamiento de la Glorieta Puerta de Toledo", "status": "Plazo indefinido", "tipo-publicacion": "Tabl\u00f3n de anuncios electr\u00f3nico", "objeto-del-contrato": "Servicios auxiliares de gesti\u00f3n del aparcamiento de la Glorieta Puerta de Toledo", "compra-publica-innovadora": "No", "numero-de-expediente": "A/SER-009068/2019", "referencia": "3259024", "tipo-de-contrato": "Servicios", "entidad-adjudicadora": "", "codigo-nuts": "ES300", "procedimiento-adjudicacion": "Abierto", "puntos-de-informacion": "", "defectos-u-omisiones-de-la-documentacion-publicados-el": "(Publicado el 13 septiembre 2019 12:04)", "ofertas-anormales-o-desproporcionadas-publicadas-el": "(Publicado el 19 septiembre 2019 09:03)"}