{"url": "https://www.madrid.org/cs/Satellite?c=CM_ConvocaPrestac_FA&cid=1354776810857&definicion=Contratos+Publicos&language=es&op2=PCON&pagename=PortalContratacion%2FPage%2FPCON_contratosPublicos&tipoServicio=CM_ConvocaPrestac_FA", "titulo": "Contrato de servicios de Direcci\u00f3n Facultativa (Lote 1) y Coordinaci\u00f3n de Seguridad y Salud (Lote 2) de las obras Lucernarios e impermeabilizaci\u00f3n del Pabell\u00f3n Deportivo en San Fernando de Henares (Madrid)", "status": "En tramitaci\u00f3n", "tipo-publicacion": "Tabl\u00f3n de anuncios electr\u00f3nico", "codigo-cpv": "71000000-8, 71317200-5", "numero-de-expediente": "CA/0811.126.17/02/S y CA/0811.126.17/03/S", "referencia": "3139039", "tipo-de-contrato": "Servicios", "entidad-adjudicadora": "", "codigo-nuts": "ES300", "procedimiento-adjudicacion": "Abierto simplificado", "presupuesto-base-licitacion-(sin-impuestos)": "3.594,42 euros", "duracion-del-contrato": "6 Meses", "defectos-u-omisiones-de-la-documentacion-publicados-el": "(Publicado el 20 junio 2019 08:01)"}