{"url": "https://www.madrid.org/cs/Satellite?c=CM_ConvocaPrestac_FA&cid=1354807150955&definicion=Contratos+Publicos&language=es&op2=PCON&pagename=PortalContratacion%2FPage%2FPCON_contratosPublicos&tipoServicio=CM_ConvocaPrestac_FA", "titulo": "Contrato privado de servicios de P\u00f3lizas de Seguros de da\u00f1os materiales y autom\u00f3viles del IMIDRA para el a\u00f1o 2020 (2 lotes)", "status": "En tramitaci\u00f3n", "tipo-publicacion": "Tabl\u00f3n de anuncios electr\u00f3nico", "objeto-del-contrato": "Contrataci\u00f3n de las p\u00f3lizas de seguros de\u00a0da\u00f1os materiales y autom\u00f3viles del IMIDRA para el a\u00f1o 2020 (2 lotes)", "codigo-cpv": "66515000-3, 66514000-6", "compra-publica-innovadora": "No", "numero-de-expediente": "P/SER-025657/2019", "referencia": "3349644", "tipo-de-contrato": "Servicios", "entidad-adjudicadora": "", "codigo-nuts": "ES300", "procedimiento-adjudicacion": "Abierto", "puntos-de-informacion": "", "empresarios-excluidos-publicados-el": "(Publicado el 02 diciembre 2019 09:01)"}