{"url": "https://www.madrid.org/cs/Satellite?c=CM_ConvocaPrestac_FA&cid=1354774701604&definicion=Contratos+Publicos&language=es&op2=PCON&pagename=PortalContratacion%2FPage%2FPCON_contratosPublicos&tipoServicio=CM_ConvocaPrestac_FA", "titulo": "Custodia Externa de los Archivos de Obras de Madrid. Gestion de Obras e Infraestructuras, S.A.", "status": "En tramitaci\u00f3n", "tipo-publicacion": "Tabl\u00f3n de anuncios electr\u00f3nico", "objeto-del-contrato": "a. Tipo: Servicios\nb. Descripci\u00f3n: Prestaci\u00f3n de los servicios de custodia externa de los archivos de OBRAS DE MADRID. GESTI\u00d3N DE OBRAS E INFRAESTRUCTURAS, S.A.\nc. Divisi\u00f3n por lotes y n\u00famero: Se considera que no procede dividir en lotes de conformidad con el art\u00edculo 99.3. b) LCSP la actividad objeto del contrato toda vez que se trata de un servicio \u00fanico, no siendo posible dividir la contrataci\u00f3n de las distintas tareas a desarrollar.\nd. Plazo de ejecuci\u00f3n: Desde el d\u00eda siguiente de la formalizaci\u00f3n del contrato y hasta finalizar el a\u00f1o 2020, con posibilidad de pr\u00f3rroga del servicio de un a\u00f1o que se corresponder\u00eda con el a\u00f1o 2021 al completo.", "codigo-cpv": "79560000-7", "numero-de-expediente": "11/2019", "referencia": "2988987", "tipo-de-contrato": "Servicios", "entidad-adjudicadora": "", "codigo-nuts": "ES300", "procedimiento-adjudicacion": "Abierto simplificado", "presupuesto-base-licitacion-(sin-impuestos)": "66.500 euros", "puntos-de-informacion": "*Entidad adjudicadora: Obras de Madrid. Gesti\u00f3n de Obras e Infraestructuras, S.A. CIF A79932927 - calle Alcal\u00e1, 21 - 4\u00aa planta - 28014 Madrid - Tel. 915240436; Fax. 915770150 - correos electr\u00f3nicos: m.casal@obrasdemadrid.com (consultas t\u00e9cnicas) y ecampos@obrasdemadrid.com (consultas administrativas)\n*Documentaci\u00f3n: Perfil del contratante http:/www.madrid.org/contratospublicos - Tel.915753415; Fax. 915770150\n*Presentaci\u00f3n de ofertas: hasta el 23 de mayo de 2019 a las 14:00 hs. en Calle Alcal\u00e1, 21 - 1\u00aa planta - 28014 Madrid *Apertura de ofertas: el d\u00eda 29 de mayo de 2019 a las 09:00 hs. en Calle Alcal\u00e1, 21 - 4\u00aa planta - 28014 Madrid", "defectos-u-omisiones-de-la-documentacion-publicados-el": "(Publicado el 18 junio 2019 08:57)"}