{"url": "https://www.madrid.org/cs/Satellite?c=CM_ConvocaPrestac_FA&cid=1354703698132&definicion=Contratos+Publicos&language=es&op2=PCON&pagename=PortalContratacion%2FPage%2FPCON_contratosPublicos&tipoServicio=CM_ConvocaPrestac_FA", "titulo": "Servicio para la redacci\u00f3n del estudio informativo de la ampliaci\u00f3n de la capacidad de la Carretera M-513 Tramo M.40 a M-516 en los t\u00e9rminos municipales de pozuelo de Alarc\u00f3n y Boadilla del Monte e Informe de las Alegaciones evacuadas en el tr\u00e1mite de informaci\u00f3n p\u00fablica", "status": "En tramitaci\u00f3n", "tipo-publicacion": "Tabl\u00f3n de anuncios electr\u00f3nico", "objeto-del-contrato": "Servicio para la redacci\u00f3n del estudio informativo de la ampliaci\u00f3n de la capacidad de la Carretera M-513 Tramo M.40 a M-516 en los t\u00e9rminos municipales de pozuelo de Alarc\u00f3n y Boadilla del Monte e Informe de las Alegaciones evacuadas en el tr\u00e1mite de informaci\u00f3n p\u00fablica", "numero-de-expediente": "A/SER-001178/2018", "referencia": "2182494", "tipo-de-contrato": "Servicios", "entidad-adjudicadora": "", "codigo-nuts": "ES300", "procedimiento-adjudicacion": "Abierto", "otras-informaciones-publicadas-el": "(Publicado el 20 abril 2018 13:32)"}