{"url": "https://www.madrid.org/cs/Satellite?c=CM_ConvocaPrestac_FA&cid=1354786139011&definicion=Contratos+Publicos&language=es&op2=PCON&pagename=PortalContratacion%2FPage%2FPCON_contratosPublicos&tipoServicio=CM_ConvocaPrestac_FA", "titulo": "Mantenimiento, reparaci\u00f3n y conservaci\u00f3n de las Sedes de la Consejer\u00eda de Educaci\u00f3n e Investigaci\u00f3n", "status": "En tramitaci\u00f3n", "tipo-publicacion": "Tabl\u00f3n de anuncios electr\u00f3nico", "objeto-del-contrato": "Mantenimiento, reparaci\u00f3n y conservaci\u00f3n de las Sedes de la Consejer\u00eda de Educaci\u00f3n e Investigaci\u00f3n", "codigo-cpv": "50411000-9, 50510000-3, 50532000-3, 50710000-5", "numero-de-expediente": "A/SER-014108/2019 (C-321M/007-19)", "referencia": "3234124", "tipo-de-contrato": "Servicios", "entidad-adjudicadora": "", "codigo-nuts": "ES300", "procedimiento-adjudicacion": "Abierto", "presupuesto-base-licitacion-(sin-impuestos)": "132.231,4 euros", "duracion-del-contrato": "24 Meses", "otras-informaciones-publicadas-el": "(Publicado el 07 octubre 2019 12:32)"}