{"url": "https://www.madrid.org/cs/Satellite?c=CM_ConvocaPrestac_FA&cid=1354819761215&definicion=Contratos+Publicos&language=es&op2=PCON&pagename=PortalContratacion%2FPage%2FPCON_contratosPublicos&tipoServicio=CM_ConvocaPrestac_FA", "titulo": "Servicio de mantenimiento de jardiner\u00eda en 4 centros adscritos a la Agencia Madrile\u00f1a de Atenci\u00f3n Social", "status": "Plazo indefinido", "tipo-publicacion": "Tabl\u00f3n de anuncios electr\u00f3nico", "objeto-del-contrato": "Servicio de mantenimiento de jardiner\u00eda en 4 centros adscritos a la Agencia Madrile\u00f1a de Atenci\u00f3n Social", "codigo-cpv": "77311000-3", "numero-de-expediente": "A/SER-030350/2019", "referencia": "3413234", "tipo-de-contrato": "Servicios", "entidad-adjudicadora": "", "codigo-nuts": "ES300", "procedimiento-adjudicacion": "Abierto", "presupuesto-base-licitacion-(sin-impuestos)": "49.870 euros", "duracion-del-contrato": "12 Meses", "defectos-u-omisiones-de-la-documentacion-publicados-el": "(Publicado el 09 junio 2020 12:30)", "empresarios-excluidos-publicados-el": "(Publicado el 10 marzo 2020 13:30)", "ofertas-anormales-o-desproporcionadas-publicadas-el": "(Publicado el 10 marzo 2020 13:30)"}