{"url": "https://www.madrid.org/cs/Satellite?c=CM_ConvocaPrestac_FA&cid=1354722283426&definicion=Contratos+Publicos&language=es&op2=PCON&pagename=PortalContratacion%2FPage%2FPCON_contratosPublicos&tipoServicio=CM_ConvocaPrestac_FA", "titulo": "Servicio de montaje y desmontaje de la exposici\u00f3n \"Eugenio Ampudia. Sostener el infinito con la palma de la mano\" en la Sala de Alcal\u00e1, 31 y la exposici\u00f3n \"Ricard Terr\u00e9. Serie \u00danica\" en la Sala Canal de Isabel II (2 lotes)", "status": "En tramitaci\u00f3n", "tipo-publicacion": "Tabl\u00f3n de anuncios electr\u00f3nico", "numero-de-expediente": "C-333A/003-18 (A/SER-006975/2018)", "referencia": "2492748", "tipo-de-contrato": "Servicios", "entidad-adjudicadora": "", "codigo-nuts": "ES300", "procedimiento-adjudicacion": "Abierto", "defectos-u-omisiones-de-la-documentacion-publicados-el": "(Publicado el 29 junio 2018 15:30)", "ofertas-anormales-o-desproporcionadas-publicadas-el": "(Publicado el 17 julio 2018 13:31)"}