{"url": "https://www.madrid.org/cs/Satellite?c=CM_ConvocaPrestac_FA&cid=1354880552445&definicion=Contratos+Publicos&language=es&op2=PCON&pagename=PortalContratacion%2FPage%2FPCON_contratosPublicos&tipoServicio=CM_ConvocaPrestac_FA", "titulo": "Servicio de soporte al mantenimiento de instalaciones de baja tensi\u00f3n para Metro de Madrid", "status": "En tramitaci\u00f3n", "tipo-publicacion": "Tabl\u00f3n de anuncios electr\u00f3nico", "objeto-del-contrato": "Servicio de soporte al mantenimiento de instalaciones de baja tensi\u00f3n para Metro de Madrid", "codigo-cpv": "50532400-7, 50711000-2, 45300000-0", "numero-de-expediente": "6012100119", "referencia": "4102916", "tipo-de-contrato": "Servicios", "entidad-adjudicadora": "", "codigo-nuts": "ES300", "procedimiento-adjudicacion": "Abierto", "defectos-u-omisiones-de-la-documentacion-publicados-el": "(Publicado el 03 agosto 2021 14:00)", "empresarios-excluidos-publicados-el": "(Publicado el 07 septiembre 2021 12:15)", "ofertas-anormales-o-desproporcionadas-publicadas-el": "(Publicado el 21 septiembre 2021 13:00)"}