{"url": "https://www.madrid.org/cs/Satellite?c=CM_ConvocaPrestac_FA&cid=1354832657633&definicion=Contratos+Publicos&language=es&op2=PCON&pagename=PortalContratacion%2FPage%2FPCON_contratosPublicos&tipoServicio=CM_ConvocaPrestac_FA", "titulo": "tabl\u00f3n recogida, tranpsorte y distribuci\u00f3n de muestras", "status": "Plazo indefinido", "tipo-publicacion": "Tabl\u00f3n de anuncios electr\u00f3nico", "objeto-del-contrato": "recogida, tranpsorte y distribuci\u00f3n de muestras", "codigo-cpv": "60100000-9, 60161000-4", "compra-publica-innovadora": "No", "numero-de-expediente": "A/SUM-011314/2020", "referencia": "3617052", "tipo-de-contrato": "Servicios", "entidad-adjudicadora": "", "codigo-nuts": "ES300", "procedimiento-adjudicacion": "Abierto", "presupuesto-base-licitacion-(sin-impuestos)": "197.038,28 euros", "duracion-del-contrato": "24 Meses", "puntos-de-informacion": "unidad de contrataci\u00f3n administrativa, 3\u00aa planta hospital universitario de M\u00f3stoles", "defectos-u-omisiones-de-la-documentacion-publicados-el": "(Publicado el 15 junio 2020 14:31)", "empresarios-excluidos-publicados-el": "(Publicado el 21 julio 2020 13:00)"}