{"url": "https://www.madrid.org/cs/Satellite?c=CM_ConvocaPrestac_FA&cid=1354894966044&definicion=Contratos+Publicos&language=es&op2=PCON&pagename=PortalContratacion%2FPage%2FPCON_contratosPublicos&tipoServicio=CM_ConvocaPrestac_FA", "titulo": "Contrato mixto de servicios y concesi\u00f3n para la alimentaci\u00f3n de pacientes y explotaci\u00f3n de cafeter\u00edas y m\u00e1quinas expendedoras en el Hospital Carlos III", "status": "En tramitaci\u00f3n", "tipo-publicacion": "Tabl\u00f3n de anuncios electr\u00f3nico", "objeto-del-contrato": "Contrato mixto de servicios y concesi\u00f3n para la alimentaci\u00f3n de pacientes y explotaci\u00f3n de cafeter\u00edas y m\u00e1quinas expendedoras en el Hospital Carlos III", "codigo-cpv": "55300000-3", "compra-publica-innovadora": "No", "numero-de-expediente": "P.A. 15/2021", "referencia": "4293852", "tipo-de-contrato": "Servicios", "entidad-adjudicadora": "", "codigo-nuts": "ES300", "procedimiento-adjudicacion": "Abierto"}