{"url": "https://www.madrid.org/cs/Satellite?c=CM_ConvocaPrestac_FA&cid=1354850854204&definicion=Contratos+Publicos&language=es&op2=PCON&pagename=PortalContratacion%2FPage%2FPCON_contratosPublicos&tipoServicio=CM_ConvocaPrestac_FA", "titulo": "Programa de actividades f\u00edsicas adaptadas para personas con discapacidad intelectual en trece Centros adscritos a la Agencia Madrile\u00f1a de Atenci\u00f3n Social", "status": "Plazo indefinido", "tipo-publicacion": "Tabl\u00f3n de anuncios electr\u00f3nico", "objeto-del-contrato": "Programa de actividades f\u00edsicas adaptadas para personas con discapacidad intelectual en trece Centros adscritos a la Agencia Madrile\u00f1a de Atenci\u00f3n Social (2 Lotes)", "codigo-cpv": "92600000-7", "compra-publica-innovadora": "No", "numero-de-expediente": "A/SER-018797/2020", "referencia": "3770610", "tipo-de-contrato": "Servicios", "entidad-adjudicadora": "", "codigo-nuts": "ES300", "procedimiento-adjudicacion": "Abierto simplificado", "defectos-u-omisiones-de-la-documentacion-publicados-el": "(Publicado el 09 diciembre 2020 09:00)", "empresarios-excluidos-publicados-el": "(Publicado el 28 octubre 2020 11:30)", "ofertas-anormales-o-desproporcionadas-publicadas-el": "(Publicado el 28 octubre 2020 11:30)"}