{"url": "https://www.madrid.org/cs/Satellite?c=CM_ConvocaPrestac_FA&cid=1354880648346&definicion=Contratos+Publicos&language=es&op2=PCON&pagename=PortalContratacion%2FPage%2FPCON_contratosPublicos&tipoServicio=CM_ConvocaPrestac_FA", "titulo": "Gesti\u00f3n de Servicio para la realizaci\u00f3n de sesiones de rehabilitaci\u00f3n logopedica en el Hospital Universitario de Fuenlabrada", "status": "En tramitaci\u00f3n", "tipo-publicacion": "Tabl\u00f3n de anuncios electr\u00f3nico", "objeto-del-contrato": "", "codigo-cpv": "85100000-0", "compra-publica-innovadora": "No", "numero-de-expediente": "PA S 21-001", "referencia": "4102940", "tipo-de-contrato": "Servicios", "entidad-adjudicadora": "", "codigo-nuts": "ES300", "procedimiento-adjudicacion": "Abierto", "presupuesto-base-licitacion-(sin-impuestos)": "192.770,26 euros", "duracion-del-contrato": "24 Meses", "puntos-de-informacion": "* Obtenci\u00f3n de documentaci\u00f3n e informaci\u00f3n:"}