{"url": "https://www.madrid.org/cs/Satellite?c=CM_ConvocaPrestac_FA&cid=1354874954865&definicion=Contratos+Publicos&language=es&op2=PCON&pagename=PortalContratacion%2FPage%2FPCON_contratosPublicos&tipoServicio=CM_ConvocaPrestac_FA", "titulo": "Tabl\u00f3n Anuncio RAS PAPC 2021-8-3", "status": "En tramitaci\u00f3n", "tipo-publicacion": "Tabl\u00f3n de anuncios electr\u00f3nico", "objeto-del-contrato": "Servicio de Eliminaci\u00f3n de Velllo a Pacientes para el Hospital Universitario de Getafe", "codigo-cpv": "98321000-9", "compra-publica-innovadora": "No", "numero-de-expediente": "PAPC 2021-8-3", "referencia": "4027096", "tipo-de-contrato": "Servicios", "entidad-adjudicadora": "", "codigo-nuts": "ES300", "procedimiento-adjudicacion": "Abierto", "presupuesto-base-licitacion-(sin-impuestos)": "72.470,31 euros", "duracion-del-contrato": "24 Meses", "puntos-de-informacion": "*Obtenci\u00f3n de documentaci\u00f3n e informaci\u00f3n:", "defectos-u-omisiones-de-la-documentacion-publicados-el": "(Publicado el 12 mayo 2021 15:00)", "empresarios-excluidos-publicados-el": "(Publicado el 19 mayo 2021 10:45)", "ofertas-anormales-o-desproporcionadas-publicadas-el": "(Publicado el 24 junio 2021 15:00)"}