{"url": "https://www.madrid.org/cs/Satellite?c=CM_ConvocaPrestac_FA&cid=1354887191116&definicion=Contratos+Publicos&language=es&op2=PCON&pagename=PortalContratacion%2FPage%2FPCON_contratosPublicos&tipoServicio=CM_ConvocaPrestac_FA", "titulo": "Servicios para la gesti\u00f3n de la escuela infantil Carricoche de Madrid", "status": "En tramitaci\u00f3n", "tipo-publicacion": "Tabl\u00f3n de anuncios electr\u00f3nico", "objeto-del-contrato": "Servicios para la gesti\u00f3n de la escuela infantil Carricoche de Madrid", "codigo-cpv": "80110000-8", "numero-de-expediente": "A/SER-017974-2021 (322A-000-21)", "referencia": "4149496", "tipo-de-contrato": "Servicios", "entidad-adjudicadora": "", "codigo-nuts": "ES300", "procedimiento-adjudicacion": "Abierto", "presupuesto-base-licitacion-(sin-impuestos)": "1.037.635,5 euros", "duracion-del-contrato": "5 A\u00f1os", "defectos-u-omisiones-de-la-documentacion-publicados-el": "(Publicado el 03 septiembre 2021 11:15)", "ofertas-anormales-o-desproporcionadas-publicadas-el": "(Publicado el 24 septiembre 2021 14:30)"}