{"url": "https://www.madrid.org/cs/Satellite?c=CM_ConvocaPrestac_FA&cid=1354736178116&definicion=Contratos+Publicos&language=es&op2=PCON&pagename=PortalContratacion%2FPage%2FPCON_contratosPublicos&tipoServicio=CM_ConvocaPrestac_FA", "titulo": "Atenci\u00f3n educativa a los alumnos con necesidades educativas especiales asociadas a discapacidad auditiva, escolarizados en centros docentes sostenidos con fondos p\u00fablicos, mediante la prestaci\u00f3n del servicio por parte de int\u00e9rpretes de lengua de signos espa\u00f1ola. curso 2018-2019 y 2019-2020", "status": "En tramitaci\u00f3n", "tipo-publicacion": "Tabl\u00f3n de anuncios electr\u00f3nico", "objeto-del-contrato": "Atenci\u00f3n educativa a los alumnos con necesidades educativas especiales asociadas a discapacidad auditiva, escolarizados en centros docentes sostenidos con fondos p\u00fablicos, mediante la prestaci\u00f3n del servicio por parte de int\u00e9rpretes de lengua de signos espa\u00f1ola. curso 2018-2019 y 2019-2020", "codigo-cpv": "80340000-9", "numero-de-expediente": "A/SER-001523/2018 (C-322A/001-18)", "referencia": "2653912", "tipo-de-contrato": "Servicios", "entidad-adjudicadora": "", "codigo-nuts": "ES300", "procedimiento-adjudicacion": "Abierto", "presupuesto-base-licitacion-(sin-impuestos)": "1.475.762,4 euros", "duracion-del-contrato": "24 Meses", "puntos-de-informacion": "Obtenci\u00f3n de documentaci\u00f3n e informaci\u00f3n:", "defectos-u-omisiones-de-la-documentacion-publicados-el": "(Publicado el 23 octubre 2018 14:33)"}