{"url": "https://www.madrid.org/cs/Satellite?c=CM_ConvocaPrestac_FA&cid=1354803699758&definicion=Contratos+Publicos&language=es&op2=PCON&pagename=PortalContratacion%2FPage%2FPCON_contratosPublicos&tipoServicio=CM_ConvocaPrestac_FA", "titulo": "Servicios de Asesoramiento fiscal y tributario a la empresa p\u00fablica Obras de Madrid. Gesti\u00f3n de Obras e Infraestructuras, S.A.", "status": "En tramitaci\u00f3n", "tipo-publicacion": "Tabl\u00f3n de anuncios electr\u00f3nico", "codigo-cpv": "79220000-2, 79221000-9, 79222000-6", "numero-de-expediente": "19/2019", "referencia": "3260987", "tipo-de-contrato": "Servicios", "entidad-adjudicadora": "", "codigo-nuts": "ES300", "procedimiento-adjudicacion": "Abierto simplificado", "presupuesto-base-licitacion-(sin-impuestos)": "15.000 euros", "duracion-del-contrato": "1 A\u00f1os"}