{"url": "https://www.madrid.org/cs/Satellite?c=CM_ConvocaPrestac_FA&cid=1354847900935&definicion=Contratos+Publicos&language=es&op2=PCON&pagename=PortalContratacion%2FPage%2FPCON_contratosPublicos&tipoServicio=CM_ConvocaPrestac_FA", "titulo": "Curso de formaci\u00f3n en conducci\u00f3n evasiva y habilitaci\u00f3n en gr\u00faa pluma sobre cami\u00f3n dirigido al Cuerpo de Bomberos de la Comunidad de Madrid", "status": "En tramitaci\u00f3n", "tipo-publicacion": "Tabl\u00f3n de anuncios electr\u00f3nico", "objeto-del-contrato": "Curso de formaci\u00f3n en conducci\u00f3n evasiva y habilitaci\u00f3n en gr\u00faa pluma sobre cami\u00f3n dirigido al Cuerpo de Bomberos de la Comunidad de Madrid", "compra-publica-innovadora": "No", "numero-de-expediente": "A/SER-026078/2020", "referencia": "3769963", "tipo-de-contrato": "Servicios", "entidad-adjudicadora": "", "codigo-nuts": "ES300", "procedimiento-adjudicacion": "Abierto simplificado", "puntos-de-informacion": ""}