{"url": "https://www.madrid.org/cs/Satellite?c=CM_ConvocaPrestac_FA&cid=1354879466534&definicion=Contratos+Publicos&language=es&op2=PCON&pagename=PortalContratacion%2FPage%2FPCON_contratosPublicos&tipoServicio=CM_ConvocaPrestac_FA", "titulo": "Acuerdo marco para la prestaci\u00f3n del servicio de comedor escolar en los centros docentes p\u00fablicos no universitarios de la Comunidad de Madrid y actuaciones complementarias inherentes al mismo, Dividido en 266 lotes, a adjudicar por procedimiento abierto mediante pluralidad de criterios.", "status": "En tramitaci\u00f3n", "tipo-publicacion": "Tabl\u00f3n de anuncios electr\u00f3nico", "objeto-del-contrato": "Acuerdo marco para la prestaci\u00f3n del servicio de comedor escolar en los centros docentes p\u00fablicos no universitarios de la Comunidad de Madrid y actuaciones complementarias inherentes al mismo, Dividido en 266 lotes, a adjudicar por procedimiento abierto mediante pluralidad de criterios.", "codigo-cpv": "55321000-6, 55322000-3, 55523100-3, 55524000-9, 55520000-1", "compra-publica-innovadora": "No", "numero-de-expediente": "A/SER-003096/2021 (C-322A-013-21)", "referencia": "4086821", "tipo-de-contrato": "Servicios", "entidad-adjudicadora": "", "codigo-nuts": "ES30", "procedimiento-adjudicacion": "Abierto", "presupuesto-base-licitacion-(sin-impuestos)": "0 euros", "duracion-del-contrato": "2 A\u00f1os", "fecha-publicacion-de-la-licitacion-en-el-bocm": "16 abril 2021", "puntos-de-informacion": "-Consejer\u00eda de Educaci\u00f3n y Juventud, Secretar\u00eda General T\u00e9cnica.", "defectos-u-omisiones-de-la-documentacion-publicados-el": "(Publicado el 14 mayo 2021 15:30)"}