{"url": "https://www.madrid.org/cs/Satellite?c=CM_ConvocaPrestac_FA&cid=1354895754060&definicion=Contratos+Publicos&language=es&op2=PCON&pagename=PortalContratacion%2FPage%2FPCON_contratosPublicos&tipoServicio=CM_ConvocaPrestac_FA", "titulo": "Auditoria de calidad de las infraestructura generales de los hospitales del Henares, Infanta Cristina, Infanta Leonor, Infanta Sof\u00eda, del Sureste, del Tajo y Puerta de Hierro de Majadahonda", "status": "En tramitaci\u00f3n", "tipo-publicacion": "Tabl\u00f3n de anuncios electr\u00f3nico", "objeto-del-contrato": "Auditoria de calidad de las infraestructura generales de los hospitales del Henares, Infanta Cristina, Infanta Leonor, Infanta Sof\u00eda, del Sureste, del Tajo y Puerta de Hierro de Majadahonda", "codigo-cpv": "71310000-4", "compra-publica-innovadora": "No", "numero-de-expediente": "PA SER-12/2021 (A/SER-018744/2021)", "referencia": "4301024", "tipo-de-contrato": "Servicios", "entidad-adjudicadora": "", "codigo-nuts": "ES300", "procedimiento-adjudicacion": "Abierto"}