{"url": "https://www.madrid.org/cs/Satellite?c=CM_ConvocaPrestac_FA&cid=1354861920678&definicion=Contratos+Publicos&language=es&op2=PCON&pagename=PortalContratacion%2FPage%2FPCON_contratosPublicos&tipoServicio=CM_ConvocaPrestac_FA", "titulo": "Trabajos auxiliares de mantenimiento en 43 centros adscritos a la Agencia Madrile\u00f1a de Atenci\u00f3n Social (3 lotes)", "status": "Plazo indefinido", "tipo-publicacion": "Tabl\u00f3n de anuncios electr\u00f3nico", "objeto-del-contrato": "Trabajos auxiliares de mantenimiento en 43 centros adscritos a la Agencia Madrile\u00f1a de Atenci\u00f3n Social (3 lotes)", "codigo-cpv": "45259000-7", "numero-de-expediente": "A/SER-031656/2020", "referencia": "3906453", "tipo-de-contrato": "Servicios", "entidad-adjudicadora": "", "codigo-nuts": "ES300", "procedimiento-adjudicacion": "Abierto", "presupuesto-base-licitacion-(sin-impuestos)": "153.515,94 euros", "duracion-del-contrato": "12 Meses", "defectos-u-omisiones-de-la-documentacion-publicados-el": "(Publicado el 21 abril 2021 14:20)", "empresarios-excluidos-publicados-el": "(Publicado el 21 enero 2021 14:00)", "ofertas-anormales-o-desproporcionadas-publicadas-el": "(Publicado el 21 enero 2021 14:00)"}