{"url": "https://www.madrid.org/cs/Satellite?c=CM_ConvocaPrestac_FA&cid=1354796722568&definicion=Contratos+Publicos&language=es&op2=PCON&pagename=PortalContratacion%2FPage%2FPCON_contratosPublicos&tipoServicio=CM_ConvocaPrestac_FA", "titulo": "Actuaciones de grabaci\u00f3n en las bases de datos del Registro General de explotaciones ganaderas, identificaci\u00f3n animal y de los sistemas de gesti\u00f3n de movimientos de los animales de la Comunidad de Madrid", "status": "En tramitaci\u00f3n", "tipo-publicacion": "Tabl\u00f3n de anuncios electr\u00f3nico", "objeto-del-contrato": "Actuaciones de grabaci\u00f3n en las bases de datos del Registro General de explotaciones ganaderas, identificaci\u00f3n animal y de los sistemas de gesti\u00f3n de movimientos de los animales de la Comunidad de Madrid.", "codigo-cpv": "72322000-8", "compra-publica-innovadora": "No", "numero-de-expediente": "A/SER-014105/2019 (1-D/20)", "referencia": "3259553", "tipo-de-contrato": "Servicios", "entidad-adjudicadora": "", "codigo-nuts": "ES300", "procedimiento-adjudicacion": "Abierto", "presupuesto-base-licitacion-(sin-impuestos)": "83.267,31 euros", "duracion-del-contrato": "12 Meses", "empresarios-excluidos-publicados-el": "(Publicado el 15 enero 2020 16:01)"}