{"url": "https://www.madrid.org/cs/Satellite?c=CM_ConvocaPrestac_FA&cid=1354802192064&definicion=Contratos+Publicos&language=es&op2=PCON&pagename=PortalContratacion%2FPage%2FPCON_contratosPublicos&tipoServicio=CM_ConvocaPrestac_FA", "titulo": "Mantenimiento evolutivo del sistema centralizado de archivado y transmisi\u00f3n de imagen m\u00e9dica para los programas de cribado para la detecci\u00f3n precoz del c\u00e1ncer de la Comunidad de Madrid.", "status": "En tramitaci\u00f3n", "tipo-publicacion": "Tabl\u00f3n de anuncios electr\u00f3nico", "objeto-del-contrato": "Mantenimiento evolutivo del sistema centralizado de archivado y transmisi\u00f3n de imagen m\u00e9dica para los programas de cribado para la detecci\u00f3n precoz del c\u00e1ncer de la Comunidad de Madrid.", "codigo-cpv": "72267100-0", "compra-publica-innovadora": "No", "numero-de-expediente": "PA SER-44/2019-INF (A/SER-025933/2019)", "referencia": "3260625", "tipo-de-contrato": "Servicios", "entidad-adjudicadora": "", "codigo-nuts": "ES300", "procedimiento-adjudicacion": "Abierto", "presupuesto-base-licitacion-(sin-impuestos)": "993.400 euros", "duracion-del-contrato": "24 Meses"}