{"url": "https://www.madrid.org/cs/Satellite?c=CM_ConvocaPrestac_FA&cid=1354862532310&definicion=Contratos+Publicos&language=es&op2=PCON&pagename=PortalContratacion%2FPage%2FPCON_contratosPublicos&tipoServicio=CM_ConvocaPrestac_FA", "titulo": "Consultoria y asistencia t\u00e9cnica para la preparaci\u00f3n de la licitaci\u00f3n del expediente de concesi\u00f3n de obras para la construcci\u00f3n, conservaci\u00f3n y explotaci\u00f3n de la Ciudad de la Justicia de Madrid", "status": "En tramitaci\u00f3n", "tipo-publicacion": "Tabl\u00f3n de anuncios electr\u00f3nico", "objeto-del-contrato": "Consultor\u00eda y Asistencia T\u00e9cnica para la preparaci\u00f3n de la licitaci\u00f3n del expediente de concesi\u00f3n de obras para la construcci\u00f3n, conservaci\u00f3n y explotaci\u00f3n de la Ciudad de la Justicia de Madrid", "numero-de-expediente": "A/SER-034383/2020", "referencia": "3906594", "tipo-de-contrato": "Servicios", "entidad-adjudicadora": "", "codigo-nuts": "ES300", "procedimiento-adjudicacion": "Abierto", "defectos-u-omisiones-de-la-documentacion-publicados-el": "(Publicado el 20 enero 2021 15:00)"}