{"url": "https://www.madrid.org/cs/Satellite?c=CM_ConvocaPrestac_FA&cid=1354840236019&definicion=Contratos+Publicos&language=es&op2=PCON&pagename=PortalContratacion%2FPage%2FPCON_contratosPublicos&tipoServicio=CM_ConvocaPrestac_FA", "titulo": "servicios de mantenimiento de informaci\u00f3n geogr\u00e1fica (GIS), gesti\u00f3n de ordenes de trabajo (CMMS) y movilidad de Canal de Isabel II, S.A.", "status": "Plazo indefinido", "estado-de-la-licitacion": "Abierto", "tipo-publicacion": "Contratos adjudicados por procedimientos sin publicidad", "objeto-del-contrato": "servicios de mantenimiento de informaci\u00f3n geogr\u00e1fica (GIS), gesti\u00f3n de ordenes de trabajo (CMMS) y movilidad de Canal de Isabel II, S.A.", "codigo-cpv": "72000000-5", "numero-de-expediente": "87/2020", "referencia": "3715231", "tipo-de-contrato": "Servicios", "entidad-adjudicadora": "", "codigo-nuts": "ES300", "procedimiento-adjudicacion": "Negociado sin publicidad", "valor-estimado-sin-i.v.a": "1.357.830 euros", "presupuesto-base-licitacion-(sin-impuestos)": "1.357.830 euros", "presupuesto-base-licitacion.-importe-total": "1.642.974,3 euros", "duracion-del-contrato": "1 A\u00f1os", "adjudicacion-del-contrato-publicada-el": "30 julio 2020", "formalizacion-del-contrato-publicada-en-bocm-el": "26 febrero 2021"}