{"url": "https://www.madrid.org/cs/Satellite?c=CM_ConvocaPrestac_FA&cid=1354889664185&definicion=Contratos+Publicos&language=es&op2=PCON&pagename=PortalContratacion%2FPage%2FPCON_contratosPublicos&tipoServicio=CM_ConvocaPrestac_FA", "titulo": "Mantenimiento integral de las instalaciones existentes en el Bloque Quir\u00fargico, el Instituto de Gen\u00e9tica M\u00e9dica y Molecular y el Instituto de Investigaci\u00f3n Sanitaria (IdiPAZ) del Hospital Universitario La Paz", "status": "En tramitaci\u00f3n", "tipo-publicacion": "Tabl\u00f3n de anuncios electr\u00f3nico", "objeto-del-contrato": "Mantenimiento integral de las instalaciones existentes en el Bloque Quir\u00fargico, el Instituto de Gen\u00e9tica M\u00e9dica y Molecular y el Instituto de Investigaci\u00f3n Sanitaria (IdiPAZ) del Hospital Universitario La Paz", "codigo-cpv": "50000000-5", "numero-de-expediente": "P.A. 2/2021", "referencia": "4172708", "tipo-de-contrato": "Servicios", "entidad-adjudicadora": "", "codigo-nuts": "ES300", "procedimiento-adjudicacion": "Abierto", "fecha-publicacion-de-la-licitacion-en-el-bocm": "01 julio 2021"}