{"url": "https://www.madrid.org/cs/Satellite?c=CM_ConvocaPrestac_FA&cid=1354818917823&definicion=Contratos+Publicos&language=es&op2=PCON&pagename=PortalContratacion%2FPage%2FPCON_contratosPublicos&tipoServicio=CM_ConvocaPrestac_FA", "titulo": "pliego mantenimiento fundanet", "status": "En tramitaci\u00f3n", "estado-de-la-licitacion": "Pendiente adjudicaci\u00f3n", "tipo-publicacion": "Contratos adjudicados por procedimientos sin publicidad", "objeto-del-contrato": "Contrataci\u00f3n del servicio de soporte y mantenimiento del sistema de gesti\u00f3n integrado", "codigo-cpv": "72263000-6, 72267100-0", "compra-publica-innovadora": "No", "numero-de-expediente": "2020/003", "referencia": "3413042", "tipo-de-contrato": "Servicios", "entidad-adjudicadora": "", "codigo-nuts": "ES300", "procedimiento-adjudicacion": "Negociado sin publicidad", "valor-estimado-sin-i.v.a": "1.234,52 euros", "presupuesto-base-licitacion-(sin-impuestos)": "24.690,44 euros", "presupuesto-base-licitacion.-importe-total": "32.097,56 euros", "duracion-del-contrato": "60 Meses", "puntos-de-informacion": "Para consulta de informaci\u00f3n complementaria:"}