{"url": "https://www.madrid.org/cs/Satellite?c=CM_ConvocaPrestac_FA&cid=1354777757094&definicion=Contratos+Publicos&language=es&op2=PCON&pagename=PortalContratacion%2FPage%2FPCON_contratosPublicos&tipoServicio=CM_ConvocaPrestac_FA", "titulo": "Gesti\u00f3n de las tarjetas de alumnos beneficiarios de becas para el estudio de bachillerato en la Comunidad de Madrid", "status": "En tramitaci\u00f3n", "tipo-publicacion": "Tabl\u00f3n de anuncios electr\u00f3nico", "objeto-del-contrato": "Gesti\u00f3n de las tarjetas de alumnos beneficiarios de becas para el estudio de bachillerato en la Comunidad de Madrid", "codigo-cpv": "75121000-0", "numero-de-expediente": "A/SER-009298/2019 (C-323M-002-19)", "referencia": "3144790", "tipo-de-contrato": "Servicios", "entidad-adjudicadora": "", "codigo-nuts": "ES300", "procedimiento-adjudicacion": "Abierto simplificado", "presupuesto-base-licitacion-(sin-impuestos)": "34.500 euros", "duracion-del-contrato": "12 Meses", "puntos-de-informacion": "Obtenci\u00f3n de documentaci\u00f3n e informaci\u00f3n:"}