{"url": "https://www.madrid.org/cs/Satellite?c=CM_ConvocaPrestac_FA&cid=1354753691265&definicion=Contratos+Publicos&language=es&op2=PCON&pagename=PortalContratacion%2FPage%2FPCON_contratosPublicos&tipoServicio=CM_ConvocaPrestac_FA", "titulo": "Fotograf\u00edas obl\u00edcuas en la zona central", "status": "En tramitaci\u00f3n", "tipo-publicacion": "Tabl\u00f3n de anuncios electr\u00f3nico", "objeto-del-contrato": "Fotograf\u00edas obl\u00edcuas en la zona central", "numero-de-expediente": "A/SER-022938/2018 (10-F/19)", "referencia": "2787326", "tipo-de-contrato": "Servicios", "entidad-adjudicadora": "", "codigo-nuts": "ES300", "procedimiento-adjudicacion": "Abierto", "puntos-de-informacion": "* Presentaci\u00f3n de la documentaci\u00f3n requerida:", "defectos-u-omisiones-de-la-documentacion-publicados-el": "(Publicado el 10 enero 2019 13:03)", "empresarios-excluidos-publicados-el": "(Publicado el 17 enero 2019 14:03)"}