{"url": "https://www.madrid.org/cs/Satellite?c=CM_ConvocaPrestac_FA&cid=1354862195279&definicion=Contratos+Publicos&language=es&op2=PCON&pagename=PortalContratacion%2FPage%2FPCON_contratosPublicos&tipoServicio=CM_ConvocaPrestac_FA", "titulo": "30/2020 SERVICIO DE LIMPIEZA DE VARIOS EDIFICIOS PROPIEDAD DE OBRAS DE MADRID. GESTI\u00d3N DE OBRAS E INFRAESTRUCTURAS, S.A. (DOS LOTES) TAB", "status": "En tramitaci\u00f3n", "tipo-publicacion": "Tabl\u00f3n de anuncios electr\u00f3nico", "objeto-del-contrato": "Prestaci\u00f3n de los servicios de limpieza en varios edificios propiedad de Obras de Madrid. Gesti\u00f3n de Obras e Infraestructuras, S.A. Lote 1: Limpieza del Avda. de la Cantue\u00f1a, 2 - Fuenlabrada\ny Lote 2: Limpieza del centro de Santa Catalina, 6 Madrid.", "codigo-cpv": "90919200-4", "compra-publica-innovadora": "No", "numero-de-expediente": "30/2020", "referencia": "3906513", "tipo-de-contrato": "Servicios", "entidad-adjudicadora": "", "codigo-nuts": "ES300", "procedimiento-adjudicacion": "Abierto simplificado", "presupuesto-base-licitacion-(sin-impuestos)": "26.268,31 euros", "duracion-del-contrato": "12 Meses", "defectos-u-omisiones-de-la-documentacion-publicados-el": "(Publicado el 18 enero 2021 15:00)"}