{"url": "https://www.madrid.org/cs/Satellite?c=CM_ConvocaPrestac_FA&cid=1354845311579&definicion=Contratos+Publicos&language=es&op2=PCON&pagename=PortalContratacion%2FPage%2FPCON_contratosPublicos&tipoServicio=CM_ConvocaPrestac_FA", "titulo": "Pruebas diagn\u00f3sticas de pcr, gamma interfer\u00f3n y otras t\u00e9cnicas en instalaciones de alta seguridad biol\u00f3gica sobre muestras procedentes de animales y diagn\u00f3stico microbiol\u00f3gico y epidemiol\u00f3gico de los animales sometidos a programas nacionales de erradicaci\u00f3n, control y vigilancia. Estudio de reservorios en animales silvestres y diagn\u00f3stico de enfermedades emergentes en la Comunidad de Madrid. A\u00f1o 2021.", "status": "En tramitaci\u00f3n", "tipo-publicacion": "Tabl\u00f3n de anuncios electr\u00f3nico", "objeto-del-contrato": "Pruebas diagn\u00f3sticas de pcr, gamma interfer\u00f3n y otras t\u00e9cnicas en instalaciones de alta seguridad biol\u00f3gica sobre muestras procedentes de animales y diagn\u00f3stico microbiol\u00f3gico y epidemiol\u00f3gico de los animales sometidos a programas nacionales de erradicaci\u00f3n, control y vigilancia. Estudio de reservorios en animales silvestres y diagn\u00f3stico de enfermedades emergentes en la Comunidad de Madrid. A\u00f1o 2021", "codigo-cpv": "85200000-1", "numero-de-expediente": "A/SER-018205/2020 (1-D/21)", "referencia": "3748684", "tipo-de-contrato": "Servicios", "entidad-adjudicadora": "", "codigo-nuts": "ES300", "procedimiento-adjudicacion": "Abierto", "presupuesto-base-licitacion-(sin-impuestos)": "168.843,73 euros", "duracion-del-contrato": "12 Meses", "defectos-u-omisiones-de-la-documentacion-publicados-el": "(Publicado el 16 octubre 2020 13:01)", "empresarios-excluidos-publicados-el": "(Publicado el 21 septiembre 2020 13:30)"}