{"url": "https://www.madrid.org/cs/Satellite?c=CM_ConvocaPrestac_FA&cid=1354782065964&definicion=Contratos+Publicos&language=es&op2=PCON&pagename=PortalContratacion%2FPage%2FPCON_contratosPublicos&tipoServicio=CM_ConvocaPrestac_FA", "titulo": "Mantenimiento de licencias perpetuas de software estad\u00edstico SPSS para centros de la Comunidad de Madrid", "status": "En tramitaci\u00f3n", "tipo-resolucion": "Formalizado", "tipo-publicacion": "Tabl\u00f3n de anuncios electr\u00f3nico", "objeto-del-contrato": "Mantenimiento de licencias perpetuas de software estad\u00edstico SPSS para centros de la Comunidad de Madrid", "codigo-cpv": "72267000-4, 72267100-0", "numero-de-expediente": "ECON/000131/2019", "referencia": "3150159", "tipo-de-contrato": "Servicios", "entidad-adjudicadora": "", "codigo-nuts": "ES300", "procedimiento-adjudicacion": "Abierto", "presupuesto-base-licitacion-(sin-impuestos)": "67.894,08 euros", "duracion-del-contrato": "24 Meses", "defectos-u-omisiones-de-la-documentacion-publicados-el": "(Publicado el 23 julio 2019 14:31)"}