{"url": "https://www.madrid.org/cs/Satellite?c=CM_ConvocaPrestac_FA&cid=1354850384369&definicion=Contratos+Publicos&language=es&op2=PCON&pagename=PortalContratacion%2FPage%2FPCON_contratosPublicos&tipoServicio=CM_ConvocaPrestac_FA", "titulo": "Gesti\u00f3n de la Residencia de Personas Mayores Afectadas de la Enfermedad de Alzheimer de Getafe (Madrid).", "status": "En tramitaci\u00f3n", "tipo-publicacion": "Tabl\u00f3n de anuncios electr\u00f3nico", "objeto-del-contrato": "El servicio para la gesti\u00f3n de la Residencia de Personas Mayores Afectadas de la Enfermedad de Alzheimer de Getafe (Madrid).", "compra-publica-innovadora": "No", "numero-de-expediente": "098/2020", "referencia": "3770499", "tipo-de-contrato": "Servicios", "entidad-adjudicadora": "", "codigo-nuts": "ES300", "procedimiento-adjudicacion": "Abierto"}