{"url": "https://www.madrid.org/cs/Satellite?c=CM_ConvocaPrestac_FA&cid=1354881894981&definicion=Contratos+Publicos&language=es&op2=PCON&pagename=PortalContratacion%2FPage%2FPCON_contratosPublicos&tipoServicio=CM_ConvocaPrestac_FA", "titulo": "Servicio de tratamiento con di\u00e1lisis peritoneal y hemodi\u00e1lisis domiciliarias de pacientes del Servicio de Nefrolog\u00eda  del Hospital Universitario de La Princesa", "status": "En tramitaci\u00f3n", "tipo-publicacion": "Tabl\u00f3n de anuncios electr\u00f3nico", "objeto-del-contrato": "Servicio de tratamiento con di\u00e1lisis peritoneal y hemodi\u00e1lisis domiciliarias de los pacientes del Servicio de Nefrolog\u00eda del\u00a0Hospital Universitario de La Princesa.", "codigo-cpv": "85141211-1", "compra-publica-innovadora": "No", "numero-de-expediente": "P.A. 35/2021 HUP", "referencia": "4118735", "tipo-de-contrato": "Servicios", "entidad-adjudicadora": "", "codigo-nuts": "ES300", "procedimiento-adjudicacion": "Abierto", "presupuesto-base-licitacion-(sin-impuestos)": "779.966,34 euros", "duracion-del-contrato": "12 Meses", "puntos-de-informacion": "", "defectos-u-omisiones-de-la-documentacion-publicados-el": "(Publicado el 28 junio 2021 14:15)"}