{"url": "https://www.madrid.org/cs/Satellite?c=CM_ConvocaPrestac_FA&cid=1354879502717&definicion=Contratos+Publicos&language=es&op2=PCON&pagename=PortalContratacion%2FPage%2FPCON_contratosPublicos&tipoServicio=CM_ConvocaPrestac_FA", "titulo": "Oficina de Vida Independiente de la Comunidad de Madrid\u201d, Cofinanciado al 50% por el Fondo Social Europeo", "status": "En tramitaci\u00f3n", "tipo-publicacion": "Tabl\u00f3n de anuncios electr\u00f3nico", "objeto-del-contrato": "Prestaci\u00f3n del servicio denominado \u201cOficina de Vida Independiente de la Comunidad de Madrid\u201d, como aquella iniciativa t\u00e9cnica espec\u00edfica dirigida a la gesti\u00f3n de un servicio de asistencia personal para personas con discapacidad f\u00edsica que incluye, adem\u00e1s, la gesti\u00f3n de los siguientes aspectos: A) Acciones complementarias para el apoyo a la participaci\u00f3n socioecon\u00f3mica de los participantes. B) Actuaciones de difusi\u00f3n y formaci\u00f3n en vida independiente y asistencia personal. C) Dise\u00f1o, elaboraci\u00f3n y gesti\u00f3n de la documentaci\u00f3n administrativa y t\u00e9cnica de las actividades.", "codigo-cpv": "85311200-4", "numero-de-expediente": "097/2021", "referencia": "4086834", "tipo-de-contrato": "Servicios", "entidad-adjudicadora": "", "codigo-nuts": "ES300", "procedimiento-adjudicacion": "Abierto"}