{"url": "https://www.madrid.org/cs/Satellite?c=CM_ConvocaPrestac_FA&cid=1354894850885&definicion=Contratos+Publicos&language=es&op2=PCON&pagename=PortalContratacion%2FPage%2FPCON_contratosPublicos&tipoServicio=CM_ConvocaPrestac_FA", "titulo": "Mantenimiento y actualizaci\u00f3n del sistema de producci\u00f3n y edici\u00f3n Openlex del Bolet\u00edn Oficial de la Comunidad de Madrid", "status": "En tramitaci\u00f3n", "tipo-publicacion": "Tabl\u00f3n de anuncios electr\u00f3nico", "objeto-del-contrato": "Servicio de mantenimiento y actualizaci\u00f3n de la aplicaci\u00f3n OPENLEX que utiliza el Organismo Aut\u00f3nomo para editar y tratar el texto de los anuncios recibidos. Con este contrato se pretende disponer de un servicio actualizado de diagnosis y mantenimiento del hardware empleado en la elaboraci\u00f3n diaria del Bolet\u00edn, as\u00ed como un sistema de contingencia en caso de incidencias en los equipos inform\u00e1ticos del Bolet\u00edn, y de un servicio de asesor\u00eda t\u00e9cnica y resoluci\u00f3n de incidencias para el software utilizado en el Bolet\u00edn Oficial de la Comunidad de Madrid.", "codigo-cpv": "72500000-0", "referencia": "4292421", "tipo-de-contrato": "Servicios", "entidad-adjudicadora": "", "codigo-nuts": "ES300", "procedimiento-adjudicacion": "Abierto"}