{"url": "https://www.madrid.org/cs/Satellite?c=CM_ConvocaPrestac_FA&cid=1354881200210&definicion=Contratos+Publicos&language=es&op2=PCON&pagename=PortalContratacion%2FPage%2FPCON_contratosPublicos&tipoServicio=CM_ConvocaPrestac_FA", "titulo": "Servicio de \u201climpieza de diferentes inmuebles de la Consejer\u00eda de Educaci\u00f3n, Universidades, Ciencia y Portavoc\u00eda de la Comunidad De Madrid, dividido en 3 lotes\u201d", "status": "En tramitaci\u00f3n", "tipo-publicacion": "Tabl\u00f3n de anuncios electr\u00f3nico", "objeto-del-contrato": "El presente contrato tiene por objeto dotar del servicio de limpieza a un total de 20 inmuebles, distribuidos en 3 lotes indivisibles", "codigo-cpv": "90911200-8", "compra-publica-innovadora": "No", "numero-de-expediente": "A/SER-005836/2021 (C-322E-001-2021)", "referencia": "4118591", "tipo-de-contrato": "Servicios", "entidad-adjudicadora": "", "codigo-nuts": "ES300", "procedimiento-adjudicacion": "Abierto", "presupuesto-base-licitacion-(sin-impuestos)": "2.204.043,94 euros", "duracion-del-contrato": "24 Meses", "puntos-de-informacion": "", "defectos-u-omisiones-de-la-documentacion-publicados-el": "(Publicado el 06 septiembre 2021 14:15)", "ofertas-anormales-o-desproporcionadas-publicadas-el": "(Publicado el 14 septiembre 2021 07:15)"}