{"url": "https://www.madrid.org/cs/Satellite?c=CM_ConvocaPrestac_FA&cid=1354806999428&definicion=Contratos+Publicos&language=es&op2=PCON&pagename=PortalContratacion%2FPage%2FPCON_contratosPublicos&tipoServicio=CM_ConvocaPrestac_FA", "titulo": "servicios de inspecciones t\u00e9cnicas reglamentarias de diversas instalaciones en pozos, presas y l\u00edneas el\u00e9ctricas de alta tensi\u00f3n", "status": "Plazo indefinido", "tipo-publicacion": "Tabl\u00f3n de anuncios electr\u00f3nico", "numero-de-expediente": "78/2019", "referencia": "3349622", "tipo-de-contrato": "Servicios", "entidad-adjudicadora": "", "codigo-nuts": "ES300", "procedimiento-adjudicacion": "Abierto", "defectos-u-omisiones-de-la-documentacion-publicados-el": "(Publicado el 23 julio 2020 14:31)", "ofertas-anormales-o-desproporcionadas-publicadas-el": "(Publicado el 04 febrero 2020 12:05)"}