{"url": "https://www.madrid.org/cs/Satellite?c=CM_ConvocaPrestac_FA&cid=1354732060703&definicion=Contratos+Publicos&language=es&op2=PCON&pagename=PortalContratacion%2FPage%2FPCON_contratosPublicos&tipoServicio=CM_ConvocaPrestac_FA", "titulo": "Realizaci\u00f3n de la LXXXI Subasta Nacional de Ganado Selecto, A\u00f1o 2018", "status": "En tramitaci\u00f3n", "tipo-publicacion": "Tabl\u00f3n de anuncios electr\u00f3nico", "objeto-del-contrato": "Realizaci\u00f3n LXXXI Subasta Nacional de Ganado Selecto, A\u00f1o 2018", "numero-de-expediente": "A/SER-012428/2018 (13-F/18)", "referencia": "2653057", "tipo-de-contrato": "Servicios", "entidad-adjudicadora": "", "codigo-nuts": "ES300", "procedimiento-adjudicacion": "Abierto simplificado", "puntos-de-informacion": "", "defectos-u-omisiones-de-la-documentacion-publicados-el": "(Publicado el 05 septiembre 2018 10:31)", "empresarios-excluidos-publicados-el": "(Publicado el 25 septiembre 2018 14:32)"}