{"url": "https://www.madrid.org/cs/Satellite?c=CM_ConvocaPrestac_FA&cid=1354871322868&definicion=Contratos+Publicos&language=es&op2=PCON&pagename=PortalContratacion%2FPage%2FPCON_contratosPublicos&tipoServicio=CM_ConvocaPrestac_FA", "titulo": "Tramitaci\u00f3n de emergencia del contrato de servicio de Asesoramiento Jur\u00eddico y Direcci\u00f3n Letrada en el P.A. 53/2016.", "status": "Plazo indefinido", "estado-de-la-licitacion": "Abierto", "tipo-publicacion": "Contratos adjudicados por procedimientos sin publicidad", "objeto-del-contrato": "Tramitaci\u00f3n de emergencia del contrato de servicio de Asesoramiento Jur\u00eddico y Direcci\u00f3n Letrada en el P.A. 53/2016.", "codigo-cpv": "79111000-5, 79112000-2", "numero-de-expediente": "2020-0973-ASJ", "referencia": "4025158", "tipo-de-contrato": "Servicios", "entidad-adjudicadora": "", "codigo-nuts": "ES300", "procedimiento-adjudicacion": "Otros procedimientos: Tramitaci\u00f3n de emergencia", "valor-estimado-sin-i.v.a": "68.000 euros", "presupuesto-base-licitacion-(sin-impuestos)": "68.000 euros", "presupuesto-base-licitacion.-importe-total": "82.280 euros", "duracion-del-contrato": "3 A\u00f1os", "puntos-de-informacion": "* Obtenci\u00f3n de documentaci\u00f3n e informaci\u00f3n:\nOrganismo: Radio Televisi\u00f3n Madrid, S.A.U.\nNIF: A87645719\nDirecci\u00f3n: Paseo del Pr\u00edncipe, 3, Ciudad de la Imagen, 28223 Pozuelo de Alarc\u00f3n (Madrid);\nC\u00f3digo NUTS: ES300 (Comunidad de Madrid);\nTel\u00e9fono: 34 915128224.\nCorreo electr\u00f3nico: ana.civera@telemadrid.es"}