{"url": "https://www.madrid.org/cs/Satellite?c=CM_ConvocaPrestac_FA&cid=1354771618165&definicion=Contratos+Publicos&language=es&op2=PCON&pagename=PortalContratacion%2FPage%2FPCON_contratosPublicos&tipoServicio=CM_ConvocaPrestac_FA", "titulo": "Socorrismo y mantenimiento de piscinas en seis centros de menores adscritos a la Agencia Madrile\u00f1a de Atenci\u00f3n Social en 2019 (2 lotes)", "status": "Plazo indefinido", "tipo-publicacion": "Tabl\u00f3n de anuncios electr\u00f3nico", "objeto-del-contrato": "Socorrismo y mantenimiento de piscinas en seis centros de menores adscritos a la Agencia Madrile\u00f1a de Atenci\u00f3n Social en 2019 (2 lotes)", "codigo-cpv": "92000000-1", "compra-publica-innovadora": "No", "numero-de-expediente": "A/SER-003859/2019", "referencia": "2812616", "tipo-de-contrato": "Servicios", "entidad-adjudicadora": "", "codigo-nuts": "ES300", "procedimiento-adjudicacion": "Abierto simplificado", "defectos-u-omisiones-de-la-documentacion-publicados-el": "(Publicado el 12 junio 2019 13:00)", "ofertas-anormales-o-desproporcionadas-publicadas-el": "(Publicado el 14 mayo 2019 13:31)"}