{"url": "https://www.madrid.org/cs/Satellite?c=CM_ConvocaPrestac_FA&cid=1354894207973&definicion=Contratos+Publicos&language=es&op2=PCON&pagename=PortalContratacion%2FPage%2FPCON_contratosPublicos&tipoServicio=CM_ConvocaPrestac_FA", "titulo": "Servicio de reparaci\u00f3n de reductores Thyssen coches 2000", "status": "En tramitaci\u00f3n", "tipo-publicacion": "Tabl\u00f3n de anuncios electr\u00f3nico", "objeto-del-contrato": "Servicio de reparaci\u00f3n de reductores Thyssen coches 2000", "codigo-cpv": "50000000-5", "numero-de-expediente": "6012100175", "referencia": "4232383", "tipo-de-contrato": "Servicios", "entidad-adjudicadora": "", "codigo-nuts": "ES300", "procedimiento-adjudicacion": "Abierto", "fecha-publicacion-de-la-licitacion-en-el-bocm": "21 junio 2021", "defectos-u-omisiones-de-la-documentacion-publicados-el": "(Publicado el 01 septiembre 2021 09:30)", "ofertas-anormales-o-desproporcionadas-publicadas-el": "(Publicado el 08 septiembre 2021 08:15)"}