{"url": "https://www.madrid.org/cs/Satellite?c=CM_ConvocaPrestac_FA&cid=1354862177635&definicion=Contratos+Publicos&language=es&op2=PCON&pagename=PortalContratacion%2FPage%2FPCON_contratosPublicos&tipoServicio=CM_ConvocaPrestac_FA", "titulo": "Tabl\u00f3n electr\u00f3nico Servicio para la reparaci\u00f3n, conservaci\u00f3n y mantenimiento de las infraestructuras de comunicaciones en los diferentes edificios que conforman el Hospital Universitario 12 de Octubre, y sus centros dependientes", "status": "En tramitaci\u00f3n", "tipo-publicacion": "Tabl\u00f3n de anuncios electr\u00f3nico", "objeto-del-contrato": "Servicio para la reparaci\u00f3n, conservaci\u00f3n y mantenimiento de las infraestructuras de comunicaciones en los diferentes edificios que conforman el Hospital Universitario 12 de Octubre, y sus centros dependientes", "compra-publica-innovadora": "No", "numero-de-expediente": "2020-0-140", "referencia": "3906504", "tipo-de-contrato": "Servicios", "entidad-adjudicadora": "", "codigo-nuts": "ES300", "procedimiento-adjudicacion": "Abierto", "puntos-de-informacion": ""}