{"url": "https://www.madrid.org/cs/Satellite?c=CM_ConvocaPrestac_FA&cid=1354896527795&definicion=Contratos+Publicos&language=es&op2=PCON&pagename=PortalContratacion%2FPage%2FPCON_contratosPublicos&tipoServicio=CM_ConvocaPrestac_FA", "titulo": "Contrato privado de servicios de P\u00f3lizas de Seguros del IMIDRA 2021-2024 (3 lotes)", "status": "Plazo indefinido", "tipo-publicacion": "Tabl\u00f3n de anuncios electr\u00f3nico", "objeto-del-contrato": "Contrataci\u00f3n de las p\u00f3lizas de seguros de responsabilidad civil/patrimonial, da\u00f1os materiales y autom\u00f3viles del IMIDRA 2021-2024 (3 lotes)", "codigo-cpv": "66516000-0, 66515000-3, 66514000-6", "compra-publica-innovadora": "No", "numero-de-expediente": "P/SER-030284/2021", "referencia": "4301164", "tipo-de-contrato": "Servicios", "entidad-adjudicadora": "", "codigo-nuts": "ES300", "procedimiento-adjudicacion": "Abierto", "puntos-de-informacion": "", "empresarios-excluidos-publicados-el": "(Publicado el 22 septiembre 2021 08:00)"}