{"url": "https://www.madrid.org/cs/Satellite?c=CM_ConvocaPrestac_FA&cid=1354850310274&definicion=Contratos+Publicos&language=es&op2=PCON&pagename=PortalContratacion%2FPage%2FPCON_contratosPublicos&tipoServicio=CM_ConvocaPrestac_FA", "titulo": "Atenci\u00f3n educativa al alumnado con necesidades educativas especiales asociadas a discapacidad auditiva, escolarizados en centros docentes sostenidos con fondos p\u00fablicos, mediante la prestaci\u00f3n del servicio por parte de int\u00e9rpretes de lengua de signos espa\u00f1ola", "status": "En tramitaci\u00f3n", "tipo-publicacion": "Tabl\u00f3n de anuncios electr\u00f3nico", "objeto-del-contrato": "Atenci\u00f3n educativa al alumnado con necesidades educativas especiales asociadas a discapacidad auditiva, escolarizados en centros docentes sostenidos con fondos p\u00fablicos, mediante la prestaci\u00f3n del servicio por parte de int\u00e9rpretes de lengua de signos espa\u00f1ola", "codigo-cpv": "80340000-9", "compra-publica-innovadora": "No", "numero-de-expediente": "A/SER-017247/2020 (322B-003-20)", "referencia": "3770492", "tipo-de-contrato": "Servicios", "entidad-adjudicadora": "", "codigo-nuts": "ES300", "procedimiento-adjudicacion": "Abierto", "presupuesto-base-licitacion-(sin-impuestos)": "1.242.765,79 euros", "duracion-del-contrato": "8 Meses", "puntos-de-informacion": "", "defectos-u-omisiones-de-la-documentacion-publicados-el": "(Publicado el 05 noviembre 2020 12:45)"}