{"url": "https://www.madrid.org/cs/Satellite?c=CM_ConvocaPrestac_FA&cid=1354886171119&definicion=Contratos+Publicos&language=es&op2=PCON&pagename=PortalContratacion%2FPage%2FPCON_contratosPublicos&tipoServicio=CM_ConvocaPrestac_FA", "titulo": "Servicio de mantenimiento de los relojes de fichaje", "status": "Plazo indefinido", "estado-de-la-licitacion": "Abierto", "tipo-publicacion": "Contratos adjudicados por procedimientos sin publicidad", "objeto-del-contrato": "Servicio de mantenimiento de los relojes de fichaje.", "codigo-cpv": "50000000-5, 51213000-8", "numero-de-expediente": "165/2020", "referencia": "4149317", "tipo-de-contrato": "Servicios", "entidad-adjudicadora": "", "codigo-nuts": "ES300", "procedimiento-adjudicacion": "Negociado sin publicidad", "valor-estimado-sin-i.v.a": "43.931,8 euros", "presupuesto-base-licitacion-(sin-impuestos)": "21.965,9 euros", "presupuesto-base-licitacion.-importe-total": "26.578,74 euros", "duracion-del-contrato": "1 A\u00f1os", "adjudicacion-del-contrato-publicada-el": "11 junio 2021"}