{"url": "https://www.madrid.org/cs/Satellite?c=CM_ConvocaPrestac_FA&cid=1354850788101&definicion=Contratos+Publicos&language=es&op2=PCON&pagename=PortalContratacion%2FPage%2FPCON_contratosPublicos&tipoServicio=CM_ConvocaPrestac_FA", "titulo": "Servicio de mudanzas y transporte de mobiliario, documentaci\u00f3n, enseres y dem\u00e1s bienes muebles del edificio del Servicio Madrile\u00f1o de Salud ubicado en Plaza Carlos Tr\u00edas Bertr\u00e1n 7 de Madrid", "status": "En tramitaci\u00f3n", "tipo-publicacion": "Tabl\u00f3n de anuncios electr\u00f3nico", "objeto-del-contrato": "Servicio de mudanzas y transporte de mobiliario, documentaci\u00f3n, enseres y dem\u00e1s bienes muebles del edificio del Servicio Madrile\u00f1o de Salud ubicado en Plaza Carlos Tr\u00edas Bertr\u00e1n 7 de Madrid.", "codigo-cpv": "60100000-9, 63100000-0", "compra-publica-innovadora": "No", "numero-de-expediente": "PA SER 14/2020", "referencia": "3770590", "tipo-de-contrato": "Servicios", "entidad-adjudicadora": "", "codigo-nuts": "ES300", "procedimiento-adjudicacion": "Abierto", "presupuesto-base-licitacion-(sin-impuestos)": "213.790,77 euros", "duracion-del-contrato": "23 D\u00edas"}