{"url": "https://www.madrid.org/cs/Satellite?c=CM_ConvocaPrestac_FA&cid=1354827163967&definicion=Contratos+Publicos&language=es&op2=PCON&pagename=PortalContratacion%2FPage%2FPCON_contratosPublicos&tipoServicio=CM_ConvocaPrestac_FA", "titulo": "Asistencia T\u00e9cnica a la Direcci\u00f3n General de Presupuestos en las Verificaciones Previas a la Certificaci\u00f3n de Gastos de las Operaciones Cofinanciadas en el Marco de los Programas Operativos Regionales FEDER y FSE de la Comunidad de Madrid 2014-2020 y en el Programa Operativo Nacional de Empleo Juvenil, en la realizaci\u00f3n de las verificaciones atenuantes y en la ejecuci\u00f3n de los Planes de Acci\u00f3n, as\u00ed como en la realizaci\u00f3n de otras tareas de apoyo para el periodo 2020-2021 .", "status": "Plazo indefinido", "tipo-publicacion": "Tabl\u00f3n de anuncios electr\u00f3nico", "objeto-del-contrato": "Asistencia T\u00e9cnica a la Direcci\u00f3n General de Presupuestos en las Verificaciones Previas a la Certificaci\u00f3n de Gastos de las Operaciones Cofinanciadas en el Marco de los Programas Operativos Regionales FEDER y FSE de la Comunidad de Madrid 2014-2020 y en el Programa Operativo Nacional de Empleo Juvenil, en la realizaci\u00f3n de las verificaciones atenuantes y en la ejecuci\u00f3n de los Planes de Acci\u00f3n, as\u00ed como en la realizaci\u00f3n de otras tareas de apoyo para el periodo 2020-2021 .", "compra-publica-innovadora": "No", "numero-de-expediente": "A/SER-031160/2019", "referencia": "3543571", "tipo-de-contrato": "Servicios", "entidad-adjudicadora": "", "codigo-nuts": "ES300", "procedimiento-adjudicacion": "Abierto", "puntos-de-informacion": "- \u00c1rea de Contrataci\u00f3n de la Secretar\u00eda General T\u00e9cnica de la Consejer\u00eda de Hacienda y Funci\u00f3n P\u00fablica.\u00a0Calle Ram\u00edrez de Prado n\u00ba 5 bis, 4\u00aa planta. 28045. Madrid.", "defectos-u-omisiones-de-la-documentacion-publicados-el": "(Publicado el 20 mayo 2020 15:15)"}