{"url": "https://www.madrid.org/cs/Satellite?c=CM_ConvocaPrestac_FA&cid=1354726227029&definicion=Contratos+Publicos&language=es&op2=PCON&pagename=PortalContratacion%2FPage%2FPCON_contratosPublicos&tipoServicio=CM_ConvocaPrestac_FA", "titulo": "Traducci\u00f3n e interpretaci\u00f3n de idiomas para los centros docentes sostenidos con fondos p\u00fablicos curso 2018-2019", "status": "En tramitaci\u00f3n", "tipo-publicacion": "Tabl\u00f3n de anuncios electr\u00f3nico", "objeto-del-contrato": "", "codigo-cpv": "80000000-4", "numero-de-expediente": "A/SER-010096/2018 (C-322A/007-18)", "referencia": "2496386", "tipo-de-contrato": "Servicios", "entidad-adjudicadora": "", "codigo-nuts": "ES300", "procedimiento-adjudicacion": "Abierto simplificado", "presupuesto-base-licitacion-(sin-impuestos)": "20.000 euros", "duracion-del-contrato": "9 Meses", "puntos-de-informacion": ""}