{"url": "https://www.madrid.org/cs/Satellite?c=CM_ConvocaPrestac_FA&cid=1354827801768&definicion=Contratos+Publicos&language=es&op2=PCON&pagename=PortalContratacion%2FPage%2FPCON_contratosPublicos&tipoServicio=CM_ConvocaPrestac_FA", "titulo": "servicios de mantenimiento y mejora de las zonas verdes existentes en los jardines de santa luc\u00eda y entorno", "status": "Plazo indefinido", "tipo-publicacion": "Tabl\u00f3n de anuncios electr\u00f3nico", "numero-de-expediente": "33/2020", "referencia": "3543950", "tipo-de-contrato": "Servicios", "entidad-adjudicadora": "", "codigo-nuts": "ES300", "procedimiento-adjudicacion": "Abierto simplificado", "ofertas-anormales-o-desproporcionadas-publicadas-el": "(Publicado el 20 mayo 2020 12:15)"}