{"url": "https://www.madrid.org/cs/Satellite?c=CM_ConvocaPrestac_FA&cid=1354778945543&definicion=Contratos+Publicos&language=es&op2=PCON&pagename=PortalContratacion%2FPage%2FPCON_contratosPublicos&tipoServicio=CM_ConvocaPrestac_FA", "titulo": "Servicio de mantenimiento, soporte t\u00e9cnico y actualizaciones del sistema de informaci\u00f3n del Laboratorio del Hospital U. La Princesa", "status": "En tramitaci\u00f3n", "tipo-publicacion": "Tabl\u00f3n de anuncios electr\u00f3nico", "objeto-del-contrato": "Servicio de mantenimiento, soporte t\u00e9cnico y actualizaciones del sistema de informaci\u00f3n del laboratorio (SIL)\u00a0del Hospital Universitario\u00a0La Princesa (modulab gold).", "codigo-cpv": "72200000-7", "numero-de-expediente": "P.A. 53/2019 HUP", "referencia": "3145189", "tipo-de-contrato": "Servicios", "entidad-adjudicadora": "", "codigo-nuts": "ES300", "procedimiento-adjudicacion": "Abierto", "presupuesto-base-licitacion-(sin-impuestos)": "89.000 euros", "duracion-del-contrato": "24 Meses", "puntos-de-informacion": "", "empresarios-excluidos-publicados-el": "(Publicado el 11 julio 2019 11:34)"}