{"url": "https://www.madrid.org/cs/Satellite?c=CM_ConvocaPrestac_FA&cid=1354880093477&definicion=Contratos+Publicos&language=es&op2=PCON&pagename=PortalContratacion%2FPage%2FPCON_contratosPublicos&tipoServicio=CM_ConvocaPrestac_FA", "titulo": "IMPARTICION DE CURSOS DE FORMACION AGRARIA B\u00c1SICA PARA EL A\u00d1O 2021 (5 LOTES)", "status": "Plazo indefinido", "tipo-publicacion": "Tabl\u00f3n de anuncios electr\u00f3nico", "objeto-del-contrato": "Este contrato tiene por objeto gestionar e impartir formaci\u00f3n profesional no reglada a adultos, como parte de los cursos de Formaci\u00f3n Agraria B\u00e1sica durante 2021. Los cursos forman parte de las\u201cAcciones de formaci\u00f3n promovidas por la Administraci\u00f3n\u201d, Tipo de operaci\u00f3n 1.1.1 dela Medida 1, \u201cAcciones de transferencia de conocimiento e informaci\u00f3n\u201d, del Programade Desarrollo Rural de la Comunidad de Madrid 2014-2020 (PDR-CM 2014-2020).", "codigo-cpv": "80510000-2", "numero-de-expediente": "A/SER-015973/2021", "referencia": "4099269", "tipo-de-contrato": "Servicios", "entidad-adjudicadora": "", "codigo-nuts": "ES300", "procedimiento-adjudicacion": "Abierto simplificado", "puntos-de-informacion": "", "defectos-u-omisiones-de-la-documentacion-publicados-el": "(Publicado el 17 mayo 2021 15:30)", "empresarios-excluidos-publicados-el": "(Publicado el 08 junio 2021 10:45)", "ofertas-anormales-o-desproporcionadas-publicadas-el": "(Publicado el 17 mayo 2021 15:30)"}