{"url": "https://www.madrid.org/cs/Satellite?c=CM_ConvocaPrestac_FA&cid=1354898499060&definicion=Contratos+Publicos&language=es&op2=PCON&pagename=PortalContratacion%2FPage%2FPCON_contratosPublicos&tipoServicio=CM_ConvocaPrestac_FA", "titulo": "Tabl\u00f3n de Anuncios del Programa de respiro para familias cuidadoras de personas adultas con discapacidad intelectual y graves trastornos de conducta.", "status": "En plazo", "tipo-publicacion": "Tabl\u00f3n de anuncios electr\u00f3nico", "objeto-del-contrato": "Gesti\u00f3n del Programa de Respiro para familias cuidadoras de personas adultas en situaci\u00f3n de dependencia reconocida, con discapacidad intelectual y graves trastornos de conducta, atendidas o en espera de ser atendidas en recursos especializados de atenci\u00f3n diurna, a fin de proporcionar respiro a una cifra estimada entre 90 y 110 familias cuidadoras al a\u00f1o.", "codigo-cpv": "85311200-4", "numero-de-expediente": "004/2022", "referencia": "4301602", "tipo-de-contrato": "Servicios", "entidad-adjudicadora": "", "codigo-nuts": "ES300", "procedimiento-adjudicacion": "Abierto", "duracion-del-contrato": "24 Meses"}