{"url": "https://www.madrid.org/cs/Satellite?c=CM_ConvocaPrestac_FA&cid=1354838176278&definicion=Contratos+Publicos&language=es&op2=PCON&pagename=PortalContratacion%2FPage%2FPCON_contratosPublicos&tipoServicio=CM_ConvocaPrestac_FA", "titulo": "A/SER-019828/2020 Servicio de gesti\u00f3n y eliminaci\u00f3n de residuos sanitarios espec\u00edficos para el Hospital General Universitario \u201cGregorio Mara\u00f1\u00f3n\u201d (COVID-19)", "status": "Plazo indefinido", "estado-de-la-licitacion": "Abierto", "tipo-publicacion": "Contratos adjudicados por procedimientos sin publicidad", "objeto-del-contrato": "", "codigo-cpv": "90520000-8", "numero-de-expediente": "A/SER-019828/2020", "referencia": "3680324", "tipo-de-contrato": "Servicios", "entidad-adjudicadora": "", "codigo-nuts": "ES300", "procedimiento-adjudicacion": "Otros procedimientos: Tramitaci\u00f3n de emergencia", "valor-estimado-sin-i.v.a": "100.893,95 euros", "presupuesto-base-licitacion-(sin-impuestos)": "100.893,55 euros", "presupuesto-base-licitacion.-importe-total": "112.103,95 euros", "duracion-del-contrato": "1 Meses", "puntos-de-informacion": "- Puntos de Informaci\u00f3n:", "adjudicacion-del-contrato-publicada-el": "16 julio 2020"}