{"url": "https://www.madrid.org/cs/Satellite?c=CM_ConvocaPrestac_FA&cid=1354881462663&definicion=Contratos+Publicos&language=es&op2=PCON&pagename=PortalContratacion%2FPage%2FPCON_contratosPublicos&tipoServicio=CM_ConvocaPrestac_FA", "titulo": "Servicio de evaluaci\u00f3n externa del Modelo EFQM", "status": "Plazo indefinido", "tipo-publicacion": "Tabl\u00f3n de anuncios electr\u00f3nico", "objeto-del-contrato": "Servicio de evaluaci\u00f3n externa del Modelo EFQM en el Hospital Universitario Puerta de Hierro de Majadahonda.", "codigo-cpv": "73220000-0", "numero-de-expediente": "GCASE 2021-19-SIMP", "referencia": "4118635", "tipo-de-contrato": "Servicios", "entidad-adjudicadora": "", "codigo-nuts": "ES300", "procedimiento-adjudicacion": "Abierto simplificado", "presupuesto-base-licitacion-(sin-impuestos)": "17.000 euros", "duracion-del-contrato": "6 Meses", "puntos-de-informacion": "- Hospital Universitario Puerta de Hierro de Majadahonda. Servicio de Contrataci\u00f3n Administrativa. C/ Joaqu\u00edn Rodrigo, 2. 28222. Majadahonda.Tel\u00e9fono: 91 191 68 37 / 91 191 72 55 / 91 191 74 34 / 91 191 74 00. Telefax: 91 316 28 48.", "defectos-u-omisiones-de-la-documentacion-publicados-el": "(Publicado el 25 mayo 2021 15:00)"}