{"url": "https://www.madrid.org/cs/Satellite?c=CM_ConvocaPrestac_FA&cid=1354858757909&definicion=Contratos+Publicos&language=es&op2=PCON&pagename=PortalContratacion%2FPage%2FPCON_contratosPublicos&tipoServicio=CM_ConvocaPrestac_FA", "titulo": "Test serol\u00f3gicos alumnos C.E.E.", "status": "Plazo indefinido", "estado-de-la-licitacion": "Abierto", "tipo-publicacion": "Contratos adjudicados por procedimientos sin publicidad", "objeto-del-contrato": "", "codigo-cpv": "85145000-7", "numero-de-expediente": "A/SER-039519/2020", "referencia": "3882627", "tipo-de-contrato": "Servicios", "entidad-adjudicadora": "", "codigo-nuts": "ES300", "procedimiento-adjudicacion": "Otros procedimientos", "valor-estimado-sin-i.v.a": "476.000 euros", "presupuesto-base-licitacion-(sin-impuestos)": "403.320 euros", "presupuesto-base-licitacion.-importe-total": "403.320 euros", "duracion-del-contrato": "1 Meses"}