{"url": "https://www.madrid.org/cs/Satellite?c=CM_ConvocaPrestac_FA&cid=1354796896835&definicion=Contratos+Publicos&language=es&op2=PCON&pagename=PortalContratacion%2FPage%2FPCON_contratosPublicos&tipoServicio=CM_ConvocaPrestac_FA", "titulo": "Servicio de Prevenci\u00f3n Ajeno de apoyo al Servicio de Prevenci\u00f3n Propio de Riesgos Laborales del Complejo Hospitalario La Paz, ubicado en el Hospital Universitario La Paz", "status": "En tramitaci\u00f3n", "tipo-publicacion": "Tabl\u00f3n de anuncios electr\u00f3nico", "objeto-del-contrato": "Servicio de Prevenci\u00f3n Ajeno de apoyo al Servicio de Prevenci\u00f3n Propio de Riesgos Laborales del Complejo Hospitalario La Paz, ubicado en el Hospital Universitario La Paz", "codigo-cpv": "71317210-8", "numero-de-expediente": "P.A. 41/2019", "referencia": "3259597", "tipo-de-contrato": "Servicios", "entidad-adjudicadora": "", "codigo-nuts": "ES300", "procedimiento-adjudicacion": "Abierto", "fecha-publicacion-de-la-licitacion-en-el-bocm": "05 septiembre 2019"}