{"url": "https://www.madrid.org/cs/Satellite?c=CM_ConvocaPrestac_FA&cid=1354721963116&definicion=Contratos+Publicos&language=es&op2=PCON&pagename=PortalContratacion%2FPage%2FPCON_contratosPublicos&tipoServicio=CM_ConvocaPrestac_FA", "titulo": "Servicio de recogida, transporte y entrega de documentos entre centros bibliotecarios incluidos en el servicio de pr\u00e9stamo intercentros de la Direcci\u00f3n General de Patrimonio Cultural", "status": "En tramitaci\u00f3n", "tipo-publicacion": "Tabl\u00f3n de anuncios electr\u00f3nico", "objeto-del-contrato": "Servicio de recogida, transporte y entrega de documentos entre centros bibliotecarios incluidos en el servicio de pr\u00e9stamo intercentros de la Direcci\u00f3n General de Patrimonio Cultural", "codigo-cpv": "64121200-2", "numero-de-expediente": "C-332B/002-18 (A/SER-006868/18)", "referencia": "2492694", "tipo-de-contrato": "Servicios", "entidad-adjudicadora": "", "codigo-nuts": "ES300", "procedimiento-adjudicacion": "Abierto"}