{"url": "https://www.madrid.org/cs/Satellite?c=CM_ConvocaPrestac_FA&cid=1354892579645&definicion=Contratos+Publicos&language=es&op2=PCON&pagename=PortalContratacion%2FPage%2FPCON_contratosPublicos&tipoServicio=CM_ConvocaPrestac_FA", "titulo": "Gesti\u00f3n de un recurso para la atenci\u00f3n integral de mujeres reclusas y ex reclusas con o sin hijos/as de la Comunidad de Madrid", "status": "En tramitaci\u00f3n", "tipo-publicacion": "Tabl\u00f3n de anuncios electr\u00f3nico", "objeto-del-contrato": "Gesti\u00f3n de un centro residencial integrado en la Red de Atenci\u00f3n Integral para la Violencia de G\u00e9nero de la Comunidad de Madrid, dependiente de la Consejer\u00eda de Familia, Juventud y Pol\u00edtica Social, destinado a la prestaci\u00f3n de servicios de atenci\u00f3n integral dirigidos a las mujeres reclusas y ex reclusas, carentes de apoyo familiar, de recursos econ\u00f3micos y/o en riesgo de exclusi\u00f3n social, y a sus hijos e hijas, proporcion\u00e1ndoles alojamiento temporal, seguro, manutenci\u00f3n y otros gastos, as\u00ed como un tratamiento integral de recuperaci\u00f3n que desde los \u00e1mbitos psicol\u00f3gico, educativo, socio-laboral y jur\u00eddico, favorezca la normalizaci\u00f3n de la unidad familiar, por el tiempo necesario para llevar a cabo su recuperaci\u00f3n.", "codigo-cpv": "85311000-2", "compra-publica-innovadora": "No", "numero-de-expediente": "043/2021 (A/SER-027447/2020)", "referencia": "4220876", "tipo-de-contrato": "Servicios", "entidad-adjudicadora": "", "codigo-nuts": "ES300", "procedimiento-adjudicacion": "Abierto", "defectos-u-omisiones-de-la-documentacion-publicados-el": "(Publicado el 06 octubre 2021 12:47)"}