{"url": "https://www.madrid.org/cs/Satellite?c=CM_ConvocaPrestac_FA&cid=1354879297527&definicion=Contratos+Publicos&language=es&op2=PCON&pagename=PortalContratacion%2FPage%2FPCON_contratosPublicos&tipoServicio=CM_ConvocaPrestac_FA", "titulo": "A/SER-004914/2021 Obtenci\u00f3n de Indicadores de Campo para la Evaluaci\u00f3n del PCI (2021-2022)", "status": "En tramitaci\u00f3n", "tipo-publicacion": "Tabl\u00f3n de anuncios electr\u00f3nico", "objeto-del-contrato": "", "codigo-cpv": "79300000-7, 79320000-3", "numero-de-expediente": "A/SER-004914/2021", "referencia": "4086812", "tipo-de-contrato": "Servicios", "entidad-adjudicadora": "", "codigo-nuts": "ES300", "procedimiento-adjudicacion": "Abierto", "presupuesto-base-licitacion-(sin-impuestos)": "237.487,11 euros", "duracion-del-contrato": "20 Meses", "fecha-publicacion-de-la-licitacion-en-el-bocm": "17 mayo 2021", "puntos-de-informacion": "", "empresarios-excluidos-publicados-el": "(Publicado el 02 agosto 2021 19:15)"}