{"url": "https://www.madrid.org/cs/Satellite?c=CM_ConvocaPrestac_FA&cid=1354784665915&definicion=Contratos+Publicos&language=es&op2=PCON&pagename=PortalContratacion%2FPage%2FPCON_contratosPublicos&tipoServicio=CM_ConvocaPrestac_FA", "titulo": "Servicio de Implantaci\u00f3n y Suministro de un Software espec\u00edfico y de una Plataforma con Servicios de Dinamizaci\u00f3n para la Formaci\u00f3n on line de los M\u00e9dicos Residentes de la Consejer\u00eda de Sanidad de la Comunidad de Madrid mediante el desarrollo, ejecuci\u00f3n e impartici\u00f3n del m\u00f3dulo \u00fanico de prescripci\u00f3n y cursos espec\u00edficos de formaci\u00f3n on line", "status": "En tramitaci\u00f3n", "tipo-publicacion": "Tabl\u00f3n de anuncios electr\u00f3nico", "objeto-del-contrato": "", "codigo-cpv": "72000000-5", "compra-publica-innovadora": "No", "numero-de-expediente": "PA S 19-008", "referencia": "3178279", "tipo-de-contrato": "Servicios", "entidad-adjudicadora": "", "codigo-nuts": "ES300", "procedimiento-adjudicacion": "Abierto", "presupuesto-base-licitacion-(sin-impuestos)": "163.500 euros", "duracion-del-contrato": "24 Meses", "puntos-de-informacion": "* Obtenci\u00f3n de documentaci\u00f3n e informaci\u00f3n:", "defectos-u-omisiones-de-la-documentacion-publicados-el": "(Publicado el 17 julio 2019 14:04)"}