{"url": "https://www.madrid.org/cs/Satellite?c=CM_ConvocaPrestac_FA&cid=1354876890296&definicion=Contratos+Publicos&language=es&op2=PCON&pagename=PortalContratacion%2FPage%2FPCON_contratosPublicos&tipoServicio=CM_ConvocaPrestac_FA", "titulo": "P.A. 31/2020 Servicio integral de equipos de impresi\u00f3n multifunci\u00f3n y del servicio de reprograf\u00eda, fotocopiado, edici\u00f3n, impresi\u00f3n y procesamiento digital del Hospital Universitario La Paz-Carlos III-Cantoblanco y de los Centros de Especialidades y Centros de Salud Mental adscritos a su Gerencia", "status": "En tramitaci\u00f3n", "tipo-publicacion": "Tabl\u00f3n de anuncios electr\u00f3nico", "objeto-del-contrato": "Servicio integral de equipos de impresi\u00f3n multifunci\u00f3n y del servicio de reprograf\u00eda, fotocopiado, edici\u00f3n, impresi\u00f3n y procesamiento digital del Hospital Universitario La Paz-Carlos III-Cantoblanco y de los Centros de Especialidades y Centros de Salud Mental adscritos a su Gerencia.", "codigo-cpv": "79800000-2", "numero-de-expediente": "P.A. 31/2020", "referencia": "4060174", "tipo-de-contrato": "Servicios", "entidad-adjudicadora": "", "codigo-nuts": "ES300", "procedimiento-adjudicacion": "Abierto", "fecha-publicacion-de-la-licitacion-en-el-bocm": "29 marzo 2021"}