{"url": "https://www.madrid.org/cs/Satellite?c=CM_ConvocaPrestac_FA&cid=1354882220069&definicion=Contratos+Publicos&language=es&op2=PCON&pagename=PortalContratacion%2FPage%2FPCON_contratosPublicos&tipoServicio=CM_ConvocaPrestac_FA", "titulo": "Servicios para la limpieza de diferentes inmuebles de la Consejer\u00eda de Educaci\u00f3n, Universidades, Ciencia y Portavoc\u00eda de la Comunidad de Madrid, dividido en 49 lotes", "status": "En tramitaci\u00f3n", "tipo-publicacion": "Tabl\u00f3n de anuncios electr\u00f3nico", "objeto-del-contrato": "Servicios para la limpieza de diferentes inmuebles de la Consejer\u00eda de Educaci\u00f3n, Universidades, Ciencia y Portavoc\u00eda de la Comunidad de Madrid, dividido en 49 lotes", "codigo-cpv": "90911200-8", "compra-publica-innovadora": "No", "numero-de-expediente": "A/SER-021967/2021 (C-322B-002-21)", "referencia": "4118801", "tipo-de-contrato": "Servicios", "entidad-adjudicadora": "", "codigo-nuts": "ES300", "procedimiento-adjudicacion": "Abierto", "presupuesto-base-licitacion-(sin-impuestos)": "6.346.554,35 euros", "duracion-del-contrato": "4 Meses", "puntos-de-informacion": "", "defectos-u-omisiones-de-la-documentacion-publicados-el": "(Publicado el 13 julio 2021 14:45)"}