{"url": "https://www.madrid.org/cs/Satellite?c=CM_ConvocaPrestac_FA&cid=1354766810525&definicion=Contratos+Publicos&language=es&op2=PCON&pagename=PortalContratacion%2FPage%2FPCON_contratosPublicos&tipoServicio=CM_ConvocaPrestac_FA", "titulo": "Coordinaci\u00f3n de seguridad y salud de las obras de rehabilitaci\u00f3n del edificio, urbanizaci\u00f3n de la parcela y equipamiento del archivo de la Consejer\u00eda de Econom\u00eda, Empleo y Hacienda en el colegio de San Fernando.", "status": "En tramitaci\u00f3n", "tipo-publicacion": "Tabl\u00f3n de anuncios electr\u00f3nico", "objeto-del-contrato": "Coordinaci\u00f3n de seguridad y salud de las obras de rehabilitaci\u00f3n del edificio, urbanizaci\u00f3n de la parcela y equipamiento del archivo de la Consejer\u00eda de Econom\u00eda, Empleo y Hacienda en el colegio de San Fernando.", "compra-publica-innovadora": "No", "numero-de-expediente": "A/SER-016939/2018", "referencia": "2790208", "tipo-de-contrato": "Servicios", "entidad-adjudicadora": "", "codigo-nuts": "ES300", "procedimiento-adjudicacion": "Abierto simplificado", "duracion-del-contrato": "Meses", "puntos-de-informacion": "", "defectos-u-omisiones-de-la-documentacion-publicados-el": "(Publicado el 02 abril 2019 16:31)"}