{"url": "https://www.madrid.org/cs/Satellite?c=CM_ConvocaPrestac_FA&cid=1354756050557&definicion=Contratos+Publicos&language=es&op2=PCON&pagename=PortalContratacion%2FPage%2FPCON_contratosPublicos&tipoServicio=CM_ConvocaPrestac_FA", "titulo": "Prestaci\u00f3n de servicio de transporte a usuarios a diferentes actividades f\u00edsicas en diez centros para personas con discapacidad intelectual adscritos a la Agencia Madrile\u00f1a de Atenci\u00f3n Social (3 lotes)", "status": "Plazo indefinido", "tipo-publicacion": "Tabl\u00f3n de anuncios electr\u00f3nico", "objeto-del-contrato": "Prestaci\u00f3n de servicio de transporte a usuarios a diferentes actividades f\u00edsicas en diez centros para personas con discapacidad intelectual adscritos a la Agencia Madrile\u00f1a de Atenci\u00f3n Social (3 lotes)", "codigo-cpv": "60130000-8", "numero-de-expediente": "A/SER-025148/2018", "referencia": "2787791", "tipo-de-contrato": "Servicios", "entidad-adjudicadora": "", "codigo-nuts": "ES300", "procedimiento-adjudicacion": "Abierto simplificado", "presupuesto-base-licitacion-(sin-impuestos)": "40.255 euros", "duracion-del-contrato": "11 Meses", "defectos-u-omisiones-de-la-documentacion-publicados-el": "(Publicado el 18 febrero 2019 12:30)", "empresarios-excluidos-publicados-el": "(Publicado el 24 enero 2019 14:01)"}