{"url": "https://www.madrid.org/cs/Satellite?c=CM_ConvocaPrestac_FA&cid=1354818962114&definicion=Contratos+Publicos&language=es&op2=PCON&pagename=PortalContratacion%2FPage%2FPCON_contratosPublicos&tipoServicio=CM_ConvocaPrestac_FA", "titulo": "Servicio de comunicaciones seguras de la Comunidad de Madrid", "status": "En tramitaci\u00f3n", "estado-de-la-licitacion": "Pendiente adjudicaci\u00f3n", "tipo-publicacion": "Contratos adjudicados por procedimientos sin publicidad", "objeto-del-contrato": "Servicio de comunicaciones seguras de la Comunidad de Madrid", "codigo-cpv": "64200000-8, 72514000-1", "numero-de-expediente": "ECON/000086/2019", "referencia": "3413053", "tipo-de-contrato": "Servicios", "entidad-adjudicadora": "", "codigo-nuts": "ES300", "procedimiento-adjudicacion": "Negociado sin publicidad", "valor-estimado-sin-i.v.a": "4.584.967,59 euros", "presupuesto-base-licitacion-(sin-impuestos)": "2.178.458,45 euros", "presupuesto-base-licitacion.-importe-total": "2.635.934,72 euros", "duracion-del-contrato": "12 Meses", "puntos-de-informacion": ""}