{"url": "https://www.madrid.org/cs/Satellite?c=CM_ConvocaPrestac_FA&cid=1354704970706&definicion=Contratos+Publicos&language=es&op2=PCON&pagename=PortalContratacion%2FPage%2FPCON_contratosPublicos&tipoServicio=CM_ConvocaPrestac_FA", "titulo": "Realizaci\u00f3n de una encuesta a trabajadores que hayan realizado acciones formativas pertenecientes a la formaci\u00f3n de oferta dirigida a trabajadores de la Comunidad de Madrid, preferentemente ocupados, para medir su impacto y nuevas necesidades", "status": "En tramitaci\u00f3n", "tipo-publicacion": "Tabl\u00f3n de anuncios electr\u00f3nico", "objeto-del-contrato": "Realizaci\u00f3n de una encuesta a trabajadores que hayan realizado acciones formativas pertenecientes a la formaci\u00f3n de oferta dirigida a trabajadores de la Comunidad de Madrid, preferentemente ocupados, para medir su impacto y nuevas necesidades.", "compra-publica-innovadora": "No", "numero-de-expediente": "C-241M/005-18 (A/SER-002389/2018)", "referencia": "2182761", "tipo-de-contrato": "Servicios", "entidad-adjudicadora": "", "codigo-nuts": "ES300", "procedimiento-adjudicacion": "Abierto", "puntos-de-informacion": "", "defectos-u-omisiones-de-la-documentacion-publicados-el": "(Publicado el 05 abril 2018 11:02)"}