{"url": "https://www.madrid.org/cs/Satellite?c=CM_ConvocaPrestac_FA&cid=1354890203564&definicion=Contratos+Publicos&language=es&op2=PCON&pagename=PortalContratacion%2FPage%2FPCON_contratosPublicos&tipoServicio=CM_ConvocaPrestac_FA", "titulo": "servicios de gesti\u00f3n de residuos procedentes de estaciones depuradoras de aguas residuales, estaciones de bombeo de aguas residuales y tanques de tormentas de canal de Isabel ll s.a. en el municipio de Madrid", "status": "Plazo indefinido", "estado-de-la-licitacion": "Abierto", "tipo-publicacion": "Contratos adjudicados por procedimientos sin publicidad", "objeto-del-contrato": "servicios de gesti\u00f3n de residuos procedentes de estaciones depuradoras de aguas residuales, estaciones de bombeo de aguas residuales y tanques de tormentas de canal de Isabel ll s.a. en el municipio de Madrid", "codigo-cpv": "90500000-2, 90511000-2, 90511100-3, 90511200-4, 90511300-5, 90512000-9", "numero-de-expediente": "75/2021", "referencia": "4172766", "tipo-de-contrato": "Servicios", "entidad-adjudicadora": "", "codigo-nuts": "ES300", "procedimiento-adjudicacion": "Negociado sin publicidad", "valor-estimado-sin-i.v.a": "637.363,2 euros", "presupuesto-base-licitacion-(sin-impuestos)": "509.890,56 euros", "presupuesto-base-licitacion.-importe-total": "560.879,62 euros", "duracion-del-contrato": "1 A\u00f1os"}