{"url": "https://www.madrid.org/cs/Satellite?c=CM_ConvocaPrestac_FA&cid=1354738353901&definicion=Contratos+Publicos&language=es&op2=PCON&pagename=PortalContratacion%2FPage%2FPCON_contratosPublicos&tipoServicio=CM_ConvocaPrestac_FA", "titulo": "Servicios de montaje y desmontaje de la exposici\u00f3n \"Colectivo Moda Espa\u00f1ola\" en la sala del Canal de Isabel II de la Comunidad de Madrid", "status": "En tramitaci\u00f3n", "tipo-publicacion": "Tabl\u00f3n de anuncios electr\u00f3nico", "objeto-del-contrato": "Servicios de montaje y desmontaje de la exposici\u00f3n \"Colectivo Moda Espa\u00f1ola\" en la sala del Canal de Isabel II de la Comunidad de Madrid", "numero-de-expediente": "C-333A/010-18  (A/SER-012662/2018)", "referencia": "2654462", "tipo-de-contrato": "Servicios", "entidad-adjudicadora": "", "codigo-nuts": "ES300", "procedimiento-adjudicacion": "Abierto", "duracion-del-contrato": "118 D\u00edas", "defectos-u-omisiones-de-la-documentacion-publicados-el": "(Publicado el 09 octubre 2018 15:30)"}