{"url": "https://www.madrid.org/cs/Satellite?c=CM_ConvocaPrestac_FA&cid=1354884235769&definicion=Contratos+Publicos&language=es&op2=PCON&pagename=PortalContratacion%2FPage%2FPCON_contratosPublicos&tipoServicio=CM_ConvocaPrestac_FA", "titulo": "Seguridad y vigilancia del centro regional de innovaci\u00f3n y formaci\u00f3n \u201cLas Acacias\u201d de la Consejer\u00eda de Educaci\u00f3n y Juventud de la Comunidad de Madrid 2022/2024", "status": "En tramitaci\u00f3n", "tipo-publicacion": "Tabl\u00f3n de anuncios electr\u00f3nico", "objeto-del-contrato": "El presente contrato tendr\u00e1 por objeto la prestaci\u00f3n del servicio de seguridad y vigilancia en el Centro Regional de Innovaci\u00f3n y Formaci\u00f3n \u201cLas Acacias\u201d de la Consejer\u00eda de Educaci\u00f3n y Juventud de la Comunidad de Madrid.", "codigo-cpv": "79710000-4", "compra-publica-innovadora": "No", "numero-de-expediente": "A/SER-024770/2021 (C-322O-003-2021)", "referencia": "4145537", "tipo-de-contrato": "Servicios", "entidad-adjudicadora": "", "codigo-nuts": "ES300", "procedimiento-adjudicacion": "Abierto", "presupuesto-base-licitacion-(sin-impuestos)": "289.922,4 euros", "duracion-del-contrato": "24 Meses", "puntos-de-informacion": ""}