{"url": "https://www.madrid.org/cs/Satellite?c=CM_ConvocaPrestac_FA&cid=1354889912032&definicion=Contratos+Publicos&language=es&op2=PCON&pagename=PortalContratacion%2FPage%2FPCON_contratosPublicos&tipoServicio=CM_ConvocaPrestac_FA", "titulo": "Tabl\u00f3n auditor\u00edas externas ISO", "status": "Plazo indefinido", "tipo-publicacion": "Tabl\u00f3n de anuncios electr\u00f3nico", "objeto-del-contrato": "Servicio de auditor\u00edas externas para la renovaci\u00f3n y seguimiento de la certificaci\u00f3n del sistema de gesti\u00f3n integrado conforme a los requisitos de las normas ISO 9001:2015 e ISO 14001:2015.", "codigo-cpv": "79212000-3", "compra-publica-innovadora": "No", "numero-de-expediente": "A/SER-027978/2021", "referencia": "4172727", "tipo-de-contrato": "Servicios", "entidad-adjudicadora": "", "codigo-nuts": "ES300", "procedimiento-adjudicacion": "Abierto", "presupuesto-base-licitacion-(sin-impuestos)": "18.900 euros", "duracion-del-contrato": "36 Meses", "puntos-de-informacion": "Hospital Universitario de M\u00f3stoles", "defectos-u-omisiones-de-la-documentacion-publicados-el": "(Publicado el 20 julio 2021 10:00)"}