{"url": "https://www.madrid.org/cs/Satellite?c=CM_ConvocaPrestac_FA&cid=1354810155547&definicion=Contratos+Publicos&language=es&op2=PCON&pagename=PortalContratacion%2FPage%2FPCON_contratosPublicos&tipoServicio=CM_ConvocaPrestac_FA", "titulo": "Seguidad y vigilancia del centro regional de innovaci\u00f3n y formaci\u00f3n \u201cLas Acacias\u201d de la Consejer\u00eda de Educaci\u00f3n y Juventud de la Comunidad de Madrid", "status": "En tramitaci\u00f3n", "tipo-publicacion": "Tabl\u00f3n de anuncios electr\u00f3nico", "objeto-del-contrato": "Seguidad y vigilancia del centro regional de innovaci\u00f3n y formaci\u00f3n \u201cLas Acacias\u201d de la Consejer\u00eda de Educaci\u00f3n y Juventud de la Comunidad de Madrid", "codigo-cpv": "79710000-4", "numero-de-expediente": "A/SER-026213/2019 (C-322O/004-19)", "referencia": "3410793", "tipo-de-contrato": "Servicios", "entidad-adjudicadora": "", "codigo-nuts": "ES300", "procedimiento-adjudicacion": "Abierto", "presupuesto-base-licitacion-(sin-impuestos)": "280.168,3 euros", "duracion-del-contrato": "24 Meses"}