{"url": "https://www.madrid.org/cs/Satellite?c=CM_ConvocaPrestac_FA&cid=1354792114580&definicion=Contratos+Publicos&language=es&op2=PCON&pagename=PortalContratacion%2FPage%2FPCON_contratosPublicos&tipoServicio=CM_ConvocaPrestac_FA", "titulo": "Dise\u00f1o, desarrollo, implantaci\u00f3n y mantenimiento de sistemas de informaci\u00f3n anal\u00edticos para la transformaci\u00f3n digital de la Comunidad de Madrid \u2013 2 lotes", "status": "En tramitaci\u00f3n", "tipo-publicacion": "Tabl\u00f3n de anuncios electr\u00f3nico", "objeto-del-contrato": "", "numero-de-expediente": "ECON/000132/2018", "referencia": "3258763", "tipo-de-contrato": "Servicios", "entidad-adjudicadora": "", "codigo-nuts": "ES300", "procedimiento-adjudicacion": "Abierto", "defectos-u-omisiones-de-la-documentacion-publicados-el": "(Publicado el 20 diciembre 2019 13:32)", "empresarios-excluidos-publicados-el": "(Publicado el 10 octubre 2019 13:31)", "ofertas-anormales-o-desproporcionadas-publicadas-el": "(Publicado el 31 octubre 2019 14:33)"}