{"url": "https://www.madrid.org/cs/Satellite?c=CM_ConvocaPrestac_FA&cid=1354888546703&definicion=Contratos+Publicos&language=es&op2=PCON&pagename=PortalContratacion%2FPage%2FPCON_contratosPublicos&tipoServicio=CM_ConvocaPrestac_FA", "titulo": "TABLON ELECTRONICO Servicio de transporte y mensajer\u00eda del Hospital Universitario 12 de Octubre, Centro de Actividades Ambulatorias y sus Centros de Especialidades", "status": "En tramitaci\u00f3n", "tipo-publicacion": "Tabl\u00f3n de anuncios electr\u00f3nico", "objeto-del-contrato": "Servicio de transporte y mensajer\u00eda del Hospital Universitario 12 de Octubre, Centro de Actividades Ambulatorias y sus Centros de Especialidades", "compra-publica-innovadora": "No", "numero-de-expediente": "2021-0-92", "referencia": "4166513", "tipo-de-contrato": "Servicios", "entidad-adjudicadora": "", "codigo-nuts": "ES300", "procedimiento-adjudicacion": "Abierto", "puntos-de-informacion": ""}