{"url": "https://www.madrid.org/cs/Satellite?c=CM_ConvocaPrestac_FA&cid=1354744021560&definicion=Contratos+Publicos&language=es&op2=PCON&pagename=PortalContratacion%2FPage%2FPCON_contratosPublicos&tipoServicio=CM_ConvocaPrestac_FA", "titulo": "Servicio integral de restauraci\u00f3n en la RM Adolfo Su\u00e1rez", "status": "En tramitaci\u00f3n", "tipo-publicacion": "Tabl\u00f3n de anuncios electr\u00f3nico", "codigo-cpv": "55320000-9", "numero-de-expediente": "A/SER-011040/2018", "referencia": "2655457", "tipo-de-contrato": "Servicios", "entidad-adjudicadora": "", "codigo-nuts": "ES300", "procedimiento-adjudicacion": "Abierto", "defectos-u-omisiones-de-la-documentacion-publicados-el": "(Publicado el 11 febrero 2019 09:00)", "empresarios-excluidos-publicados-el": "(Publicado el 08 noviembre 2018 14:01)", "ofertas-anormales-o-desproporcionadas-publicadas-el": "(Publicado el 14 noviembre 2018 12:01)"}