{"url": "https://www.madrid.org/cs/Satellite?c=CM_ConvocaPrestac_FA&cid=1354831874802&definicion=Contratos+Publicos&language=es&op2=PCON&pagename=PortalContratacion%2FPage%2FPCON_contratosPublicos&tipoServicio=CM_ConvocaPrestac_FA", "titulo": "MANTENIMIENTO T\u00c9CNICO, DE CONTENIDOS, SEO, ANAL\u00cdTICA WEB Y DE REDES SOCIALES DE LA P\u00c1GINA WEB INSTITUCIONAL DEL CONSORCIO URBAN\u00cdSTICO \u201cLEGAN\u00c9S TECNOL\u00d3GICO\u201d", "status": "Plazo indefinido", "tipo-publicacion": "Tabl\u00f3n de anuncios electr\u00f3nico", "objeto-del-contrato": "", "numero-de-expediente": "CS-01-2020", "referencia": "3616856", "tipo-de-contrato": "Servicios", "entidad-adjudicadora": "", "codigo-nuts": "ES300", "procedimiento-adjudicacion": "Abierto simplificado", "puntos-de-informacion": "", "ofertas-anormales-o-desproporcionadas-publicadas-el": "(Publicado el 12 mayo 2021 10:31)"}