{"url": "https://www.madrid.org/cs/Satellite?c=CM_ConvocaPrestac_FA&cid=1354891827447&definicion=Contratos+Publicos&language=es&op2=PCON&pagename=PortalContratacion%2FPage%2FPCON_contratosPublicos&tipoServicio=CM_ConvocaPrestac_FA", "titulo": "TABLON ELECTRONICO Suministro de reactivos y diverso material para el estudio de prote\u00ednas por electroforesis e inmunofijaci\u00f3n con destino al Servicio de Bioqu\u00edmica del Hospitalci\u00f3n del Hospital Universitario 12 de Octubre", "status": "En tramitaci\u00f3n", "tipo-publicacion": "Tabl\u00f3n de anuncios electr\u00f3nico", "objeto-del-contrato": "Suministro de reactivos y diversos material para el estudio de prote\u00ednas por electroforesis e inmunofijaci\u00f3n con destino al Servicio\u00a0de Bioqu\u00edmica\u00a0\u00a0del Hospital Universitario 12 de Octubre", "compra-publica-innovadora": "No", "numero-de-expediente": "2021-0-106", "referencia": "4192678", "tipo-de-contrato": "Servicios", "entidad-adjudicadora": "", "codigo-nuts": "ES300", "procedimiento-adjudicacion": "Abierto", "puntos-de-informacion": ""}