{"url": "https://www.madrid.org/cs/Satellite?c=CM_ConvocaPrestac_FA&cid=1354883357519&definicion=Contratos+Publicos&language=es&op2=PCON&pagename=PortalContratacion%2FPage%2FPCON_contratosPublicos&tipoServicio=CM_ConvocaPrestac_FA", "titulo": "Servicios de Mediaci\u00f3n de Seguros Privados de la Direcci\u00f3n General de Juventud", "status": "En tramitaci\u00f3n", "tipo-publicacion": "Tabl\u00f3n de anuncios electr\u00f3nico", "objeto-del-contrato": "La prestaci\u00f3n a la Direcci\u00f3n General de Juventud, por parte de una corredur\u00eda de seguros, de los servicios de mediaci\u00f3n en materia de seguros privados.", "codigo-cpv": "80000000-4", "compra-publica-innovadora": "No", "numero-de-expediente": "P/SER-021616/2021 C-232A-004-21)", "referencia": "4145285", "tipo-de-contrato": "Servicios", "entidad-adjudicadora": "", "codigo-nuts": "ES300", "procedimiento-adjudicacion": "Abierto simplificado", "presupuesto-base-licitacion-(sin-impuestos)": "0 euros", "duracion-del-contrato": "12 Meses", "puntos-de-informacion": "", "ofertas-anormales-o-desproporcionadas-publicadas-el": "(Publicado el 09 septiembre 2021 14:15)"}