{"url": "https://www.madrid.org/cs/Satellite?c=CM_ConvocaPrestac_FA&cid=1354833867440&definicion=Contratos+Publicos&language=es&op2=PCON&pagename=PortalContratacion%2FPage%2FPCON_contratosPublicos&tipoServicio=CM_ConvocaPrestac_FA", "titulo": "Organizaci\u00f3n y realizaci\u00f3n del XXI Circuito de Cine de Verano en la Comunidad de Madrid", "status": "En tramitaci\u00f3n", "tipo-publicacion": "Tabl\u00f3n de anuncios electr\u00f3nico", "objeto-del-contrato": "Organizaci\u00f3n y realizaci\u00f3n del XXI Circuito de Cine de Verano en la Comunidad de Madrid", "codigo-cpv": "79952100-3", "numero-de-expediente": "C-334A/002-20 (A/SER-004862/2020)", "referencia": "3617390", "tipo-de-contrato": "Servicios", "entidad-adjudicadora": "", "codigo-nuts": "ES30", "procedimiento-adjudicacion": "Abierto", "duracion-del-contrato": "66 D\u00edas", "defectos-u-omisiones-de-la-documentacion-publicados-el": "(Publicado el 22 junio 2020 14:01)"}