{"url": "https://www.madrid.org/cs/Satellite?c=CM_ConvocaPrestac_FA&cid=1354854636065&definicion=Contratos+Publicos&language=es&op2=PCON&pagename=PortalContratacion%2FPage%2FPCON_contratosPublicos&tipoServicio=CM_ConvocaPrestac_FA", "titulo": "Servicio de realizaci\u00f3n de pruebas de laboratorio externo para el servicio de bioqu\u00edmica \u2013 an\u00e1lisis cl\u00ednicos con destino al Hospital Universitario Puerta de Hierro Majadahonda.", "status": "Plazo indefinido", "tipo-publicacion": "Tabl\u00f3n de anuncios electr\u00f3nico", "objeto-del-contrato": "Servicio de realizaci\u00f3n de pruebas de laboratorio externo para el servicio de bioqu\u00edmica \u2013 an\u00e1lisis cl\u00ednicos con destino al Hospital Universitario Puerta de Hierro Majadahonda.", "codigo-cpv": "85145000-7", "numero-de-expediente": "GCASE 2020-61", "referencia": "3820070", "tipo-de-contrato": "Servicios", "entidad-adjudicadora": "", "codigo-nuts": "ES300", "procedimiento-adjudicacion": "Abierto", "presupuesto-base-licitacion-(sin-impuestos)": "74.334,5 euros", "duracion-del-contrato": "24 Meses", "puntos-de-informacion": "- Hospital Universitario Puerta de Hierro de Majadahonda. Servicio de Contrataci\u00f3n Administrativa. C/ Joaqu\u00edn Rodrigo, 2. 28222. Majadahonda.Tel\u00e9fono: 91 191 68 37 / 91 191 72 55 / 91 191 74 34 / 91 191 74 00. Telefax: 91 316 28 48.", "defectos-u-omisiones-de-la-documentacion-publicados-el": "(Publicado el 19 noviembre 2020 15:15)", "empresarios-excluidos-publicados-el": "(Publicado el 18 diciembre 2020 14:16)"}