{"url": "https://www.madrid.org/cs/Satellite?c=CM_ConvocaPrestac_FA&cid=1354866675127&definicion=Contratos+Publicos&language=es&op2=PCON&pagename=PortalContratacion%2FPage%2FPCON_contratosPublicos&tipoServicio=CM_ConvocaPrestac_FA", "titulo": "Concesi\u00f3n de servicios de la cafeter\u00eda del Complejo Cultural \u201cEl \u00c1guila\u201d (Archivo Regional, Archivo Hist\u00f3rico de Protocolos de Madrid, Biblioteca Regional, Dep\u00f3sito Legal y Sala de Exposiciones)", "status": "En tramitaci\u00f3n", "tipo-publicacion": "Tabl\u00f3n de anuncios electr\u00f3nico", "objeto-del-contrato": "Concesi\u00f3n de servicios de la cafeter\u00eda del Complejo Cultural \u201cEl \u00c1guila\u201d (Archivo Regional, Archivo Hist\u00f3rico de Protocolos de Madrid, Biblioteca Regional, Dep\u00f3sito Legal y Sala de Exposiciones)", "codigo-cpv": "55330000-2", "compra-publica-innovadora": "No", "numero-de-expediente": "C-332A/006-20 (A/CSP-036424/2020)", "referencia": "3975319", "tipo-de-contrato": "Servicios", "entidad-adjudicadora": "", "codigo-nuts": "ES30", "procedimiento-adjudicacion": "Restringido", "duracion-del-contrato": "12 Meses", "defectos-u-omisiones-de-la-documentacion-publicados-el": "(Publicado el 02 marzo 2021 10:45)"}