{"url": "https://www.madrid.org/cs/Satellite?c=CM_ConvocaPrestac_FA&cid=1354727443295&definicion=Contratos+Publicos&language=es&op2=PCON&pagename=PortalContratacion%2FPage%2FPCON_contratosPublicos&tipoServicio=CM_ConvocaPrestac_FA", "titulo": "LIMPIEZA DEL CENTRO TERRITORIAL DE INNOVACI\u00d3N Y FORMACI\u00d3N MADRID-NORTE Y DEL CENTRO DE FORMACI\u00d3N AMBIENTAL GRANJA-ESCUELA LA CHIMENEA DE ARANJUEZ", "status": "En tramitaci\u00f3n", "tipo-publicacion": "Tabl\u00f3n de anuncios electr\u00f3nico", "objeto-del-contrato": "", "codigo-cpv": "90911200-8", "numero-de-expediente": "A/SER-005604/2018 (C-322O/008-18)", "referencia": "2496726", "tipo-de-contrato": "Servicios", "entidad-adjudicadora": "", "codigo-nuts": "ES300", "procedimiento-adjudicacion": "Abierto", "presupuesto-base-licitacion-(sin-impuestos)": "194.482,01 euros", "duracion-del-contrato": "24 Meses", "puntos-de-informacion": "Obtenci\u00f3n de documentaci\u00f3n e informaci\u00f3n:", "defectos-u-omisiones-de-la-documentacion-publicados-el": "(Publicado el 05 septiembre 2018 15:01)"}