{"url": "https://www.madrid.org/cs/Satellite?c=CM_ConvocaPrestac_FA&cid=1354777173135&definicion=Contratos+Publicos&language=es&op2=PCON&pagename=PortalContratacion%2FPage%2FPCON_contratosPublicos&tipoServicio=CM_ConvocaPrestac_FA", "titulo": "Transporte de materiales y mudanzas de la Consejer\u00eda de Educaci\u00f3n e Investigaci\u00f3n", "status": "En tramitaci\u00f3n", "tipo-publicacion": "Tabl\u00f3n de anuncios electr\u00f3nico", "objeto-del-contrato": "TRANSPORTE DE MATERIALES Y MUDANZAS DE LA CONSEJER\u00cdA DE EDUCACI\u00d3N E INVESTIGACI\u00d3N DE LA COMUNIDAD DE MADRID", "codigo-cpv": "60100000-9", "numero-de-expediente": "A/SER-011043/2019 (C-321M/003-19)", "referencia": "3143613", "tipo-de-contrato": "Servicios", "entidad-adjudicadora": "", "codigo-nuts": "ES300", "procedimiento-adjudicacion": "Abierto", "presupuesto-base-licitacion-(sin-impuestos)": "154.545,45 euros", "duracion-del-contrato": "24 Meses", "puntos-de-informacion": "Obtenci\u00f3n de documentaci\u00f3n e informaci\u00f3n:", "defectos-u-omisiones-de-la-documentacion-publicados-el": "(Publicado el 09 julio 2019 13:36)", "ofertas-anormales-o-desproporcionadas-publicadas-el": "(Publicado el 16 julio 2019 11:34)"}