{"url": "https://www.madrid.org/cs/Satellite?c=CM_ConvocaPrestac_FA&cid=1354776522730&definicion=Contratos+Publicos&language=es&op2=PCON&pagename=PortalContratacion%2FPage%2FPCON_contratosPublicos&tipoServicio=CM_ConvocaPrestac_FA", "titulo": "Realizaci\u00f3n de trabajos de apoyo a la revisi\u00f3n de la justificaci\u00f3n econ\u00f3mica de diversas convocatorias de la Direcci\u00f3n General de Investigaci\u00f3n e Innovaci\u00f3n", "status": "En tramitaci\u00f3n", "tipo-publicacion": "Tabl\u00f3n de anuncios electr\u00f3nico", "objeto-del-contrato": "Realizaci\u00f3n de trabajos de apoyo a la revisi\u00f3n de la justificaci\u00f3n econ\u00f3mica de diversas convocatorias de la Direcci\u00f3n General de Investigaci\u00f3n e Innovaci\u00f3n", "codigo-cpv": "73200000-4", "numero-de-expediente": "A/SER-006700/2019 (C-466A/001-19)", "referencia": "3138404", "tipo-de-contrato": "Servicios", "entidad-adjudicadora": "", "codigo-nuts": "ES300", "procedimiento-adjudicacion": "Abierto simplificado", "presupuesto-base-licitacion-(sin-impuestos)": "34.903,68 euros", "duracion-del-contrato": "6 Meses", "puntos-de-informacion": "Obtenci\u00f3n de documentaci\u00f3n e informaci\u00f3n:", "ofertas-anormales-o-desproporcionadas-publicadas-el": "(Publicado el 25 junio 2019 07:00)"}