{"url": "https://www.madrid.org/cs/Satellite?c=CM_ConvocaPrestac_FA&cid=1354781440089&definicion=Contratos+Publicos&language=es&op2=PCON&pagename=PortalContratacion%2FPage%2FPCON_contratosPublicos&tipoServicio=CM_ConvocaPrestac_FA", "titulo": "Concesi\u00f3n de servicios de gesti\u00f3n del servicio de promoci\u00f3n, selecci\u00f3n, implantaci\u00f3n y seguimiento de Bioempresas en el campo Biom\u00e9dico y Biotecn\u00f3logico con el objetivo final de mejorar el diagn\u00f3stico y tratamiento de los pacientes y prestaci\u00f3n del servicio metodol\u00f3gico en el marco de la actividad investigadora del ente P\u00fablico Hospital Universitario de Fuenlabrada", "status": "En tramitaci\u00f3n", "tipo-publicacion": "Tabl\u00f3n de anuncios electr\u00f3nico", "objeto-del-contrato": "", "codigo-cpv": "73100000-3", "compra-publica-innovadora": "No", "numero-de-expediente": "PA S 19-004", "referencia": "3149780", "tipo-de-contrato": "Servicios", "entidad-adjudicadora": "", "codigo-nuts": "ES300", "procedimiento-adjudicacion": "Restringido", "presupuesto-base-licitacion-(sin-impuestos)": "756.000 euros", "duracion-del-contrato": "10 A\u00f1os", "puntos-de-informacion": "* Obtenci\u00f3n de documentaci\u00f3n e informaci\u00f3n:", "defectos-u-omisiones-de-la-documentacion-publicados-el": "(Publicado el 03 julio 2019 13:32)"}