{"url": "https://www.madrid.org/cs/Satellite?c=CM_ConvocaPrestac_FA&cid=1354896607903&definicion=Contratos+Publicos&language=es&op2=PCON&pagename=PortalContratacion%2FPage%2FPCON_contratosPublicos&tipoServicio=CM_ConvocaPrestac_FA", "titulo": "Mantenimiento integral de los 261 aparatos elevadores de los centros adscritos a la Agencia Madrile\u00f1a de Atenci\u00f3n Social (2 lotes)", "status": "Plazo indefinido", "tipo-publicacion": "Tabl\u00f3n de anuncios electr\u00f3nico", "objeto-del-contrato": "Mantenimiento integral de los 261 aparatos elevadores de los centros adscritos a la Agencia Madrile\u00f1a de Atenci\u00f3n Social (2 lotes)", "codigo-cpv": "50750000-7", "numero-de-expediente": "A/SER-042082/2020", "referencia": "4301192", "tipo-de-contrato": "Servicios", "entidad-adjudicadora": "", "codigo-nuts": "ES300", "procedimiento-adjudicacion": "Abierto", "presupuesto-base-licitacion-(sin-impuestos)": "480.450,6 euros", "duracion-del-contrato": "24 Meses", "empresarios-excluidos-publicados-el": "(Publicado el 22 septiembre 2021 10:50)", "ofertas-anormales-o-desproporcionadas-publicadas-el": "(Publicado el 06 octubre 2021 09:00)"}