{"url": "https://www.madrid.org/cs/Satellite?c=CM_ConvocaPrestac_FA&cid=1354798618383&definicion=Contratos+Publicos&language=es&op2=PCON&pagename=PortalContratacion%2FPage%2FPCON_contratosPublicos&tipoServicio=CM_ConvocaPrestac_FA", "titulo": "Servicios auxiliares en 18 Centros adscritos a la Agencia Madrile\u00f1a de Atenci\u00f3n Social (2 lotes)", "status": "Plazo indefinido", "tipo-publicacion": "Tabl\u00f3n de anuncios electr\u00f3nico", "codigo-cpv": "98341130-5", "numero-de-expediente": "A/SER-012439/2019", "referencia": "3259959", "tipo-de-contrato": "Servicios", "entidad-adjudicadora": "", "codigo-nuts": "ES300", "procedimiento-adjudicacion": "Abierto", "defectos-u-omisiones-de-la-documentacion-publicados-el": "(Publicado el 30 diciembre 2019 09:00)", "empresarios-excluidos-publicados-el": "(Publicado el 15 octubre 2019 13:31)", "ofertas-anormales-o-desproporcionadas-publicadas-el": "(Publicado el 15 octubre 2019 13:31)"}