{"url": "https://www.madrid.org/cs/Satellite?c=CM_ConvocaPrestac_FA&cid=1354716976302&definicion=Contratos+Publicos&language=es&op2=PCON&pagename=PortalContratacion%2FPage%2FPCON_contratosPublicos&tipoServicio=CM_ConvocaPrestac_FA", "titulo": "Servicios de montaje y desmontaje de la exposici\u00f3n colectiva \"Querer Parecer Noche\" del Centro de Arte Dos de Mayo (CA2M)", "status": "En tramitaci\u00f3n", "tipo-publicacion": "Tabl\u00f3n de anuncios electr\u00f3nico", "objeto-del-contrato": "Servicios de montaje y desmontaje de la exposici\u00f3n colectiva \"Querer Parecer Noche\" del Centro de Arte Dos de Mayo (CA2M)", "codigo-cpv": "79956000-0", "numero-de-expediente": "C-333A/004-18 (A/SER-007696/2018)", "referencia": "2423044", "tipo-de-contrato": "Servicios", "entidad-adjudicadora": "", "codigo-nuts": "ES300", "procedimiento-adjudicacion": "Abierto", "defectos-u-omisiones-de-la-documentacion-publicados-el": "(Publicado el 26 junio 2018 12:30)"}