{"url": "https://www.madrid.org/cs/Satellite?c=CM_ConvocaPrestac_FA&cid=1354787346038&definicion=Contratos+Publicos&language=es&op2=PCON&pagename=PortalContratacion%2FPage%2FPCON_contratosPublicos&tipoServicio=CM_ConvocaPrestac_FA", "titulo": "Servicio de seguridd y vigilancia en tres Centros de Menores adscritos a la Agencia Madrile\u00f1a de Atenci\u00f3n Social (2 lotes)", "status": "Plazo indefinido", "tipo-publicacion": "Tabl\u00f3n de anuncios electr\u00f3nico", "objeto-del-contrato": "Servicio de seguridd y vigilancia en tres Centros de Menores adscritos a la Agencia Madrile\u00f1a de Atenci\u00f3n Social (2 lotes", "numero-de-expediente": "A/SER-011819/2019", "referencia": "3234366", "tipo-de-contrato": "Servicios", "entidad-adjudicadora": "", "codigo-nuts": "ES300", "procedimiento-adjudicacion": "Abierto", "empresarios-excluidos-publicados-el": "(Publicado el 06 agosto 2019 13:31)", "ofertas-anormales-o-desproporcionadas-publicadas-el": "(Publicado el 17 octubre 2019 14:01)"}