{"url": "https://www.madrid.org/cs/Satellite?c=CM_ConvocaPrestac_FA&cid=1354742928465&definicion=Contratos+Publicos&language=es&op2=PCON&pagename=PortalContratacion%2FPage%2FPCON_contratosPublicos&tipoServicio=CM_ConvocaPrestac_FA", "titulo": "Gesti\u00f3n integral de diversos Centros de d\u00eda y de un Grupo de convivencia adscritos a la Agencia para la Reeducaci\u00f3n y Reinserci\u00f3n del Menor Infractor, para la ejecuci\u00f3n de medidas y otras actuaciones de medio abierto previstas en la Ley Org\u00e1nica reguladora de la responsabilidad penal de los menores (5 Lotes)", "status": "En tramitaci\u00f3n", "tipo-publicacion": "Tabl\u00f3n de anuncios electr\u00f3nico", "numero-de-expediente": "A/SER-013681/2018", "referencia": "2655235", "tipo-de-contrato": "Servicios", "entidad-adjudicadora": "", "codigo-nuts": "ES300", "procedimiento-adjudicacion": "Abierto", "defectos-u-omisiones-de-la-documentacion-publicados-el": "(Publicado el 29 octubre 2018 11:01)"}