{"url": "https://www.madrid.org/cs/Satellite?c=CM_ConvocaPrestac_FA&cid=1354892520662&definicion=Contratos+Publicos&language=es&op2=PCON&pagename=PortalContratacion%2FPage%2FPCON_contratosPublicos&tipoServicio=CM_ConvocaPrestac_FA", "titulo": "Ejecuci\u00f3n y direcci\u00f3n de las obras para la construcci\u00f3n de 4 viviendas VPPA en la parcela sita en Carretera de Morata 58, en el pol\u00edgono P-06 del \u201cSector de Ensanche\u201d del municipio de Perales de Taju\u00f1a (Madrid).", "status": "Plazo indefinido", "tipo-publicacion": "Tabl\u00f3n de anuncios electr\u00f3nico", "objeto-del-contrato": "Ejecuci\u00f3n y direcci\u00f3n de las obras para la construcci\u00f3n de 4 viviendas VPPA en la parcela sita en Carretera de Morata 58, en el pol\u00edgono P-06 del \u201cSector de Ensanche\u201d del municipio de Perales de Taju\u00f1a (Madrid).", "numero-de-expediente": "A/SER-030526/2020", "referencia": "4220867", "tipo-de-contrato": "Servicios", "entidad-adjudicadora": "", "codigo-nuts": "ES300", "procedimiento-adjudicacion": "Abierto simplificado"}