{"url": "https://www.madrid.org/cs/Satellite?c=CM_ConvocaPrestac_FA&cid=1354778892601&definicion=Contratos+Publicos&language=es&op2=PCON&pagename=PortalContratacion%2FPage%2FPCON_contratosPublicos&tipoServicio=CM_ConvocaPrestac_FA", "titulo": "PNSP 01/2019 Sistema de Gesti\u00f3n Fund@net", "status": "En tramitaci\u00f3n", "estado-de-la-licitacion": "Pendiente adjudicaci\u00f3n", "tipo-resolucion": "Formalizado", "tipo-publicacion": "Contratos adjudicados por procedimientos sin publicidad", "objeto-del-contrato": "PNSP 01/2019 Sistema de Gesti\u00f3n", "codigo-cpv": "48000000-8, 72263000-6, 72267100-0", "compra-publica-innovadora": "No", "numero-de-expediente": "PNSP 01/2019", "referencia": "3145166", "tipo-de-contrato": "Servicios", "entidad-adjudicadora": "", "codigo-nuts": "ES300", "procedimiento-adjudicacion": "Negociado sin publicidad", "valor-estimado-sin-i.v.a": "107.687,42 euros", "presupuesto-base-licitacion-(sin-impuestos)": "107.687,42 euros", "presupuesto-base-licitacion.-importe-total": "130.301,77 euros", "duracion-del-contrato": "5 A\u00f1os", "puntos-de-informacion": ""}