{"url": "https://www.madrid.org/cs/Satellite?c=CM_ConvocaPrestac_FA&cid=1354784817399&definicion=Contratos+Publicos&language=es&op2=PCON&pagename=PortalContratacion%2FPage%2FPCON_contratosPublicos&tipoServicio=CM_ConvocaPrestac_FA", "titulo": "Atenci\u00f3n a mayores dependientes en Centros de D\u00eda T", "status": "Plazo indefinido", "tipo-publicacion": "Tabl\u00f3n de anuncios electr\u00f3nico", "codigo-cpv": "85312100-0", "numero-de-expediente": "A/SER-007737/2019", "referencia": "3178299", "tipo-de-contrato": "Servicios", "entidad-adjudicadora": "", "codigo-nuts": "ES300", "procedimiento-adjudicacion": "Abierto", "empresarios-excluidos-publicados-el": "(Publicado el 23 julio 2019 13:01)", "ofertas-anormales-o-desproporcionadas-publicadas-el": "(Publicado el 23 julio 2019 13:01)"}