{"url": "https://www.madrid.org/cs/Satellite?c=CM_ConvocaPrestac_FA&cid=1354755659413&definicion=Contratos+Publicos&language=es&op2=PCON&pagename=PortalContratacion%2FPage%2FPCON_contratosPublicos&tipoServicio=CM_ConvocaPrestac_FA", "titulo": "Sistema de mantenimiento del sistema de control, climatizaci\u00f3n y producci\u00f3n de a.c.s., para las instalaciones del Centro de Transfusi\u00f3n", "status": "Plazo indefinido", "tipo-publicacion": "Tabl\u00f3n de anuncios electr\u00f3nico", "objeto-del-contrato": "Sistema de mantenimiento del sistema de control, climatizaci\u00f3n y producci\u00f3n de a.c.s., para las instalaciones del Centro de Transfusi\u00f3n", "codigo-cpv": "50700000-2, 50720000-8, 50730000-1", "compra-publica-innovadora": "No", "numero-de-expediente": "P.A. SER. 018-2018", "referencia": "2787738", "tipo-de-contrato": "Servicios", "entidad-adjudicadora": "", "codigo-nuts": "ES300", "procedimiento-adjudicacion": "Abierto simplificado", "duracion-del-contrato": "12 Meses", "puntos-de-informacion": "", "ofertas-anormales-o-desproporcionadas-publicadas-el": "(Publicado el 22 enero 2019 14:31)", "otras-informaciones-publicadas-el": "(Publicado el 22 enero 2019 14:31)"}