{"url": "https://www.madrid.org/cs/Satellite?c=CM_ConvocaPrestac_FA&cid=1354854577007&definicion=Contratos+Publicos&language=es&op2=PCON&pagename=PortalContratacion%2FPage%2FPCON_contratosPublicos&tipoServicio=CM_ConvocaPrestac_FA", "titulo": "Asistencia t\u00e9cnica de los m\u00f3dulos prefabricados suministrados en centros educativos de la Comunidad de Madrid como medida de distanciamiento contra el COVID-19", "status": "Plazo indefinido", "estado-de-la-licitacion": "Abierto", "tipo-resolucion": "Formalizado", "tipo-publicacion": "Contratos adjudicados por procedimientos sin publicidad", "objeto-del-contrato": "", "codigo-cpv": "71200000-0", "compra-publica-innovadora": "No", "numero-de-expediente": "A/SER-037360/2020", "referencia": "3820055", "tipo-de-contrato": "Servicios", "entidad-adjudicadora": "", "codigo-nuts": "ES300", "procedimiento-adjudicacion": "Otros procedimientos: Emergencia", "valor-estimado-sin-i.v.a": "79.660 euros", "presupuesto-base-licitacion-(sin-impuestos)": "79.660 euros", "presupuesto-base-licitacion.-importe-total": "96.388,6 euros", "duracion-del-contrato": "D\u00edas"}