{"url": "https://www.madrid.org/cs/Satellite?c=CM_ConvocaPrestac_FA&cid=1354822178436&definicion=Contratos+Publicos&language=es&op2=PCON&pagename=PortalContratacion%2FPage%2FPCON_contratosPublicos&tipoServicio=CM_ConvocaPrestac_FA", "titulo": "06/2020 Contrato de servicios de mantenimiento preventivo, correctivo y modificativo integral de las instalaciones y de los elemenetos contructivos del Centro Empresarial de La Confecci\u00f3n, Avda. de la Cantue\u00f1a 2 de Fuenlabrada (Madrid)", "status": "Plazo indefinido", "tipo-publicacion": "Tabl\u00f3n de anuncios electr\u00f3nico", "objeto-del-contrato": "Servicios de mantenimiento preventivo, correctivo y modificativo integral de las instalaciones y de los elemenetos contructivos del Centro Empresarial de La Confecci\u00f3n, Avda. de la Cantue\u00f1a 2 de Fuenlabrada (Madrid)\nPlazo: 1 a\u00f1o con posible pr\u00f3rroga de 1 a\u00f1o m\u00e1s.\nDivisi\u00f3n por Lotes: Si 2 (ver pliegos)", "codigo-cpv": "50700000-2", "compra-publica-innovadora": "No", "numero-de-expediente": "06/2020", "referencia": "3413660", "tipo-de-contrato": "Servicios", "entidad-adjudicadora": "", "codigo-nuts": "ES300", "procedimiento-adjudicacion": "Abierto simplificado", "presupuesto-base-licitacion-(sin-impuestos)": "22.647,08 euros", "duracion-del-contrato": "1 A\u00f1os", "puntos-de-informacion": "Entidad adjudicadora: Obras de Madrid. Gesti\u00f3n de Obras e Infraestructuras, S.A. CIF A79932927 - calle Alcal\u00e1, 21 - 4\u00aa planta - 28014 Madrid - Tel. 915240436; Fax. 915240437 - correos electr\u00f3nicos: Esther.martin@obrasdemadrid.com y manuel.ayuso@obrasdemadrid.com(consultas t\u00e9cnicas) y eval@obrasdemadrid.com (consultas administrativas). Obtenci\u00f3n de Documentaci\u00f3n: Perfil del contratante http:/www.madrid.org/contratospublicos."}