{"url": "https://www.madrid.org/cs/Satellite?c=CM_ConvocaPrestac_FA&cid=1354728324561&definicion=Contratos+Publicos&language=es&op2=PCON&pagename=PortalContratacion%2FPage%2FPCON_contratosPublicos&tipoServicio=CM_ConvocaPrestac_FA", "titulo": "Gesti\u00f3n del centro de atenci\u00f3n a personas con discapacidad intelectual \u201cMajadahonda\u201d integrado por residencia, centro de d\u00eda y centro ocupacional, de formaci\u00f3n, oportunidades e inserci\u00f3n laboral", "status": "En tramitaci\u00f3n", "tipo-publicacion": "Tabl\u00f3n de anuncios electr\u00f3nico", "objeto-del-contrato": "", "compra-publica-innovadora": "No", "referencia": "2530931", "tipo-de-contrato": "Servicios", "entidad-adjudicadora": "", "codigo-nuts": "ES300", "procedimiento-adjudicacion": "Abierto", "otras-informaciones-publicadas-el": "(Publicado el 25 octubre 2018 14:02)"}