{"url": "https://www.madrid.org/cs/Satellite?c=CM_ConvocaPrestac_FA&cid=1354891246207&definicion=Contratos+Publicos&language=es&op2=PCON&pagename=PortalContratacion%2FPage%2FPCON_contratosPublicos&tipoServicio=CM_ConvocaPrestac_FA", "titulo": "Contrato de servicios para la supervisi\u00f3n de los proyectos de reforma integral del Complejo Hospitalario Universitario La Paz", "status": "En tramitaci\u00f3n", "tipo-publicacion": "Tabl\u00f3n de anuncios electr\u00f3nico", "objeto-del-contrato": "Contrato de servicios para la supervisi\u00f3n de los proyectos de reforma integral del Complejo Hospitalario Universitario La Paz", "codigo-cpv": "71248000-8", "numero-de-expediente": "P.A. 30/2021", "referencia": "4186591", "tipo-de-contrato": "Servicios", "entidad-adjudicadora": "", "codigo-nuts": "ES300", "procedimiento-adjudicacion": "Abierto"}