{"url": "https://www.madrid.org/cs/Satellite?c=CM_ConvocaPrestac_FA&cid=1354843692874&definicion=Contratos+Publicos&language=es&op2=PCON&pagename=PortalContratacion%2FPage%2FPCON_contratosPublicos&tipoServicio=CM_ConvocaPrestac_FA", "titulo": "Implantaci\u00f3n del modelo de hospital digital en el Hospital Cl\u00ednico San Carlos", "status": "En tramitaci\u00f3n", "tipo-publicacion": "Tabl\u00f3n de anuncios electr\u00f3nico", "objeto-del-contrato": "Implantaci\u00f3n del modelo de hospital digital en el Hospital Cl\u00ednico San Carlos", "codigo-cpv": "72500000-0, 72265000-0, 72514000-1", "compra-publica-innovadora": "No", "numero-de-expediente": "PA SER-19/2020 (A/SER-020563/2020)", "referencia": "3748380", "tipo-de-contrato": "Servicios", "entidad-adjudicadora": "", "codigo-nuts": "ES300", "procedimiento-adjudicacion": "Abierto", "presupuesto-base-licitacion-(sin-impuestos)": "3.771.175,35 euros", "duracion-del-contrato": "24 Meses"}