{"url": "https://www.madrid.org/cs/Satellite?c=CM_ConvocaPrestac_FA&cid=1354781448942&definicion=Contratos+Publicos&language=es&op2=PCON&pagename=PortalContratacion%2FPage%2FPCON_contratosPublicos&tipoServicio=CM_ConvocaPrestac_FA", "titulo": "Servicios de Apoyo a la Gesti\u00f3n de Pruebas Selectivas para el Acceso a la Condici\u00f3n de Personal Laboral Fijo en la Selecci\u00f3n de Candidatos para Hospital Universitario de Fuenlabrada", "status": "En tramitaci\u00f3n", "tipo-publicacion": "Tabl\u00f3n de anuncios electr\u00f3nico", "objeto-del-contrato": "Servicios de Apoyo a la Gesti\u00f3n de Pruebas Selectivas para el Acceso a la Condici\u00f3n de Personal Laboral Fijo en la Selecci\u00f3n de Candidatos para Hospital Universitario de Fuenlabrada", "codigo-cpv": "79000000-4", "compra-publica-innovadora": "No", "numero-de-expediente": "PA S 19-007", "referencia": "3149781", "tipo-de-contrato": "Servicios", "entidad-adjudicadora": "", "codigo-nuts": "ES300", "procedimiento-adjudicacion": "Abierto", "presupuesto-base-licitacion-(sin-impuestos)": "500.000 euros", "duracion-del-contrato": "12 Meses", "puntos-de-informacion": "* Obtenci\u00f3n de documentaci\u00f3n e informaci\u00f3n:", "defectos-u-omisiones-de-la-documentacion-publicados-el": "(Publicado el 03 julio 2019 13:32)"}