{"url": "https://www.madrid.org/cs/Satellite?c=CM_ConvocaPrestac_FA&cid=1354799773023&definicion=Contratos+Publicos&language=es&op2=PCON&pagename=PortalContratacion%2FPage%2FPCON_contratosPublicos&tipoServicio=CM_ConvocaPrestac_FA", "titulo": "Actualizaci\u00f3n de la informaci\u00f3n contenida en Nomecalles y Georreferenciaci\u00f3n de las unidades empresariales 2020 y 2021", "status": "En tramitaci\u00f3n", "tipo-publicacion": "Tabl\u00f3n de anuncios electr\u00f3nico", "objeto-del-contrato": "Actualizaci\u00f3n de la informaci\u00f3n contenida en Nomecalles y\u00a0Georreferenciaci\u00f3n de las unidades empresariales 2020 y 2021.", "compra-publica-innovadora": "No", "numero-de-expediente": "A/SER-009571/2019", "referencia": "3260192", "tipo-de-contrato": "Servicios", "entidad-adjudicadora": "", "codigo-nuts": "ES300", "procedimiento-adjudicacion": "Abierto simplificado", "puntos-de-informacion": "", "defectos-u-omisiones-de-la-documentacion-publicados-el": "(Publicado el 22 octubre 2019 12:33)", "ofertas-anormales-o-desproporcionadas-publicadas-el": "(Publicado el 31 octubre 2019 14:34)"}