{"url": "https://www.madrid.org/cs/Satellite?c=CM_ConvocaPrestac_FA&cid=1354804162466&definicion=Contratos+Publicos&language=es&op2=PCON&pagename=PortalContratacion%2FPage%2FPCON_contratosPublicos&tipoServicio=CM_ConvocaPrestac_FA", "titulo": "18/2019 Servicios de Alquiler, Instalaci\u00f3n y Mantenimiento de una Maquina de Agua en la Oficina de Obras de Madrid. Gesti\u00f3n de Obras e Infraestructuras, S.A.", "status": "En tramitaci\u00f3n", "tipo-publicacion": "Tabl\u00f3n de anuncios electr\u00f3nico", "codigo-cpv": "41110000-3", "numero-de-expediente": "18/2019", "referencia": "3261163", "tipo-de-contrato": "Servicios", "entidad-adjudicadora": "", "codigo-nuts": "ES300", "procedimiento-adjudicacion": "Abierto simplificado", "presupuesto-base-licitacion-(sin-impuestos)": "550 euros", "duracion-del-contrato": "1 A\u00f1os", "defectos-u-omisiones-de-la-documentacion-publicados-el": "(Publicado el 11 noviembre 2019 12:45)"}