{"url": "https://www.madrid.org/cs/Satellite?c=CM_ConvocaPrestac_FA&cid=1354800763068&definicion=Contratos+Publicos&language=es&op2=PCON&pagename=PortalContratacion%2FPage%2FPCON_contratosPublicos&tipoServicio=CM_ConvocaPrestac_FA", "titulo": "Servicios para la detecci\u00f3n de drogas en orina, por laboratorio externo, para los Centros de tratamiento de adicciones de la Comunidad de Madrid.", "status": "En tramitaci\u00f3n", "tipo-publicacion": "Tabl\u00f3n de anuncios electr\u00f3nico", "objeto-del-contrato": "Servicios para la detecci\u00f3n de drogas en orina, por laboratorio externo, para los Centros de tratamiento de adicciones de la Comunidad de Madrid.", "codigo-cpv": "85145000-7", "compra-publica-innovadora": "No", "numero-de-expediente": "PA SER 38/2019", "referencia": "3260365", "tipo-de-contrato": "Servicios", "entidad-adjudicadora": "", "codigo-nuts": "ES300", "procedimiento-adjudicacion": "Abierto", "presupuesto-base-licitacion-(sin-impuestos)": "620.000 euros", "duracion-del-contrato": "24 Meses"}