{"url": "https://www.madrid.org/cs/Satellite?c=CM_ConvocaPrestac_FA&cid=1354852765791&definicion=Contratos+Publicos&language=es&op2=PCON&pagename=PortalContratacion%2FPage%2FPCON_contratosPublicos&tipoServicio=CM_ConvocaPrestac_FA", "titulo": "Servicios de limpieza en diferentes inmuebles de la Consejer\u00eda de Educaci\u00f3n y Juventud adscritos a la D. G. de Educaci\u00f3n Infantil y Primaria ubicados en Av. de Canillejas a Vic\u00e1lvaro, 82 de Madid.", "status": "En tramitaci\u00f3n", "tipo-publicacion": "Tabl\u00f3n de anuncios electr\u00f3nico", "objeto-del-contrato": "Servicios de limpieza en diferentes inmuebles de la Consejer\u00eda de Educaci\u00f3n y Juventud adscritos a la D. G. de Educaci\u00f3n Infantil y Primaria ubicados en Av. de Canillejas a Vic\u00e1lvaro, 82 de Madid.", "codigo-cpv": "90911200-8", "compra-publica-innovadora": "No", "numero-de-expediente": "A/SER-028153/2020 (C-322A/009-20)", "referencia": "3772433", "tipo-de-contrato": "Servicios", "entidad-adjudicadora": "", "codigo-nuts": "ES300", "procedimiento-adjudicacion": "Abierto", "presupuesto-base-licitacion-(sin-impuestos)": "72.426,16 euros", "duracion-del-contrato": "11 Meses", "puntos-de-informacion": "Obtenci\u00f3n de documentaci\u00f3n e informaci\u00f3n:", "defectos-u-omisiones-de-la-documentacion-publicados-el": "(Publicado el 20 noviembre 2020 14:01)"}