{"url": "https://www.madrid.org/cs/Satellite?c=CM_ConvocaPrestac_FA&cid=1354893350578&definicion=Contratos+Publicos&language=es&op2=PCON&pagename=PortalContratacion%2FPage%2FPCON_contratosPublicos&tipoServicio=CM_ConvocaPrestac_FA", "titulo": "Servicio de Vigilancia y Seguridad del Hospital Virgen de la Torre (perteneciente al Hospital Universitario Infanta Leonor)", "status": "Plazo indefinido", "tipo-publicacion": "Tabl\u00f3n de anuncios electr\u00f3nico", "objeto-del-contrato": "Servicio de Vigilancia y Seguridad del Hospital Virgen de la Torre (perteneciente al Hospital Universitario Infanta Leonor)", "numero-de-expediente": "2021-0-018 (A/SER-034095/2021)", "referencia": "4231093", "tipo-de-contrato": "Servicios", "entidad-adjudicadora": "", "codigo-nuts": "ES300", "procedimiento-adjudicacion": "Abierto"}