{"url": "https://www.madrid.org/cs/Satellite?c=CM_ConvocaPrestac_FA&cid=1354892736363&definicion=Contratos+Publicos&language=es&op2=PCON&pagename=PortalContratacion%2FPage%2FPCON_contratosPublicos&tipoServicio=CM_ConvocaPrestac_FA", "titulo": "Acuerdo Marco para los servicios de asistencia t\u00e9cnica y coordinaci\u00f3n de seguridad y salud en obras del Servicio de Superestructura de V\u00eda de Metro de Madrid, S.A.", "status": "En tramitaci\u00f3n", "tipo-publicacion": "Tabl\u00f3n de anuncios electr\u00f3nico", "objeto-del-contrato": "", "codigo-cpv": "71356200-0", "compra-publica-innovadora": "No", "numero-de-expediente": "6012100176", "referencia": "4220899", "tipo-de-contrato": "Servicios", "entidad-adjudicadora": "", "codigo-nuts": "ES300", "procedimiento-adjudicacion": "Abierto", "duracion-del-contrato": "4 A\u00f1os", "puntos-de-informacion": "* Presentaci\u00f3n de ofertas:", "defectos-u-omisiones-de-la-documentacion-publicados-el": "(Publicado el 08 octubre 2021 11:45)"}