{"url": "https://www.madrid.org/cs/Satellite?c=CM_ConvocaPrestac_FA&cid=1354866375963&definicion=Contratos+Publicos&language=es&op2=PCON&pagename=PortalContratacion%2FPage%2FPCON_contratosPublicos&tipoServicio=CM_ConvocaPrestac_FA", "titulo": "Mantenimiento integral de 2 sistemas de simulaci\u00f3n T.C. marca Toshiba (Ahora Canon)", "status": "En tramitaci\u00f3n", "tipo-publicacion": "Tabl\u00f3n de anuncios electr\u00f3nico", "objeto-del-contrato": "Mantenimiento integral de 2 sistemas de simulaci\u00f3n T.C. marca Toshiba (Ahora Canon) en el Hospital Universitario Puerta de Hierro de Majadahonda, Madrid", "codigo-cpv": "50400000-9", "numero-de-expediente": "GCASE 2020-73", "referencia": "3975260", "tipo-de-contrato": "Servicios", "entidad-adjudicadora": "", "codigo-nuts": "ES300", "procedimiento-adjudicacion": "Abierto", "presupuesto-base-licitacion-(sin-impuestos)": "144.000 euros", "duracion-del-contrato": "24 Meses", "puntos-de-informacion": "", "defectos-u-omisiones-de-la-documentacion-publicados-el": "(Publicado el 16 febrero 2021 13:30)"}