{"url": "https://www.madrid.org/cs/Satellite?c=CM_ConvocaPrestac_FA&cid=1354738741980&definicion=Contratos+Publicos&language=es&op2=PCON&pagename=PortalContratacion%2FPage%2FPCON_contratosPublicos&tipoServicio=CM_ConvocaPrestac_FA", "titulo": "Asistencia para el desarrollo del sistema integral de gestion educativa (RA\u00cdCES) en el primer trimestre del curso escolar 2018-2019", "status": "En tramitaci\u00f3n", "tipo-publicacion": "Tabl\u00f3n de anuncios electr\u00f3nico", "objeto-del-contrato": "Asistencia para el desarrollo del sistema integral de gestion educativa (RA\u00cdCES) en el primer trimestre del curso escolar 2018-2019", "codigo-cpv": "72253200-5", "numero-de-expediente": "A/SER-018550/2018 (C-321M/014-18)", "referencia": "2654559", "tipo-de-contrato": "Servicios", "entidad-adjudicadora": "", "codigo-nuts": "ES300", "procedimiento-adjudicacion": "Abierto", "presupuesto-base-licitacion-(sin-impuestos)": "79.129,05 euros", "duracion-del-contrato": "3 Meses", "puntos-de-informacion": "Obtenci\u00f3n de documentaci\u00f3n e informaci\u00f3n:"}