{"url": "https://www.madrid.org/cs/Satellite?c=CM_ConvocaPrestac_FA&cid=1354758903343&definicion=Contratos+Publicos&language=es&op2=PCON&pagename=PortalContratacion%2FPage%2FPCON_contratosPublicos&tipoServicio=CM_ConvocaPrestac_FA", "titulo": "Instalaci\u00f3n y explotaci\u00f3n de m\u00e1quinas de productos s\u00f3lidos alimentarios y bebidas en las sedes administrativas de la Consejer\u00eda de Pol\u00edticas Sociales y Familia.", "status": "En tramitaci\u00f3n", "tipo-publicacion": "Tabl\u00f3n de anuncios electr\u00f3nico", "objeto-del-contrato": "Instalaci\u00f3n y explotaci\u00f3n de quince m\u00e1quinas de productos s\u00f3lidos alimentarios y bebidas en las sedes administrativas de la Consejer\u00eda de Pol\u00edticas Sociales y Familia, para garantizar el acceso de dichos productos a los empleados p\u00fablicos de la Consejer\u00eda.", "numero-de-expediente": "077/2019", "referencia": "2788488", "tipo-de-contrato": "Servicios", "entidad-adjudicadora": "", "codigo-nuts": "ES300", "procedimiento-adjudicacion": "Abierto", "puntos-de-informacion": "* Obtenci\u00f3n de documentaci\u00f3n e informaci\u00f3n:", "defectos-u-omisiones-de-la-documentacion-publicados-el": "(Publicado el 13 mayo 2019 10:03)", "ofertas-anormales-o-desproporcionadas-publicadas-el": "(Publicado el 13 marzo 2019 13:02)"}