{"url": "https://www.madrid.org/cs/Satellite?c=CM_ConvocaPrestac_FA&cid=1354875275002&definicion=Contratos+Publicos&language=es&op2=PCON&pagename=PortalContratacion%2FPage%2FPCON_contratosPublicos&tipoServicio=CM_ConvocaPrestac_FA", "titulo": "Tabl\u00f3n Servicio de recepci\u00f3n, almacenamiento/custodia, expedici\u00f3n y transporte de material sanitario de la Gerencia Asistencial de Atenci\u00f3n Primaria del Servicio Madrile\u00f1o de Salud.\u201d", "status": "En tramitaci\u00f3n", "tipo-publicacion": "Tabl\u00f3n de anuncios electr\u00f3nico", "objeto-del-contrato": "", "codigo-cpv": "63120000-6", "numero-de-expediente": "A/SER-013902/2021", "referencia": "4027748", "tipo-de-contrato": "Servicios", "entidad-adjudicadora": "", "codigo-nuts": "ES300", "procedimiento-adjudicacion": "Abierto simplificado", "presupuesto-base-licitacion-(sin-impuestos)": "57.425 euros", "duracion-del-contrato": "5 Meses", "puntos-de-informacion": ""}