{"url": "https://www.madrid.org/cs/Satellite?c=CM_ConvocaPrestac_FA&cid=1354827296434&definicion=Contratos+Publicos&language=es&op2=PCON&pagename=PortalContratacion%2FPage%2FPCON_contratosPublicos&tipoServicio=CM_ConvocaPrestac_FA", "titulo": "Servicio de mantenimiento y actualizaci\u00f3n tecnol\u00f3gica de la plataforma software/hardware del sistema de direccionamiento de pacientes, instalada en el hospital universitario de Fuenlabrada y en el Centro de Especialidades El Arroyo", "status": "Plazo indefinido", "estado-de-la-licitacion": "Abierto", "tipo-publicacion": "Contratos adjudicados por procedimientos sin publicidad", "objeto-del-contrato": "Servicio de mantenimiento y actualizaci\u00f3n tecnol\u00f3gica de la plataforma software/hardware del sistema de direccionamiento de pacientes, instalada en el hospital universitario de Fuenlabrada y en el centro de especialidades El Arroyo", "codigo-cpv": "72260000-5", "compra-publica-innovadora": "No", "numero-de-expediente": "PNSP S 20-01", "referencia": "3543584", "tipo-de-contrato": "Servicios", "entidad-adjudicadora": "", "codigo-nuts": "ES300", "procedimiento-adjudicacion": "Negociado sin publicidad", "valor-estimado-sin-i.v.a": "75.560 euros", "presupuesto-base-licitacion-(sin-impuestos)": "37.780 euros", "presupuesto-base-licitacion.-importe-total": "45.713,8 euros", "duracion-del-contrato": "24 Meses", "adjudicacion-del-contrato-publicada-el": "17 mayo 2020", "formalizacion-del-contrato-publicada-el": "26 junio 2020"}