{"url": "https://www.madrid.org/cs/Satellite?c=CM_ConvocaPrestac_FA&cid=1354654805472&definicion=Contratos+Publicos&language=es&op2=PCON&pagename=PortalContratacion%2FPage%2FPCON_contratosPublicos&tipoServicio=CM_ConvocaPrestac_FA", "titulo": "Servicio de mantenimiento, soporte t\u00e9cnico y actualizaciones del Sistema de Informaci\u00f3n de Laboratorio (SIL) del Hospital Universitario de La Princesa (Modulab.Gold) de Madrid", "status": "En tramitaci\u00f3n", "tipo-publicacion": "Tabl\u00f3n de anuncios electr\u00f3nico", "objeto-del-contrato": "", "codigo-cpv": "72200000-7", "compra-publica-innovadora": "No", "numero-de-expediente": "PA 4/2017 HUP", "referencia": "1378935", "tipo-de-contrato": "Servicios", "entidad-adjudicadora": "", "codigo-nuts": "ES300", "procedimiento-adjudicacion": "Abierto", "duracion-del-contrato": "12 Meses", "otras-informaciones-publicadas-el": "(Publicado el 02 junio 2017 10:32)"}