{"url": "https://www.madrid.org/cs/Satellite?c=CM_ConvocaPrestac_FA&cid=1354878682545&definicion=Contratos+Publicos&language=es&op2=PCON&pagename=PortalContratacion%2FPage%2FPCON_contratosPublicos&tipoServicio=CM_ConvocaPrestac_FA", "titulo": "Servicio de limpieza Sede Central SUMMA 112", "status": "En tramitaci\u00f3n", "tipo-publicacion": "Tabl\u00f3n de anuncios electr\u00f3nico", "objeto-del-contrato": "Servicio de limpieza del edificio que constituye la Sede Central.", "codigo-cpv": "90910000-9", "compra-publica-innovadora": "No", "numero-de-expediente": "PA/SE/01/21", "referencia": "4070119", "tipo-de-contrato": "Servicios", "entidad-adjudicadora": "", "codigo-nuts": "ES300", "procedimiento-adjudicacion": "Abierto", "presupuesto-base-licitacion-(sin-impuestos)": "482.292 euros", "duracion-del-contrato": "36 Meses", "puntos-de-informacion": "*Obtenci\u00f3n de documentaci\u00f3n e informaci\u00f3n:"}