{"url": "https://www.madrid.org/cs/Satellite?c=CM_ConvocaPrestac_FA&cid=1354788407584&definicion=Contratos+Publicos&language=es&op2=PCON&pagename=PortalContratacion%2FPage%2FPCON_contratosPublicos&tipoServicio=CM_ConvocaPrestac_FA", "titulo": "Servicios de elaboraci\u00f3n proyecto b\u00e1sico y de ejecuci\u00f3n de obras de las instalaciones S\u00ba Urgencias del H.U.La Princesa", "status": "En tramitaci\u00f3n", "tipo-publicacion": "Tabl\u00f3n de anuncios electr\u00f3nico", "objeto-del-contrato": "Servicios para la elaboraci\u00f3n del proyecto b\u00e1sico y de ejecuci\u00f3n, direcci\u00f3n facultativa completa y coordinaci\u00f3n de seguridad y salud en fase de ejecuci\u00f3n de las obras de actualizaci\u00f3n y renovaci\u00f3n de las instalaciones del servicio de urgencias del Hospital Universitario de La Princesa y su equipamiento", "numero-de-expediente": "P.A. 31/2019 HUP", "referencia": "3234612", "tipo-de-contrato": "Servicios", "entidad-adjudicadora": "", "codigo-nuts": "ES300", "procedimiento-adjudicacion": "Abierto", "presupuesto-base-licitacion-(sin-impuestos)": "247.933,88 euros", "duracion-del-contrato": "Meses", "defectos-u-omisiones-de-la-documentacion-publicados-el": "(Publicado el 04 octubre 2019 14:34)", "empresarios-excluidos-publicados-el": "(Publicado el 11 octubre 2019 10:01)"}