{"url": "https://www.madrid.org/cs/Satellite?c=CM_ConvocaPrestac_FA&cid=1354835779765&definicion=Contratos+Publicos&language=es&op2=PCON&pagename=PortalContratacion%2FPage%2FPCON_contratosPublicos&tipoServicio=CM_ConvocaPrestac_FA", "titulo": "Servicio de limpieza del Centro Territorial de Innovaci\u00f3n y Formaci\u00f3n Madrid-Norte y del Centro de Formaci\u00f3n Ambiental Granja-Escuela la Chimenea de Aranjuez, de la Consejer\u00eda de Educaci\u00f3n y Juventud de la Comunidad de Madrid 2020/2022.", "status": "En tramitaci\u00f3n", "tipo-publicacion": "Tabl\u00f3n de anuncios electr\u00f3nico", "objeto-del-contrato": "Servicio de limpieza del Centro Territorial de Innovaci\u00f3n y Formaci\u00f3n Madrid-Norte y del Centro de Formaci\u00f3n Ambiental Granja-Escuela la Chimenea de Aranjuez, de la Consejer\u00eda de Educaci\u00f3n y Juventud de la Comunidad de Madrid 2020/2022.", "codigo-cpv": "90911200-8", "compra-publica-innovadora": "No", "numero-de-expediente": "A/SER-016523/2020 (C-322O-002-20)", "referencia": "3634219", "tipo-de-contrato": "Servicios", "entidad-adjudicadora": "", "codigo-nuts": "ES300", "procedimiento-adjudicacion": "Abierto", "presupuesto-base-licitacion-(sin-impuestos)": "218.964,25 euros", "duracion-del-contrato": "24 Meses", "puntos-de-informacion": "", "defectos-u-omisiones-de-la-documentacion-publicados-el": "(Publicado el 17 agosto 2020 14:30)"}