{"url": "https://www.madrid.org/cs/Satellite?c=CM_ConvocaPrestac_FA&cid=1354892642079&definicion=Contratos+Publicos&language=es&op2=PCON&pagename=PortalContratacion%2FPage%2FPCON_contratosPublicos&tipoServicio=CM_ConvocaPrestac_FA", "titulo": "Realizaci\u00f3n de una encuesta a trabajadores desempleados de la Comunidad de Madrid sobre sus competencias digitales y la utilizaci\u00f3n de las mismas para la b\u00fasqueda de empleo, operaci\u00f3n cofinanciada por el Fondo Social Europeo en el Programa Operativo 2014-2020 de la Comunidad de Madrid", "status": "Plazo indefinido", "tipo-publicacion": "Tabl\u00f3n de anuncios electr\u00f3nico", "objeto-del-contrato": "", "compra-publica-innovadora": "No", "numero-de-expediente": "C-241M/007-21 (A/SER-026141/2021)", "referencia": "4220890", "tipo-de-contrato": "Servicios", "entidad-adjudicadora": "", "codigo-nuts": "ES30", "procedimiento-adjudicacion": "Abierto simplificado", "puntos-de-informacion": "\u00c1rea de Contrataci\u00f3n de la Secretar\u00eda General T\u00e9cnica", "defectos-u-omisiones-de-la-documentacion-publicados-el": "(Publicado el 20 septiembre 2021 15:00)", "empresarios-excluidos-publicados-el": "(Publicado el 20 septiembre 2021 15:00)", "ofertas-anormales-o-desproporcionadas-publicadas-el": "(Publicado el 20 septiembre 2021 15:00)"}