{"url": "https://www.madrid.org/cs/Satellite?c=CM_ConvocaPrestac_FA&cid=1354838793333&definicion=Contratos+Publicos&language=es&op2=PCON&pagename=PortalContratacion%2FPage%2FPCON_contratosPublicos&tipoServicio=CM_ConvocaPrestac_FA", "titulo": "servicios de explotaci\u00f3n y mantenimiento de las estaciones depuradoras de aguas residuales (EDAR) del Tajo y Taju\u00f1a", "status": "Plazo indefinido", "tipo-publicacion": "Tabl\u00f3n de anuncios electr\u00f3nico", "objeto-del-contrato": "servicios de explotaci\u00f3n y mantenimiento de las estaciones depuradoras de aguas residuales (EDAR) del Tajo y Taju\u00f1a", "numero-de-expediente": "161/2019", "referencia": "3680448", "tipo-de-contrato": "Servicios", "entidad-adjudicadora": "", "codigo-nuts": "ES300", "procedimiento-adjudicacion": "Abierto", "defectos-u-omisiones-de-la-documentacion-publicados-el": "(Publicado el 10 diciembre 2020 13:46)", "ofertas-anormales-o-desproporcionadas-publicadas-el": "(Publicado el 16 septiembre 2020 17:54)"}