{"url": "https://www.madrid.org/cs/Satellite?c=CM_ConvocaPrestac_FA&cid=1354887990661&definicion=Contratos+Publicos&language=es&op2=PCON&pagename=PortalContratacion%2FPage%2FPCON_contratosPublicos&tipoServicio=CM_ConvocaPrestac_FA", "titulo": "Seguro de responsabilidad de autoridades y personal al servicio de agencia de vivienda social de la comunidad de madrid", "status": "Plazo indefinido", "tipo-publicacion": "Tabl\u00f3n de anuncios electr\u00f3nico", "objeto-del-contrato": "Seguro de responsabilidad de autoridades y personal al servicio de agencia de vivienda social de la comunidad de madrid", "numero-de-expediente": "P/SER-025651/2021", "referencia": "4166448", "tipo-de-contrato": "Servicios", "entidad-adjudicadora": "", "codigo-nuts": "ES300"}