{"url": "https://www.madrid.org/cs/Satellite?c=CM_ConvocaPrestac_FA&cid=1354884197674&definicion=Contratos+Publicos&language=es&op2=PCON&pagename=PortalContratacion%2FPage%2FPCON_contratosPublicos&tipoServicio=CM_ConvocaPrestac_FA", "titulo": "Servicio asistencial en el Colegio P\u00fablico de Educaci\u00f3n Especial Sor Juana In\u00e9s de la Cruz de Fuenlabrada", "status": "En tramitaci\u00f3n", "tipo-publicacion": "Tabl\u00f3n de anuncios electr\u00f3nico", "objeto-del-contrato": "El presente contrato tiene por objeto la prestaci\u00f3n de un servicio integral de asistencia sanitaria a los alumnos con necesidades educativas especiales, escolarizados en el Centro P\u00fablico de Educaci\u00f3n Especial de la Comunidad de Madrid \u201cSor Juana In\u00e9s de la Cruz\u201d, sito en la calle de Reinosa, n\u00famero 26, de la localidad de Fuenlabrada, en funci\u00f3n de las necesidades asistenciales de los alumnos. Dicho centro est\u00e1 adscrito a la Direcci\u00f3n de \u00c1rea Territorial de Madrid-Sur.", "codigo-cpv": "85140000-2, 85141200-1, 85142100-7", "compra-publica-innovadora": "No", "numero-de-expediente": "A/SER-002420/2021 (C-322A-011-21)", "referencia": "4145466", "tipo-de-contrato": "Servicios", "entidad-adjudicadora": "", "codigo-nuts": "ES300", "procedimiento-adjudicacion": "Abierto", "presupuesto-base-licitacion-(sin-impuestos)": "2.287.816,65 euros", "duracion-del-contrato": "34 Meses", "puntos-de-informacion": "", "defectos-u-omisiones-de-la-documentacion-publicados-el": "(Publicado el 03 septiembre 2021 12:45)"}