{"url": "https://www.madrid.org/cs/Satellite?c=CM_ConvocaPrestac_FA&cid=1354744990264&definicion=Contratos+Publicos&language=es&op2=PCON&pagename=PortalContratacion%2FPage%2FPCON_contratosPublicos&tipoServicio=CM_ConvocaPrestac_FA", "titulo": "Servicios de limpieza en diferentes inmuebles de la Consejer\u00eda de Educaci\u00f3n e Investigaci\u00f3n", "status": "En tramitaci\u00f3n", "tipo-publicacion": "Tabl\u00f3n de anuncios electr\u00f3nico", "objeto-del-contrato": "", "codigo-cpv": "90911200-8", "numero-de-expediente": "A/SER-007618/2018 (C-321M/002-18)", "referencia": "2655635", "tipo-de-contrato": "Servicios", "entidad-adjudicadora": "", "codigo-nuts": "ES300", "procedimiento-adjudicacion": "Abierto", "presupuesto-base-licitacion-(sin-impuestos)": "536.000,6 euros", "duracion-del-contrato": "17 Meses", "fecha-publicacion-de-la-licitacion-en-el-bocm": "12 noviembre 2018", "puntos-de-informacion": "Obtenci\u00f3n de documentaci\u00f3n e informaci\u00f3n:", "defectos-u-omisiones-de-la-documentacion-publicados-el": "(Publicado el 28 noviembre 2018 13:31)"}