{"url": "https://www.madrid.org/cs/Satellite?c=CM_ConvocaPrestac_FA&cid=1354856834084&definicion=Contratos+Publicos&language=es&op2=PCON&pagename=PortalContratacion%2FPage%2FPCON_contratosPublicos&tipoServicio=CM_ConvocaPrestac_FA", "titulo": "Limpieza de diferentes inmuebles de la Consejer\u00eda de Educaci\u00f3n y Juventud de la Comunidad de Madrid, dividido en 14 lotes", "status": "En tramitaci\u00f3n", "tipo-publicacion": "Tabl\u00f3n de anuncios electr\u00f3nico", "objeto-del-contrato": "Limpieza de diferentes inmuebles de la Consejer\u00eda de Educaci\u00f3n y Juventud de la Comunidad de Madrid, dividido en 14 lotes", "codigo-cpv": "90911200-8", "numero-de-expediente": "A/SER-036399/2020 (C-322B/004-20)", "referencia": "3877254", "tipo-de-contrato": "Servicios", "entidad-adjudicadora": "", "codigo-nuts": "ES300", "procedimiento-adjudicacion": "Abierto", "presupuesto-base-licitacion-(sin-impuestos)": "6.665.574,7 euros", "duracion-del-contrato": "11 Meses", "puntos-de-informacion": "- Oficinas de Atenci\u00f3n al Ciudadano www.madrid.org/contratospublicos", "defectos-u-omisiones-de-la-documentacion-publicados-el": "(Publicado el 19 enero 2021 13:45)", "ofertas-anormales-o-desproporcionadas-publicadas-el": "(Publicado el 27 enero 2021 12:30)"}