{"url": "https://www.madrid.org/cs/Satellite?c=CM_ConvocaPrestac_FA&cid=1354868191818&definicion=Contratos+Publicos&language=es&op2=PCON&pagename=PortalContratacion%2FPage%2FPCON_contratosPublicos&tipoServicio=CM_ConvocaPrestac_FA", "titulo": "A/SER-020954/2020 Desarrollos, Evoluci\u00f3n, Implantaci\u00f3n y Soporte en el \u00c1mbito de las Herramientas SPAI y GBIT del Consorcio Regional de Transporte de Madrid", "status": "En tramitaci\u00f3n", "tipo-publicacion": "Tabl\u00f3n de anuncios electr\u00f3nico", "objeto-del-contrato": "", "codigo-cpv": "72200000-7", "compra-publica-innovadora": "No", "numero-de-expediente": "A/SER-020954/2020", "referencia": "4011757", "tipo-de-contrato": "Servicios", "entidad-adjudicadora": "", "codigo-nuts": "ES300", "procedimiento-adjudicacion": "Abierto", "presupuesto-base-licitacion-(sin-impuestos)": "4.350.240 euros", "duracion-del-contrato": "36 Meses"}