{"url": "https://www.madrid.org/cs/Satellite?c=CM_ConvocaPrestac_FA&cid=1354792374640&definicion=Contratos+Publicos&language=es&op2=PCON&pagename=PortalContratacion%2FPage%2FPCON_contratosPublicos&tipoServicio=CM_ConvocaPrestac_FA", "titulo": "Servicio de Mantenimiento Integral de Equipos de Electromedicina en el Hospital Universitario Puerta de Hierro Majadahonda", "status": "En tramitaci\u00f3n", "tipo-publicacion": "Tabl\u00f3n de anuncios electr\u00f3nico", "objeto-del-contrato": "Servicio de Mantenimiento Integral de Equipos de Electromedicina en el Hospital Universitario Puerta de Hierro Majadahonda", "codigo-cpv": "50400000-9", "numero-de-expediente": "GCASE 2019-8", "referencia": "3258808", "tipo-de-contrato": "Servicios", "entidad-adjudicadora": "", "codigo-nuts": "ES300", "procedimiento-adjudicacion": "Abierto", "presupuesto-base-licitacion-(sin-impuestos)": "2.314.050 euros", "duracion-del-contrato": "24 Meses", "puntos-de-informacion": "Direcci\u00f3n: HOSPITAL UNIVERSITARIO PUERTA DE HIERRO DE MAJADAHONDA. SERVICIO DE CONTRATACI\u00d3N ADMINISTRATIVA. C/ Joaqu\u00edn Rodrigo, 2. Majadahonda, 28222.", "defectos-u-omisiones-de-la-documentacion-publicados-el": "(Publicado el 09 septiembre 2019 09:01)", "empresarios-excluidos-publicados-el": "(Publicado el 04 octubre 2019 09:45)"}