{"url": "https://www.madrid.org/cs/Satellite?c=CM_ConvocaPrestac_FA&cid=1354815108342&definicion=Contratos+Publicos&language=es&op2=PCON&pagename=PortalContratacion%2FPage%2FPCON_contratosPublicos&tipoServicio=CM_ConvocaPrestac_FA", "titulo": "Recogida, entrega, montaje, desmontaje y devoluci\u00f3n de urnas y cabinas para la celebraci\u00f3n de la votaci\u00f3n del proceso de elecciones a \u00f3rganos de representaci\u00f3n unitaria en el \u00e1mbito de la Administraci\u00f3n de la Comunidad de Madrid previsto para el 25 de marzo de 2020.", "status": "En tramitaci\u00f3n", "tipo-publicacion": "Tabl\u00f3n de anuncios electr\u00f3nico", "objeto-del-contrato": "Recogida, entrega, montaje, desmontaje y devoluci\u00f3n de urnas y cabinas para la celebraci\u00f3n de la votaci\u00f3n del proceso de elecciones a \u00f3rganos de representaci\u00f3n unitaria en el \u00e1mbito de la Administraci\u00f3n de la Comunidad de Madrid previsto para el 25 de marzo de 2020.", "numero-de-expediente": "Proceso elecciones 25 marzo 2020", "referencia": "3412225", "tipo-de-contrato": "Servicios", "entidad-adjudicadora": "", "codigo-nuts": "ES300", "procedimiento-adjudicacion": "Abierto simplificado", "puntos-de-informacion": "", "ofertas-anormales-o-desproporcionadas-publicadas-el": "(Publicado el 05 febrero 2020 16:01)"}