{"url": "https://www.madrid.org/cs/Satellite?c=CM_ConvocaPrestac_FA&cid=1354890105364&definicion=Contratos+Publicos&language=es&op2=PCON&pagename=PortalContratacion%2FPage%2FPCON_contratosPublicos&tipoServicio=CM_ConvocaPrestac_FA", "titulo": "Contrataci\u00f3n de soluciones de gesti\u00f3n de la trazabilidad de los medicamentos del Hospital Universitario La Paz - Hospital Cantoblanco - Hospital Carlos III - en el entorno de un hospital digital", "status": "En tramitaci\u00f3n", "tipo-publicacion": "Tabl\u00f3n de anuncios electr\u00f3nico", "objeto-del-contrato": "Contrataci\u00f3n de soluciones de gesti\u00f3n de la trazabilidad de los medicamentos del Hospital Universitario La Paz - Hospital Cantoblanco - Hospital Carlos III - en el entorno de un hospital digital", "codigo-cpv": "72514000-1", "compra-publica-innovadora": "No", "numero-de-expediente": "PDC 1/2021", "referencia": "4172757", "tipo-de-contrato": "Servicios", "entidad-adjudicadora": "", "codigo-nuts": "ES300", "procedimiento-adjudicacion": "Di\u00e1logo competitivo", "presupuesto-base-licitacion-(sin-impuestos)": "2.400.000 euros", "duracion-del-contrato": "4 A\u00f1os"}